fecha,hora,dia_semana,ubicacion,temperatura,humedad,velocidad_viento,latitud,longitud,pm_10,pm_2_5,no2,o3,origen_lat,origen_lon,destino_lat,destino_lon,duracion_normal_seg,duracion_trafico_seg,congestion_ratio,congestion_ajustada,nivel_congestion
2026-05-16 00:00:00,0,5,San Jose Centro,22.2,73,8.6,9.9331,-84.0792,13.6,12.0,20.7,29.0,9.9358,-84.0558,9.9567,-84.1132,824.0,967.0,1.1735436893203883,1.1735436893203883,Leve
2026-05-16 01:00:00,1,5,San Jose Centro,20.9,79,9.6,9.9331,-84.0792,12.5,11.0,19.4,26.0,9.9358,-84.0558,9.9567,-84.1132,824.0,817.0,0.991504854368932,1.0,Fluido
2026-05-16 02:00:00,2,5,San Jose Centro,20.2,81,10.5,9.9331,-84.0792,12.5,10.9,17.6,23.0,9.9358,-84.0558,9.9567,-84.1132,824.0,803.0,0.9745145631067961,1.0,Fluido
2026-05-16 03:00:00,3,5,San Jose Centro,20.0,79,11.0,9.9331,-84.0792,13.1,11.5,16.0,20.0,9.9358,-84.0558,9.9567,-84.1132,824.0,797.0,0.9672330097087378,1.0,Fluido
2026-05-16 04:00:00,4,5,San Jose Centro,19.7,77,11.6,9.9331,-84.0792,13.5,11.8,15.0,19.0,9.9358,-84.0558,9.9567,-84.1132,824.0,765.0,0.9283980582524272,1.0,Fluido
2026-05-16 05:00:00,5,5,San Jose Centro,19.6,76,11.4,9.9331,-84.0792,13.0,11.5,14.3,19.0,9.9358,-84.0558,9.9567,-84.1132,824.0,737.0,0.8944174757281553,1.0,Fluido
2026-05-16 06:00:00,6,5,San Jose Centro,19.5,75,11.0,9.9331,-84.0792,12.0,10.5,13.3,19.0,9.9358,-84.0558,9.9567,-84.1132,824.0,713.0,0.8652912621359223,1.0,Fluido
2026-05-16 07:00:00,7,5,San Jose Centro,19.4,77,11.7,9.9331,-84.0792,10.9,9.5,11.5,21.0,9.9358,-84.0558,9.9567,-84.1132,824.0,685.0,0.8313106796116505,1.0,Fluido
2026-05-16 08:00:00,8,5,San Jose Centro,19.8,75,11.2,9.9331,-84.0792,9.6,8.4,9.5,23.0,9.9358,-84.0558,9.9567,-84.1132,824.0,662.0,0.8033980582524272,1.0,Fluido
2026-05-16 09:00:00,9,5,San Jose Centro,20.2,75,10.4,9.9331,-84.0792,8.6,7.4,8.1,25.0,9.9358,-84.0558,9.9567,-84.1132,824.0,637.0,0.7730582524271845,1.0,Fluido
2026-05-16 10:00:00,10,5,San Jose Centro,20.3,76,10.1,9.9331,-84.0792,7.8,6.7,8.0,24.0,9.9358,-84.0558,9.9567,-84.1132,824.0,657.0,0.7973300970873787,1.0,Fluido
2026-05-16 11:00:00,11,5,San Jose Centro,20.4,79,10.6,9.9331,-84.0792,5.0,4.5,8.6,22.0,9.9358,-84.0558,9.9567,-84.1132,824.0,702.0,0.8519417475728155,1.0,Fluido
2026-05-16 12:00:00,12,5,San Jose Centro,20.9,76,8.7,9.9331,-84.0792,10.7,9.2,9.9,23.0,9.9358,-84.0558,9.9567,-84.1132,824.0,733.0,0.8895631067961165,1.0,Fluido
2026-05-16 13:00:00,13,5,San Jose Centro,22.5,71,10.7,9.9331,-84.0792,9.7,8.5,7.8,37.0,9.9358,-84.0558,9.9567,-84.1132,824.0,724.0,0.8786407766990292,1.0,Fluido
2026-05-16 14:00:00,14,5,San Jose Centro,24.3,65,11.7,9.9331,-84.0792,8.2,7.2,4.9,55.0,9.9358,-84.0558,9.9567,-84.1132,824.0,765.0,0.9283980582524272,1.0,Fluido
2026-05-16 15:00:00,15,5,San Jose Centro,24.8,63,10.0,9.9331,-84.0792,6.1,5.2,2.9,69.0,9.9358,-84.0558,9.9567,-84.1132,824.0,833.0,1.0109223300970873,1.0109223300970873,Leve
2026-05-16 16:00:00,16,5,San Jose Centro,24.6,67,11.8,9.9331,-84.0792,6.6,5.5,2.6,73.0,9.9358,-84.0558,9.9567,-84.1132,824.0,848.0,1.029126213592233,1.029126213592233,Leve
2026-05-16 17:00:00,17,5,San Jose Centro,24.2,70,9.4,9.9331,-84.0792,7.5,6.4,3.3,71.0,9.9358,-84.0558,9.9567,-84.1132,824.0,867.0,1.0521844660194175,1.0521844660194175,Leve
2026-05-16 18:00:00,18,5,San Jose Centro,26.1,59,7.2,9.9331,-84.0792,7.8,6.8,4.1,68.0,9.9358,-84.0558,9.9567,-84.1132,824.0,1030.0,1.25,1.25,Leve
2026-05-16 19:00:00,19,5,San Jose Centro,26.9,57,6.6,9.9331,-84.0792,7.4,6.4,4.8,64.0,9.9358,-84.0558,9.9567,-84.1132,824.0,1024.0,1.2427184466019416,1.2427184466019416,Leve
2026-05-16 20:00:00,20,5,San Jose Centro,26.3,60,6.9,9.9331,-84.0792,7.8,6.9,5.7,59.0,9.9358,-84.0558,9.9567,-84.1132,824.0,1063.0,1.2900485436893203,1.2900485436893203,Leve
2026-05-16 21:00:00,21,5,San Jose Centro,25.2,64,5.0,9.9331,-84.0792,8.1,7.2,7.1,53.0,9.9358,-84.0558,9.9567,-84.1132,824.0,943.0,1.1444174757281553,1.1444174757281553,Leve
2026-05-16 22:00:00,22,5,San Jose Centro,24.4,67,3.6,9.9331,-84.0792,6.1,5.6,9.8,47.0,9.9358,-84.0558,9.9567,-84.1132,824.0,822.0,0.9975728155339806,1.0,Fluido
2026-05-16 23:00:00,23,5,San Jose Centro,23.7,71,4.6,9.9331,-84.0792,8.2,7.3,13.1,40.0,9.9358,-84.0558,9.9567,-84.1132,824.0,833.0,1.0109223300970873,1.0109223300970873,Leve
2026-05-17 00:00:00,0,6,San Jose Centro,23.0,74,6.4,9.9331,-84.0792,6.7,6.2,13.3,36.0,9.9358,-84.0558,9.9567,-84.1132,824.0,848.0,1.029126213592233,1.029126213592233,Leve
2026-05-17 01:00:00,1,6,San Jose Centro,22.4,75,7.1,9.9331,-84.0792,7.3,6.4,12.7,34.0,9.9358,-84.0558,9.9567,-84.1132,824.0,793.0,0.962378640776699,1.0,Fluido
2026-05-17 02:00:00,2,6,San Jose Centro,21.5,79,9.4,9.9331,-84.0792,7.4,6.6,11.8,31.0,9.9358,-84.0558,9.9567,-84.1132,824.0,775.0,0.9405339805825242,1.0,Fluido
2026-05-17 03:00:00,3,6,San Jose Centro,20.9,82,8.6,9.9331,-84.0792,8.1,7.1,11.0,28.0,9.9358,-84.0558,9.9567,-84.1132,824.0,783.0,0.9502427184466019,1.0,Fluido
2026-05-17 04:00:00,4,6,San Jose Centro,21.1,80,7.6,9.9331,-84.0792,8.6,7.5,10.4,26.0,9.9358,-84.0558,9.9567,-84.1132,824.0,759.0,0.9211165048543689,1.0,Fluido
2026-05-17 05:00:00,5,6,San Jose Centro,20.9,79,9.4,9.9331,-84.0792,8.8,7.6,9.8,25.0,9.9358,-84.0558,9.9567,-84.1132,824.0,744.0,0.9029126213592233,1.0,Fluido
2026-05-17 06:00:00,6,6,San Jose Centro,20.4,78,8.1,9.9331,-84.0792,9.1,7.6,9.1,25.0,9.9358,-84.0558,9.9567,-84.1132,824.0,704.0,0.8543689320388349,1.0,Fluido
2026-05-17 07:00:00,7,6,San Jose Centro,20.2,78,8.5,9.9331,-84.0792,9.3,7.5,8.2,26.0,9.9358,-84.0558,9.9567,-84.1132,824.0,676.0,0.8203883495145631,1.0,Fluido
2026-05-17 08:00:00,8,6,San Jose Centro,19.9,80,8.2,9.9331,-84.0792,9.6,7.7,7.2,27.0,9.9358,-84.0558,9.9567,-84.1132,824.0,663.0,0.8046116504854369,1.0,Fluido
2026-05-17 09:00:00,9,6,San Jose Centro,20.4,78,8.3,9.9331,-84.0792,9.7,7.7,6.6,27.0,9.9358,-84.0558,9.9567,-84.1132,824.0,635.0,0.7706310679611651,1.0,Fluido
2026-05-17 10:00:00,10,6,San Jose Centro,20.4,78,7.9,9.9331,-84.0792,9.8,7.8,6.9,24.0,9.9358,-84.0558,9.9567,-84.1132,824.0,644.0,0.7815533980582524,1.0,Fluido
2026-05-17 11:00:00,11,6,San Jose Centro,20.5,78,7.1,9.9331,-84.0792,10.3,8.1,7.6,21.0,9.9358,-84.0558,9.9567,-84.1132,824.0,672.0,0.8155339805825242,1.0,Fluido
2026-05-17 12:00:00,12,6,San Jose Centro,21.3,77,9.1,9.9331,-84.0792,12.3,9.8,6.5,31.0,9.9358,-84.0558,9.9567,-84.1132,824.0,708.0,0.8592233009708737,1.0,Fluido
2026-05-17 13:00:00,13,6,San Jose Centro,22.3,72,10.1,9.9331,-84.0792,12.6,9.9,5.1,40.0,9.9358,-84.0558,9.9567,-84.1132,824.0,690.0,0.837378640776699,1.0,Fluido
2026-05-17 14:00:00,14,6,San Jose Centro,23.7,67,9.2,9.9331,-84.0792,9.6,7.5,3.2,53.0,9.9358,-84.0558,9.9567,-84.1132,824.0,711.0,0.8628640776699029,1.0,Fluido
2026-05-17 15:00:00,15,6,San Jose Centro,25.1,62,9.9,9.9331,-84.0792,6.6,4.8,1.8,63.0,9.9358,-84.0558,9.9567,-84.1132,824.0,714.0,0.866504854368932,1.0,Fluido
2026-05-17 16:00:00,16,6,San Jose Centro,27.1,55,9.6,9.9331,-84.0792,5.6,4.2,1.2,68.0,9.9358,-84.0558,9.9567,-84.1132,824.0,722.0,0.8762135922330098,1.0,Fluido
2026-05-17 17:00:00,17,6,San Jose Centro,27.5,53,9.5,9.9331,-84.0792,5.8,4.4,1.1,69.0,9.9358,-84.0558,9.9567,-84.1132,824.0,737.0,0.8944174757281553,1.0,Fluido
2026-05-17 18:00:00,18,6,San Jose Centro,27.7,51,9.1,9.9331,-84.0792,6.8,5.1,1.1,69.0,9.9358,-84.0558,9.9567,-84.1132,824.0,763.0,0.9259708737864077,1.0,Fluido
2026-05-17 19:00:00,19,6,San Jose Centro,26.3,61,8.2,9.9331,-84.0792,8.0,5.8,1.0,67.0,9.9358,-84.0558,9.9567,-84.1132,824.0,786.0,0.9538834951456311,1.0,Fluido
2026-05-17 20:00:00,20,6,San Jose Centro,25.5,63,5.7,9.9331,-84.0792,9.2,6.5,1.0,64.0,9.9358,-84.0558,9.9567,-84.1132,824.0,771.0,0.9356796116504854,1.0,Fluido
2026-05-17 21:00:00,21,6,San Jose Centro,25.1,64,3.5,9.9331,-84.0792,9.7,6.8,1.6,59.0,9.9358,-84.0558,9.9567,-84.1132,824.0,764.0,0.9271844660194175,1.0,Fluido
2026-05-17 22:00:00,22,6,San Jose Centro,24.3,66,3.9,9.9331,-84.0792,10.4,7.3,3.3,52.0,9.9358,-84.0558,9.9567,-84.1132,824.0,743.0,0.9016990291262136,1.0,Fluido
2026-05-17 23:00:00,23,6,San Jose Centro,23.9,66,5.0,9.9331,-84.0792,11.1,8.1,5.6,45.0,9.9358,-84.0558,9.9567,-84.1132,824.0,770.0,0.9344660194174758,1.0,Fluido
2026-05-18 00:00:00,0,0,San Jose Centro,23.7,66,4.7,9.9331,-84.0792,17.2,12.9,8.3,36.0,9.9358,-84.0558,9.9567,-84.1132,824.0,814.0,0.9878640776699029,1.0,Fluido
2026-05-18 01:00:00,1,0,San Jose Centro,22.9,69,6.6,9.9331,-84.0792,18.1,14.1,10.8,31.0,9.9358,-84.0558,9.9567,-84.1132,824.0,792.0,0.9611650485436893,1.0,Fluido
2026-05-18 02:00:00,2,0,San Jose Centro,22.0,73,10.3,9.9331,-84.0792,17.0,13.5,14.1,23.0,9.9358,-84.0558,9.9567,-84.1132,824.0,763.0,0.9259708737864077,1.0,Fluido
2026-05-18 03:00:00,3,0,San Jose Centro,21.4,74,10.5,9.9331,-84.0792,16.4,13.1,15.8,19.0,9.9358,-84.0558,9.9567,-84.1132,824.0,770.0,0.9344660194174758,1.0,Fluido
2026-05-18 04:00:00,4,0,San Jose Centro,20.6,76,10.4,9.9331,-84.0792,17.0,13.4,14.2,21.0,9.9358,-84.0558,9.9567,-84.1132,824.0,733.0,0.8895631067961165,1.0,Fluido
2026-05-18 05:00:00,5,0,San Jose Centro,20.4,73,10.1,9.9331,-84.0792,17.9,13.6,11.0,27.0,9.9358,-84.0558,9.9567,-84.1132,824.0,695.0,0.8434466019417476,1.0,Fluido
2026-05-18 06:00:00,6,0,San Jose Centro,19.5,70,11.0,9.9331,-84.0792,18.3,13.1,8.6,30.0,9.9358,-84.0558,9.9567,-84.1132,824.0,675.0,0.8191747572815534,1.0,Fluido
2026-05-18 07:00:00,7,0,San Jose Centro,19.2,68,10.8,9.9331,-84.0792,17.1,12.6,7.8,29.0,9.9358,-84.0558,9.9567,-84.1132,824.0,660.0,0.8009708737864077,1.0,Fluido
2026-05-18 08:00:00,8,0,San Jose Centro,18.8,70,11.0,9.9331,-84.0792,17.3,12.7,7.7,27.0,9.9358,-84.0558,9.9567,-84.1132,824.0,637.0,0.7730582524271845,1.0,Fluido
2026-05-18 09:00:00,9,0,San Jose Centro,18.5,71,10.6,9.9331,-84.0792,16.6,12.5,8.1,24.0,9.9358,-84.0558,9.9567,-84.1132,824.0,649.0,0.787621359223301,1.0,Fluido
2026-05-18 10:00:00,10,0,San Jose Centro,18.4,71,10.5,9.9331,-84.0792,15.6,12.2,9.4,20.0,9.9358,-84.0558,9.9567,-84.1132,824.0,684.0,0.8300970873786407,1.0,Fluido
2026-05-18 11:00:00,11,0,San Jose Centro,18.1,72,10.3,9.9331,-84.0792,15.5,12.3,11.2,16.0,9.9358,-84.0558,9.9567,-84.1132,824.0,760.0,0.9223300970873787,1.0,Fluido
2026-05-18 12:00:00,12,0,San Jose Centro,19.4,71,11.6,9.9331,-84.0792,15.3,12.2,9.8,21.0,9.9358,-84.0558,9.9567,-84.1132,824.0,1133.0,1.375,1.375,Moderado
2026-05-18 13:00:00,13,0,San Jose Centro,21.9,62,11.2,9.9331,-84.0792,15.9,12.9,7.8,34.0,9.9358,-84.0558,9.9567,-84.1132,824.0,1230.0,1.4927184466019416,1.4927184466019416,Moderado
2026-05-18 14:00:00,14,0,San Jose Centro,24.1,60,11.7,9.9331,-84.0792,13.5,10.0,5.0,52.0,9.9358,-84.0558,9.9567,-84.1132,824.0,1106.0,1.3422330097087378,1.3422330097087378,Moderado
2026-05-18 15:00:00,15,0,San Jose Centro,26.4,53,11.7,9.9331,-84.0792,14.5,10.4,2.9,67.0,9.9358,-84.0558,9.9567,-84.1132,824.0,1030.0,1.25,1.25,Leve
2026-05-18 16:00:00,16,0,San Jose Centro,27.2,51,11.8,9.9331,-84.0792,15.3,11.0,1.9,75.0,9.9358,-84.0558,9.9567,-84.1132,824.0,936.0,1.1359223300970873,1.1359223300970873,Leve
2026-05-18 17:00:00,17,0,San Jose Centro,27.2,52,12.2,9.9331,-84.0792,16.1,11.6,1.6,79.0,9.9358,-84.0558,9.9567,-84.1132,824.0,913.0,1.108009708737864,1.108009708737864,Leve
2026-05-18 18:00:00,18,0,San Jose Centro,28.0,48,10.6,9.9331,-84.0792,15.8,11.6,1.6,81.0,9.9358,-84.0558,9.9567,-84.1132,824.0,896.0,1.087378640776699,1.087378640776699,Leve
2026-05-18 19:00:00,19,0,San Jose Centro,27.1,55,9.3,9.9331,-84.0792,14.8,11.0,1.5,82.0,9.9358,-84.0558,9.9567,-84.1132,824.0,889.0,1.078883495145631,1.078883495145631,Leve
2026-05-18 20:00:00,20,0,San Jose Centro,26.5,56,7.1,9.9331,-84.0792,13.7,10.5,1.7,80.0,9.9358,-84.0558,9.9567,-84.1132,824.0,868.0,1.0533980582524272,1.0533980582524272,Leve
2026-05-18 21:00:00,21,0,San Jose Centro,25.9,60,3.4,9.9331,-84.0792,13.1,10.2,3.1,75.0,9.9358,-84.0558,9.9567,-84.1132,824.0,888.0,1.0776699029126213,1.0776699029126213,Leve
2026-05-18 22:00:00,22,0,San Jose Centro,24.9,62,3.9,9.9331,-84.0792,12.7,10.3,6.7,65.0,9.9358,-84.0558,9.9567,-84.1132,824.0,916.0,1.1116504854368932,1.1116504854368932,Leve
2026-05-18 23:00:00,23,0,San Jose Centro,24.3,64,7.7,9.9331,-84.0792,11.8,9.9,11.4,51.0,9.9358,-84.0558,9.9567,-84.1132,824.0,1042.0,1.2645631067961165,1.2645631067961165,Leve
2026-05-19 00:00:00,0,1,San Jose Centro,23.7,68,7.6,9.9331,-84.0792,13.5,11.0,13.0,39.0,9.9358,-84.0558,9.9567,-84.1132,824.0,923.0,1.1201456310679612,1.1201456310679612,Leve
2026-05-19 01:00:00,1,1,San Jose Centro,22.2,74,9.4,9.9331,-84.0792,12.4,10.6,13.5,35.0,9.9358,-84.0558,9.9567,-84.1132,824.0,792.0,0.9611650485436893,1.0,Fluido
2026-05-19 02:00:00,2,1,San Jose Centro,21.4,77,10.3,9.9331,-84.0792,12.3,10.5,14.2,29.0,9.9358,-84.0558,9.9567,-84.1132,824.0,768.0,0.9320388349514563,1.0,Fluido
2026-05-19 03:00:00,3,1,San Jose Centro,21.0,77,10.8,9.9331,-84.0792,11.8,9.7,14.1,26.0,9.9358,-84.0558,9.9567,-84.1132,824.0,771.0,0.9356796116504854,1.0,Fluido
2026-05-19 04:00:00,4,1,San Jose Centro,21.1,76,11.1,9.9331,-84.0792,11.6,9.1,12.5,28.0,9.9358,-84.0558,9.9567,-84.1132,824.0,732.0,0.8883495145631068,1.0,Fluido
2026-05-19 05:00:00,5,1,San Jose Centro,21.0,76,9.9,9.9331,-84.0792,11.7,9.1,10.2,32.0,9.9358,-84.0558,9.9567,-84.1132,824.0,690.0,0.837378640776699,1.0,Fluido
2026-05-19 06:00:00,6,1,San Jose Centro,20.7,76,8.7,9.9331,-84.0792,12.5,9.3,8.4,35.0,9.9358,-84.0558,9.9567,-84.1132,824.0,668.0,0.8106796116504854,1.0,Fluido
2026-05-19 07:00:00,7,1,San Jose Centro,20.6,76,8.8,9.9331,-84.0792,12.5,9.4,7.6,34.0,9.9358,-84.0558,9.9567,-84.1132,824.0,632.0,0.7669902912621359,1.0,Fluido
2026-05-19 08:00:00,8,1,San Jose Centro,20.3,77,8.6,9.9331,-84.0792,12.4,9.5,7.4,31.0,9.9358,-84.0558,9.9567,-84.1132,824.0,656.0,0.7961165048543689,1.0,Fluido
2026-05-19 09:00:00,9,1,San Jose Centro,20.4,77,8.5,9.9331,-84.0792,12.6,9.6,7.6,29.0,9.9358,-84.0558,9.9567,-84.1132,824.0,652.0,0.7912621359223301,1.0,Fluido
2026-05-19 10:00:00,10,1,San Jose Centro,20.6,78,8.7,9.9331,-84.0792,12.4,9.6,8.8,26.0,9.9358,-84.0558,9.9567,-84.1132,824.0,662.0,0.8033980582524272,1.0,Fluido
2026-05-19 11:00:00,11,1,San Jose Centro,20.7,77,9.4,9.9331,-84.0792,12.5,9.8,10.4,23.0,9.9358,-84.0558,9.9567,-84.1132,824.0,738.0,0.8956310679611651,1.0,Fluido
2026-05-19 12:00:00,12,1,San Jose Centro,20.8,78,9.3,9.9331,-84.0792,9.0,7.3,9.0,30.0,9.9358,-84.0558,9.9567,-84.1132,824.0,1117.0,1.3555825242718447,1.3555825242718447,Moderado
2026-05-19 13:00:00,13,1,San Jose Centro,22.0,72,11.4,9.9331,-84.0792,8.1,6.9,7.5,41.0,9.9358,-84.0558,9.9567,-84.1132,824.0,1379.0,1.6735436893203883,1.6735436893203883,Moderado
2026-05-19 14:00:00,14,1,San Jose Centro,24.1,64,11.4,9.9331,-84.0792,8.1,7.0,5.5,57.0,9.9358,-84.0558,9.9567,-84.1132,824.0,1285.0,1.5594660194174756,1.5594660194174756,Moderado
2026-05-19 15:00:00,15,1,San Jose Centro,26.2,57,10.9,9.9331,-84.0792,6.5,5.3,3.8,70.0,9.9358,-84.0558,9.9567,-84.1132,824.0,1182.0,1.4344660194174756,1.4344660194174756,Moderado
2026-05-19 16:00:00,16,1,San Jose Centro,27.5,53,7.7,9.9331,-84.0792,5.0,3.8,2.7,77.0,9.9358,-84.0558,9.9567,-84.1132,824.0,1161.0,1.4089805825242718,1.4089805825242718,Moderado
2026-05-19 17:00:00,17,1,San Jose Centro,28.5,51,8.9,9.9331,-84.0792,5.0,3.8,2.0,81.0,9.9358,-84.0558,9.9567,-84.1132,824.0,985.0,1.1953883495145632,1.1953883495145632,Leve
2026-05-19 18:00:00,18,1,San Jose Centro,28.9,46,9.8,9.9331,-84.0792,5.9,4.6,1.9,82.0,9.9358,-84.0558,9.9567,-84.1132,824.0,969.0,1.1759708737864079,1.1759708737864079,Leve
2026-05-19 19:00:00,19,1,San Jose Centro,27.4,53,9.0,9.9331,-84.0792,6.7,5.1,2.2,79.0,9.9358,-84.0558,9.9567,-84.1132,824.0,918.0,1.1140776699029127,1.1140776699029127,Leve
2026-05-19 20:00:00,20,1,San Jose Centro,26.6,57,6.8,9.9331,-84.0792,6.6,5.0,3.1,72.0,9.9358,-84.0558,9.9567,-84.1132,824.0,922.0,1.1189320388349515,1.1189320388349515,Leve
2026-05-19 21:00:00,21,1,San Jose Centro,25.3,62,4.8,9.9331,-84.0792,7.4,5.9,5.2,64.0,9.9358,-84.0558,9.9567,-84.1132,824.0,929.0,1.1274271844660195,1.1274271844660195,Leve
2026-05-19 22:00:00,22,1,San Jose Centro,25.1,62,2.2,9.9331,-84.0792,7.9,6.2,9.7,53.0,9.9358,-84.0558,9.9567,-84.1132,824.0,1045.0,1.2682038834951457,1.2682038834951457,Leve
2026-05-19 23:00:00,23,1,San Jose Centro,24.0,70,7.6,9.9331,-84.0792,10.6,9.1,15.4,41.0,9.9358,-84.0558,9.9567,-84.1132,824.0,1221.0,1.4817961165048543,1.4817961165048543,Moderado
2026-05-20 00:00:00,0,2,San Jose Centro,23.8,72,7.6,9.9331,-84.0792,14.1,11.5,16.0,35.0,9.9358,-84.0558,9.9567,-84.1132,824.0,978.0,1.1868932038834952,1.1868932038834952,Leve
2026-05-20 01:00:00,1,2,San Jose Centro,22.8,76,9.7,9.9331,-84.0792,12.3,9.7,15.2,33.0,9.9358,-84.0558,9.9567,-84.1132,824.0,806.0,0.9781553398058253,1.0,Fluido
2026-05-20 02:00:00,2,2,San Jose Centro,22.1,77,9.5,9.9331,-84.0792,12.9,10.8,14.1,30.0,9.9358,-84.0558,9.9567,-84.1132,824.0,766.0,0.9296116504854369,1.0,Fluido
2026-05-20 03:00:00,3,2,San Jose Centro,21.8,77,10.1,9.9331,-84.0792,10.9,8.6,12.7,29.0,9.9358,-84.0558,9.9567,-84.1132,824.0,785.0,0.9526699029126213,1.0,Fluido
2026-05-20 04:00:00,4,2,San Jose Centro,21.5,77,10.7,9.9331,-84.0792,10.3,8.1,10.7,31.0,9.9358,-84.0558,9.9567,-84.1132,824.0,749.0,0.9089805825242718,1.0,Fluido
2026-05-20 05:00:00,5,2,San Jose Centro,21.3,78,11.8,9.9331,-84.0792,9.2,6.8,8.5,35.0,9.9358,-84.0558,9.9567,-84.1132,824.0,711.0,0.8628640776699029,1.0,Fluido
2026-05-20 06:00:00,6,2,San Jose Centro,21.0,77,10.1,9.9331,-84.0792,7.7,5.6,6.7,38.0,9.9358,-84.0558,9.9567,-84.1132,824.0,684.0,0.8300970873786407,1.0,Fluido
2026-05-20 07:00:00,7,2,San Jose Centro,20.9,77,10.3,9.9331,-84.0792,6.5,4.7,5.7,38.0,9.9358,-84.0558,9.9567,-84.1132,824.0,643.0,0.7803398058252428,1.0,Fluido
2026-05-20 08:00:00,8,2,San Jose Centro,20.9,78,10.5,9.9331,-84.0792,4.6,3.5,5.1,37.0,9.9358,-84.0558,9.9567,-84.1132,824.0,638.0,0.7742718446601942,1.0,Fluido
2026-05-20 09:00:00,9,2,San Jose Centro,20.7,80,9.6,9.9331,-84.0792,2.7,2.1,5.1,36.0,9.9358,-84.0558,9.9567,-84.1132,824.0,631.0,0.7657766990291263,1.0,Fluido
2026-05-20 10:00:00,10,2,San Jose Centro,20.9,80,9.6,9.9331,-84.0792,1.4,1.2,6.0,34.0,9.9358,-84.0558,9.9567,-84.1132,824.0,660.0,0.8009708737864077,1.0,Fluido
2026-05-20 11:00:00,11,2,San Jose Centro,21.0,79,11.5,9.9331,-84.0792,1.1,1.0,7.5,32.0,9.9358,-84.0558,9.9567,-84.1132,824.0,737.0,0.8944174757281553,1.0,Fluido
2026-05-20 12:00:00,12,2,San Jose Centro,21.4,78,11.1,9.9331,-84.0792,1.6,1.5,9.1,28.0,9.9358,-84.0558,9.9567,-84.1132,824.0,1132.0,1.3737864077669903,1.3737864077669903,Moderado
2026-05-20 13:00:00,13,2,San Jose Centro,22.0,75,11.5,9.9331,-84.0792,2.9,2.8,8.2,35.0,9.9358,-84.0558,9.9567,-84.1132,824.0,1320.0,1.6019417475728155,1.6019417475728155,Moderado
2026-05-20 14:00:00,14,2,San Jose Centro,23.2,73,11.7,9.9331,-84.0792,2.2,1.9,6.9,46.0,9.9358,-84.0558,9.9567,-84.1132,824.0,1219.0,1.479368932038835,1.479368932038835,Moderado
2026-05-20 15:00:00,15,2,San Jose Centro,24.0,69,11.5,9.9331,-84.0792,3.6,3.3,5.6,54.0,9.9358,-84.0558,9.9567,-84.1132,824.0,1120.0,1.3592233009708738,1.3592233009708738,Moderado
2026-05-20 16:00:00,16,2,San Jose Centro,23.7,70,10.7,9.9331,-84.0792,2.9,2.3,4.4,58.0,9.9358,-84.0558,9.9567,-84.1132,824.0,1051.0,1.2754854368932038,1.2754854368932038,Leve
2026-05-20 17:00:00,17,2,San Jose Centro,23.6,72,9.9,9.9331,-84.0792,3.8,2.9,3.2,61.0,9.9358,-84.0558,9.9567,-84.1132,824.0,1006.0,1.220873786407767,1.220873786407767,Leve
2026-05-20 18:00:00,18,2,San Jose Centro,24.7,65,6.7,9.9331,-84.0792,4.3,3.2,2.5,62.0,9.9358,-84.0558,9.9567,-84.1132,824.0,1045.0,1.2682038834951457,1.2682038834951457,Leve
2026-05-20 19:00:00,19,2,San Jose Centro,25.1,63,10.5,9.9331,-84.0792,4.7,3.4,2.1,64.0,9.9358,-84.0558,9.9567,-84.1132,824.0,959.0,1.1638349514563107,1.1638349514563107,Leve
2026-05-20 20:00:00,20,2,San Jose Centro,24.1,68,9.4,9.9331,-84.0792,6.0,4.7,2.3,66.0,9.9358,-84.0558,9.9567,-84.1132,824.0,936.0,1.1359223300970873,1.1359223300970873,Leve
2026-05-20 21:00:00,21,2,San Jose Centro,24.7,66,11.9,9.9331,-84.0792,6.7,5.2,4.1,63.0,9.9358,-84.0558,9.9567,-84.1132,824.0,921.0,1.1177184466019416,1.1177184466019416,Leve
2026-05-20 22:00:00,22,2,San Jose Centro,23.5,72,11.2,9.9331,-84.0792,6.0,4.5,9.3,52.0,9.9358,-84.0558,9.9567,-84.1132,824.0,1041.0,1.2633495145631068,1.2633495145631068,Leve
2026-05-20 23:00:00,23,2,San Jose Centro,22.4,78,10.7,9.9331,-84.0792,7.4,5.7,16.2,36.0,9.9358,-84.0558,9.9567,-84.1132,824.0,1184.0,1.4368932038834952,1.4368932038834952,Moderado
2026-05-21 00:00:00,0,3,San Jose Centro,22.0,79,11.3,9.9331,-84.0792,11.6,9.3,14.4,35.0,9.9358,-84.0558,9.9567,-84.1132,824.0,1004.0,1.2184466019417475,1.2184466019417475,Leve
2026-05-21 01:00:00,1,3,San Jose Centro,21.5,78,11.2,9.9331,-84.0792,13.7,11.8,17.3,28.0,9.9358,-84.0558,9.9567,-84.1132,824.0,820.0,0.9951456310679612,1.0,Fluido
2026-05-21 02:00:00,2,3,San Jose Centro,21.0,78,9.9,9.9331,-84.0792,14.5,12.7,21.1,19.0,9.9358,-84.0558,9.9567,-84.1132,824.0,785.0,0.9526699029126213,1.0,Fluido
2026-05-21 03:00:00,3,3,San Jose Centro,20.4,80,11.6,9.9331,-84.0792,14.3,12.3,22.9,13.0,9.9358,-84.0558,9.9567,-84.1132,824.0,798.0,0.9684466019417476,1.0,Fluido
2026-05-21 04:00:00,4,3,San Jose Centro,20.1,80,12.3,9.9331,-84.0792,13.2,11.1,20.8,15.0,9.9358,-84.0558,9.9567,-84.1132,824.0,752.0,0.912621359223301,1.0,Fluido
2026-05-21 05:00:00,5,3,San Jose Centro,20.5,76,12.6,9.9331,-84.0792,12.2,10.2,16.7,20.0,9.9358,-84.0558,9.9567,-84.1132,824.0,708.0,0.8592233009708737,1.0,Fluido
2026-05-21 06:00:00,6,3,San Jose Centro,19.5,75,11.7,9.9331,-84.0792,11.0,8.8,12.9,25.0,9.9358,-84.0558,9.9567,-84.1132,824.0,674.0,0.8179611650485437,1.0,Fluido
2026-05-21 07:00:00,7,3,San Jose Centro,19.5,73,12.8,9.9331,-84.0792,10.3,8.0,10.1,29.0,9.9358,-84.0558,9.9567,-84.1132,824.0,634.0,0.7694174757281553,1.0,Fluido
2026-05-21 08:00:00,8,3,San Jose Centro,19.7,73,11.5,9.9331,-84.0792,10.2,7.2,7.7,33.0,9.9358,-84.0558,9.9567,-84.1132,824.0,649.0,0.787621359223301,1.0,Fluido
2026-05-21 09:00:00,9,3,San Jose Centro,19.4,76,10.6,9.9331,-84.0792,9.7,7.0,6.3,36.0,9.9358,-84.0558,9.9567,-84.1132,824.0,645.0,0.7827669902912622,1.0,Fluido
2026-05-21 10:00:00,10,3,San Jose Centro,18.6,80,9.4,9.9331,-84.0792,9.6,7.0,6.9,35.0,9.9358,-84.0558,9.9567,-84.1132,824.0,664.0,0.8058252427184466,1.0,Fluido
2026-05-21 11:00:00,11,3,San Jose Centro,18.0,83,9.5,9.9331,-84.0792,9.9,7.3,8.6,32.0,9.9358,-84.0558,9.9567,-84.1132,824.0,752.0,0.912621359223301,1.0,Fluido
2026-05-21 12:00:00,12,3,San Jose Centro,18.5,78,10.0,9.9331,-84.0792,12.8,9.6,10.2,28.0,9.9358,-84.0558,9.9567,-84.1132,824.0,1087.0,1.3191747572815533,1.3191747572815533,Moderado
2026-05-21 13:00:00,13,3,San Jose Centro,21.1,66,10.5,9.9331,-84.0792,15.0,11.9,8.4,41.0,9.9358,-84.0558,9.9567,-84.1132,824.0,1299.0,1.5764563106796117,1.5764563106796117,Moderado
2026-05-21 14:00:00,14,3,San Jose Centro,23.3,60,11.1,9.9331,-84.0792,12.5,9.2,5.9,59.0,9.9358,-84.0558,9.9567,-84.1132,824.0,1180.0,1.4320388349514563,1.4320388349514563,Moderado
2026-05-21 15:00:00,15,3,San Jose Centro,24.8,57,10.2,9.9331,-84.0792,12.7,9.2,3.9,73.0,9.9358,-84.0558,9.9567,-84.1132,824.0,1196.0,1.4514563106796117,1.4514563106796117,Moderado
2026-05-21 16:00:00,16,3,San Jose Centro,26.6,51,9.1,9.9331,-84.0792,13.8,9.7,2.6,80.0,9.9358,-84.0558,9.9567,-84.1132,824.0,1098.0,1.3325242718446602,1.3325242718446602,Moderado
2026-05-21 17:00:00,17,3,San Jose Centro,27.7,47,7.7,9.9331,-84.0792,15.8,10.7,1.8,83.0,9.9358,-84.0558,9.9567,-84.1132,824.0,1028.0,1.2475728155339805,1.2475728155339805,Leve
2026-05-21 18:00:00,18,3,San Jose Centro,28.0,46,8.1,9.9331,-84.0792,16.8,11.4,1.7,83.0,9.9358,-84.0558,9.9567,-84.1132,824.0,972.0,1.1796116504854368,1.1796116504854368,Leve
2026-05-21 19:00:00,19,3,San Jose Centro,27.5,49,9.0,9.9331,-84.0792,16.6,11.4,2.1,79.0,9.9358,-84.0558,9.9567,-84.1132,824.0,1026.0,1.2451456310679612,1.2451456310679612,Leve
2026-05-21 20:00:00,20,3,San Jose Centro,25.2,60,4.9,9.9331,-84.0792,16.2,11.5,3.1,71.0,9.9358,-84.0558,9.9567,-84.1132,824.0,1065.0,1.2924757281553398,1.2924757281553398,Leve
2026-05-21 21:00:00,21,3,San Jose Centro,23.6,70,4.4,9.9331,-84.0792,15.5,11.4,5.5,62.0,9.9358,-84.0558,9.9567,-84.1132,824.0,1030.0,1.25,1.25,Leve
2026-05-21 22:00:00,22,3,San Jose Centro,23.7,71,3.6,9.9331,-84.0792,13.5,11.1,10.6,51.0,9.9358,-84.0558,9.9567,-84.1132,824.0,1092.0,1.325242718446602,1.325242718446602,Moderado
2026-05-21 23:00:00,23,3,San Jose Centro,22.7,75,3.1,9.9331,-84.0792,18.2,14.8,17.2,39.0,9.9358,-84.0558,9.9567,-84.1132,824.0,1245.0,1.5109223300970873,1.5109223300970873,Moderado
2026-05-22 00:00:00,0,4,San Jose Centro,23.1,71,5.8,9.9331,-84.0792,16.9,14.1,19.9,32.0,9.9358,-84.0558,9.9567,-84.1132,824.0,1031.0,1.2512135922330097,1.2512135922330097,Leve
2026-05-22 01:00:00,1,4,San Jose Centro,22.6,73,5.0,9.9331,-84.0792,19.0,17.3,22.7,25.0,9.9358,-84.0558,9.9567,-84.1132,824.0,837.0,1.0157766990291262,1.0157766990291262,Leve
2026-05-22 02:00:00,2,4,San Jose Centro,22.0,77,3.6,9.9331,-84.0792,18.2,16.2,26.5,16.0,9.9358,-84.0558,9.9567,-84.1132,824.0,813.0,0.9866504854368932,1.0,Fluido
2026-05-22 03:00:00,3,4,San Jose Centro,21.5,79,4.8,9.9331,-84.0792,17.3,15.3,28.4,10.0,9.9358,-84.0558,9.9567,-84.1132,824.0,791.0,0.9599514563106796,1.0,Fluido
2026-05-22 04:00:00,4,4,San Jose Centro,21.0,82,6.7,9.9331,-84.0792,16.1,14.2,27.0,10.0,9.9358,-84.0558,9.9567,-84.1132,824.0,776.0,0.941747572815534,1.0,Fluido
2026-05-22 05:00:00,5,4,San Jose Centro,20.4,84,8.3,9.9331,-84.0792,15.0,12.9,23.7,12.0,9.9358,-84.0558,9.9567,-84.1132,824.0,717.0,0.8701456310679612,1.0,Fluido
2026-05-22 06:00:00,6,4,San Jose Centro,20.2,80,8.6,9.9331,-84.0792,13.3,11.3,20.0,16.0,9.9358,-84.0558,9.9567,-84.1132,824.0,691.0,0.8385922330097088,1.0,Fluido
2026-05-22 07:00:00,7,4,San Jose Centro,20.1,79,9.4,9.9331,-84.0792,12.5,10.2,15.5,21.0,9.9358,-84.0558,9.9567,-84.1132,824.0,666.0,0.808252427184466,1.0,Fluido
2026-05-22 08:00:00,8,4,San Jose Centro,20.1,79,9.2,9.9331,-84.0792,11.5,9.1,10.6,28.0,9.9358,-84.0558,9.9567,-84.1132,824.0,628.0,0.7621359223300971,1.0,Fluido
2026-05-22 09:00:00,9,4,San Jose Centro,19.9,79,9.7,9.9331,-84.0792,10.8,8.4,7.6,31.0,9.9358,-84.0558,9.9567,-84.1132,824.0,641.0,0.7779126213592233,1.0,Fluido
2026-05-22 10:00:00,10,4,San Jose Centro,20.0,79,10.5,9.9331,-84.0792,4.9,3.9,8.4,26.0,9.9358,-84.0558,9.9567,-84.1132,824.0,674.0,0.8179611650485437,1.0,Fluido
2026-05-22 11:00:00,11,4,San Jose Centro,19.9,77,9.6,9.9331,-84.0792,4.7,3.8,11.0,19.0,9.9358,-84.0558,9.9567,-84.1132,824.0,741.0,0.8992718446601942,1.0,Fluido
2026-05-22 12:00:00,12,4,San Jose Centro,20.3,78,10.6,9.9331,-84.0792,14.4,11.3,10.3,32.0,9.9358,-84.0558,9.9567,-84.1132,824.0,887.0,1.0764563106796117,1.0764563106796117,Leve
2026-05-22 13:00:00,13,4,San Jose Centro,21.9,70,11.7,9.9331,-84.0792,15.7,12.5,8.8,42.0,9.9358,-84.0558,9.9567,-84.1132,824.0,977.0,1.1856796116504855,1.1856796116504855,Leve
2026-05-22 14:00:00,14,4,San Jose Centro,21.9,77,8.7,9.9331,-84.0792,14.1,11.2,6.7,57.0,9.9358,-84.0558,9.9567,-84.1132,824.0,970.0,1.1771844660194175,1.1771844660194175,Leve
2026-05-22 15:00:00,15,4,San Jose Centro,23.5,72,6.7,9.9331,-84.0792,10.6,8.2,4.9,68.0,9.9358,-84.0558,9.9567,-84.1132,824.0,1005.0,1.2196601941747574,1.2196601941747574,Leve
2026-05-22 16:00:00,16,4,San Jose Centro,26.0,60,7.2,9.9331,-84.0792,10.7,8.1,3.7,73.0,9.9358,-84.0558,9.9567,-84.1132,824.0,970.0,1.1771844660194175,1.1771844660194175,Leve
2026-05-22 17:00:00,17,4,San Jose Centro,27.4,57,4.4,9.9331,-84.0792,11.4,8.7,2.8,76.0,9.9358,-84.0558,9.9567,-84.1132,824.0,1001.0,1.2148058252427185,1.2148058252427185,Leve
2026-05-22 18:00:00,18,4,San Jose Centro,27.2,53,2.6,9.9331,-84.0792,10.9,8.3,2.7,75.0,9.9358,-84.0558,9.9567,-84.1132,824.0,1021.0,1.2390776699029127,1.2390776699029127,Leve
2026-05-22 19:00:00,19,4,San Jose Centro,25.3,62,4.7,9.9331,-84.0792,9.6,7.3,3.4,71.0,9.9358,-84.0558,9.9567,-84.1132,824.0,1054.0,1.279126213592233,1.279126213592233,Leve
2026-05-22 20:00:00,20,4,San Jose Centro,24.9,65,5.2,9.9331,-84.0792,10.2,8.0,4.9,65.0,9.9358,-84.0558,9.9567,-84.1132,824.0,1069.0,1.2973300970873787,1.2973300970873787,Leve
2026-05-22 21:00:00,21,4,San Jose Centro,24.5,65,4.4,9.9331,-84.0792,10.4,8.4,7.6,57.0,9.9358,-84.0558,9.9567,-84.1132,824.0,1060.0,1.2864077669902914,1.2864077669902914,Leve
2026-05-22 22:00:00,22,4,San Jose Centro,24.2,67,6.1,9.9331,-84.0792,13.9,12.3,12.6,47.0,9.9358,-84.0558,9.9567,-84.1132,824.0,1089.0,1.3216019417475728,1.3216019417475728,Moderado
2026-05-22 23:00:00,23,4,San Jose Centro,23.6,70,5.8,9.9331,-84.0792,15.9,14.3,18.7,35.0,9.9358,-84.0558,9.9567,-84.1132,824.0,1172.0,1.4223300970873787,1.4223300970873787,Moderado
2026-05-23 00:00:00,0,5,San Jose Centro,23.7,69,4.7,9.9331,-84.0792,15.8,13.5,20.6,29.0,9.9358,-84.0558,9.9567,-84.1132,824.0,967.0,1.1735436893203883,1.1735436893203883,Leve
2026-05-23 01:00:00,1,5,San Jose Centro,23.1,70,5.8,9.9331,-84.0792,14.6,13.1,18.2,29.0,9.9358,-84.0558,9.9567,-84.1132,824.0,817.0,0.991504854368932,1.0,Fluido
2026-05-23 02:00:00,2,5,San Jose Centro,22.5,72,4.9,9.9331,-84.0792,12.1,10.5,15.0,28.0,9.9358,-84.0558,9.9567,-84.1132,824.0,803.0,0.9745145631067961,1.0,Fluido
2026-05-23 03:00:00,3,5,San Jose Centro,22.2,73,5.0,9.9331,-84.0792,8.6,7.2,12.8,27.0,9.9358,-84.0558,9.9567,-84.1132,824.0,797.0,0.9672330097087378,1.0,Fluido
2026-05-23 04:00:00,4,5,San Jose Centro,22.0,75,7.6,9.9331,-84.0792,8.3,7.2,12.8,24.0,9.9358,-84.0558,9.9567,-84.1132,824.0,765.0,0.9283980582524272,1.0,Fluido
2026-05-23 05:00:00,5,5,San Jose Centro,21.4,78,3.1,9.9331,-84.0792,8.4,7.3,13.9,20.0,9.9358,-84.0558,9.9567,-84.1132,824.0,737.0,0.8944174757281553,1.0,Fluido
2026-05-23 06:00:00,6,5,San Jose Centro,20.8,77,8.5,9.9331,-84.0792,6.3,5.6,14.4,17.0,9.9358,-84.0558,9.9567,-84.1132,824.0,713.0,0.8652912621359223,1.0,Fluido
2026-05-23 07:00:00,7,5,San Jose Centro,20.4,77,10.1,9.9331,-84.0792,6.3,5.5,13.5,17.0,9.9358,-84.0558,9.9567,-84.1132,824.0,685.0,0.8313106796116505,1.0,Fluido
2026-05-23 08:00:00,8,5,San Jose Centro,20.7,75,8.2,9.9331,-84.0792,6.3,5.4,12.0,17.0,9.9358,-84.0558,9.9567,-84.1132,824.0,662.0,0.8033980582524272,1.0,Fluido
2026-05-23 09:00:00,9,5,San Jose Centro,20.6,76,8.5,9.9331,-84.0792,6.5,5.5,10.8,18.0,9.9358,-84.0558,9.9567,-84.1132,824.0,637.0,0.7730582524271845,1.0,Fluido
2026-05-23 10:00:00,10,5,San Jose Centro,19.9,79,10.2,9.9331,-84.0792,6.9,5.9,10.6,16.0,9.9358,-84.0558,9.9567,-84.1132,824.0,657.0,0.7973300970873787,1.0,Fluido
2026-05-23 11:00:00,11,5,San Jose Centro,19.6,78,10.8,9.9331,-84.0792,7.9,6.7,10.8,15.0,9.9358,-84.0558,9.9567,-84.1132,824.0,702.0,0.8519417475728155,1.0,Fluido
2026-05-23 12:00:00,12,5,San Jose Centro,21.0,74,10.4,9.9331,-84.0792,10.1,7.9,8.3,28.0,9.9358,-84.0558,9.9567,-84.1132,824.0,733.0,0.8895631067961165,1.0,Fluido
2026-05-23 13:00:00,13,5,San Jose Centro,22.5,69,11.7,9.9331,-84.0792,14.5,11.5,6.6,42.0,9.9358,-84.0558,9.9567,-84.1132,824.0,724.0,0.8786407766990292,1.0,Fluido
2026-05-23 14:00:00,14,5,San Jose Centro,24.4,64,13.0,9.9331,-84.0792,17.1,13.0,4.2,61.0,9.9358,-84.0558,9.9567,-84.1132,824.0,765.0,0.9283980582524272,1.0,Fluido
2026-05-23 15:00:00,15,5,San Jose Centro,26.7,55,11.2,9.9331,-84.0792,15.1,11.4,2.4,75.0,9.9358,-84.0558,9.9567,-84.1132,824.0,833.0,1.0109223300970873,1.0109223300970873,Leve
2026-05-23 16:00:00,16,5,San Jose Centro,27.8,51,10.6,9.9331,-84.0792,13.9,10.5,1.5,79.0,9.9358,-84.0558,9.9567,-84.1132,824.0,848.0,1.029126213592233,1.029126213592233,Leve
2026-05-23 17:00:00,17,5,San Jose Centro,28.1,51,8.9,9.9331,-84.0792,11.8,9.0,1.1,78.0,9.9358,-84.0558,9.9567,-84.1132,824.0,867.0,1.0521844660194175,1.0521844660194175,Leve
2026-05-23 18:00:00,18,5,San Jose Centro,28.7,45,9.2,9.9331,-84.0792,10.8,8.1,1.4,74.0,9.9358,-84.0558,9.9567,-84.1132,824.0,1030.0,1.25,1.25,Leve
2026-05-23 19:00:00,19,5,San Jose Centro,27.9,51,10.5,9.9331,-84.0792,9.8,7.5,2.5,68.0,9.9358,-84.0558,9.9567,-84.1132,824.0,1024.0,1.2427184466019416,1.2427184466019416,Leve
2026-05-23 20:00:00,20,5,San Jose Centro,27.8,51,3.6,9.9331,-84.0792,9.6,7.6,4.3,60.0,9.9358,-84.0558,9.9567,-84.1132,824.0,1063.0,1.2900485436893203,1.2900485436893203,Leve
2026-05-23 21:00:00,21,5,San Jose Centro,24.7,63,3.7,9.9331,-84.0792,10.2,8.7,6.3,52.0,9.9358,-84.0558,9.9567,-84.1132,824.0,943.0,1.1444174757281553,1.1444174757281553,Leve
2026-05-23 22:00:00,22,5,San Jose Centro,23.9,68,4.6,9.9331,-84.0792,7.2,6.3,9.0,45.0,9.9358,-84.0558,9.9567,-84.1132,824.0,822.0,0.9975728155339806,1.0,Fluido
2026-05-23 23:00:00,23,5,San Jose Centro,24.2,64,8.0,9.9331,-84.0792,5.0,4.3,12.1,39.0,9.9358,-84.0558,9.9567,-84.1132,824.0,833.0,1.0109223300970873,1.0109223300970873,Leve
2026-05-24 00:00:00,0,6,San Jose Centro,23.0,70,7.9,9.9331,-84.0792,9.3,7.9,10.9,40.0,9.9358,-84.0558,9.9567,-84.1132,824.0,848.0,1.029126213592233,1.029126213592233,Leve
2026-05-24 01:00:00,1,6,San Jose Centro,22.4,74,7.0,9.9331,-84.0792,9.0,7.7,10.6,37.0,9.9358,-84.0558,9.9567,-84.1132,824.0,793.0,0.962378640776699,1.0,Fluido
2026-05-24 02:00:00,2,6,San Jose Centro,22.3,74,6.3,9.9331,-84.0792,9.3,7.9,10.2,33.0,9.9358,-84.0558,9.9567,-84.1132,824.0,775.0,0.9405339805825242,1.0,Fluido
2026-05-24 03:00:00,3,6,San Jose Centro,22.0,76,6.3,9.9331,-84.0792,9.8,8.4,9.8,29.0,9.9358,-84.0558,9.9567,-84.1132,824.0,783.0,0.9502427184466019,1.0,Fluido
2026-05-24 04:00:00,4,6,San Jose Centro,21.4,79,7.8,9.9331,-84.0792,10.1,8.7,9.6,27.0,9.9358,-84.0558,9.9567,-84.1132,824.0,759.0,0.9211165048543689,1.0,Fluido
2026-05-24 05:00:00,5,6,San Jose Centro,21.3,79,8.8,9.9331,-84.0792,10.3,8.9,9.5,25.0,9.9358,-84.0558,9.9567,-84.1132,824.0,744.0,0.9029126213592233,1.0,Fluido
2026-05-24 06:00:00,6,6,San Jose Centro,20.9,77,10.7,9.9331,-84.0792,10.0,8.6,9.2,24.0,9.9358,-84.0558,9.9567,-84.1132,824.0,704.0,0.8543689320388349,1.0,Fluido
2026-05-24 07:00:00,7,6,San Jose Centro,20.6,74,12.1,9.9331,-84.0792,10.0,8.5,8.4,25.0,9.9358,-84.0558,9.9567,-84.1132,824.0,676.0,0.8203883495145631,1.0,Fluido
2026-05-24 08:00:00,8,6,San Jose Centro,20.4,73,11.6,9.9331,-84.0792,9.7,8.1,7.5,27.0,9.9358,-84.0558,9.9567,-84.1132,824.0,663.0,0.8046116504854369,1.0,Fluido
2026-05-24 09:00:00,9,6,San Jose Centro,19.9,76,11.3,9.9331,-84.0792,9.4,7.8,6.8,28.0,9.9358,-84.0558,9.9567,-84.1132,824.0,635.0,0.7706310679611651,1.0,Fluido
2026-05-24 10:00:00,10,6,San Jose Centro,19.3,79,12.1,9.9331,-84.0792,9.1,7.5,6.8,27.0,9.9358,-84.0558,9.9567,-84.1132,824.0,644.0,0.7815533980582524,1.0,Fluido
2026-05-24 11:00:00,11,6,San Jose Centro,18.8,81,11.2,9.9331,-84.0792,8.9,7.4,7.1,25.0,9.9358,-84.0558,9.9567,-84.1132,824.0,672.0,0.8155339805825242,1.0,Fluido
2026-05-24 12:00:00,12,6,San Jose Centro,20.1,77,10.6,9.9331,-84.0792,13.0,10.5,6.5,28.0,9.9358,-84.0558,9.9567,-84.1132,824.0,708.0,0.8592233009708737,1.0,Fluido
2026-05-24 13:00:00,13,6,San Jose Centro,21.9,69,10.5,9.9331,-84.0792,13.5,10.9,5.2,38.0,9.9358,-84.0558,9.9567,-84.1132,824.0,690.0,0.837378640776699,1.0,Fluido
2026-05-24 14:00:00,14,6,San Jose Centro,24.0,64,11.9,9.9331,-84.0792,12.3,9.7,3.5,51.0,9.9358,-84.0558,9.9567,-84.1132,824.0,711.0,0.8628640776699029,1.0,Fluido
2026-05-24 15:00:00,15,6,San Jose Centro,26.7,55,11.4,9.9331,-84.0792,9.3,7.1,2.1,62.0,9.9358,-84.0558,9.9567,-84.1132,824.0,714.0,0.866504854368932,1.0,Fluido
2026-05-24 16:00:00,16,6,San Jose Centro,28.1,51,8.8,9.9331,-84.0792,7.6,5.9,1.4,67.0,9.9358,-84.0558,9.9567,-84.1132,824.0,722.0,0.8762135922330098,1.0,Fluido
2026-05-24 17:00:00,17,6,San Jose Centro,28.5,52,8.1,9.9331,-84.0792,6.9,5.5,1.1,70.0,9.9358,-84.0558,9.9567,-84.1132,824.0,737.0,0.8944174757281553,1.0,Fluido
2026-05-24 18:00:00,18,6,San Jose Centro,27.5,54,2.3,9.9331,-84.0792,6.7,5.4,1.1,70.0,9.9358,-84.0558,9.9567,-84.1132,824.0,763.0,0.9259708737864077,1.0,Fluido
2026-05-24 19:00:00,19,6,San Jose Centro,27.2,57,4.2,9.9331,-84.0792,5.5,4.4,1.4,66.0,9.9358,-84.0558,9.9567,-84.1132,824.0,786.0,0.9538834951456311,1.0,Fluido
2026-05-24 20:00:00,20,6,San Jose Centro,25.8,62,3.5,9.9331,-84.0792,4.4,3.5,1.9,60.0,9.9358,-84.0558,9.9567,-84.1132,824.0,771.0,0.9356796116504854,1.0,Fluido
2026-05-24 21:00:00,21,6,San Jose Centro,25.2,66,4.8,9.9331,-84.0792,4.8,4.0,2.7,54.0,9.9358,-84.0558,9.9567,-84.1132,824.0,764.0,0.9271844660194175,1.0,Fluido
2026-05-24 22:00:00,22,6,San Jose Centro,24.5,69,2.7,9.9331,-84.0792,5.2,4.5,3.8,50.0,9.9358,-84.0558,9.9567,-84.1132,824.0,743.0,0.9016990291262136,1.0,Fluido
2026-05-24 23:00:00,23,6,San Jose Centro,23.5,74,6.2,9.9331,-84.0792,6.0,5.6,5.2,45.0,9.9358,-84.0558,9.9567,-84.1132,824.0,770.0,0.9344660194174758,1.0,Fluido
2026-05-25 00:00:00,0,0,San Jose Centro,23.1,75,8.4,9.9331,-84.0792,9.2,7.7,6.3,42.0,9.9358,-84.0558,9.9567,-84.1132,824.0,814.0,0.9878640776699029,1.0,Fluido
2026-05-25 01:00:00,1,0,San Jose Centro,22.5,77,8.5,9.9331,-84.0792,5.3,4.8,7.1,40.0,9.9358,-84.0558,9.9567,-84.1132,824.0,792.0,0.9611650485436893,1.0,Fluido
2026-05-25 02:00:00,2,0,San Jose Centro,22.1,78,8.3,9.9331,-84.0792,3.9,3.6,8.3,36.0,9.9358,-84.0558,9.9567,-84.1132,824.0,763.0,0.9259708737864077,1.0,Fluido
2026-05-25 03:00:00,3,0,San Jose Centro,21.8,78,9.2,9.9331,-84.0792,4.0,3.7,9.1,33.0,9.9358,-84.0558,9.9567,-84.1132,824.0,770.0,0.9344660194174758,1.0,Fluido
2026-05-25 04:00:00,4,0,San Jose Centro,21.6,78,8.8,9.9331,-84.0792,4.6,4.1,9.4,31.0,9.9358,-84.0558,9.9567,-84.1132,824.0,733.0,0.8895631067961165,1.0,Fluido
2026-05-25 05:00:00,5,0,San Jose Centro,21.4,78,8.3,9.9331,-84.0792,5.1,4.6,9.4,28.0,9.9358,-84.0558,9.9567,-84.1132,824.0,695.0,0.8434466019417476,1.0,Fluido
2026-05-25 06:00:00,6,0,San Jose Centro,21.0,76,6.5,9.9331,-84.0792,5.2,4.6,9.2,27.0,9.9358,-84.0558,9.9567,-84.1132,824.0,675.0,0.8191747572815534,1.0,Fluido
2026-05-25 07:00:00,7,0,San Jose Centro,20.6,77,7.0,9.9331,-84.0792,5.4,4.7,8.5,27.0,9.9358,-84.0558,9.9567,-84.1132,824.0,660.0,0.8009708737864077,1.0,Fluido
2026-05-25 08:00:00,8,0,San Jose Centro,20.3,78,7.2,9.9331,-84.0792,5.3,4.5,7.5,27.0,9.9358,-84.0558,9.9567,-84.1132,824.0,637.0,0.7730582524271845,1.0,Fluido
2026-05-25 09:00:00,9,0,San Jose Centro,20.0,78,9.5,9.9331,-84.0792,5.1,4.4,7.1,27.0,9.9358,-84.0558,9.9567,-84.1132,824.0,649.0,0.787621359223301,1.0,Fluido
2026-05-25 10:00:00,10,0,San Jose Centro,19.9,76,11.3,9.9331,-84.0792,4.8,4.3,8.3,23.0,9.9358,-84.0558,9.9567,-84.1132,824.0,684.0,0.8300970873786407,1.0,Fluido
2026-05-25 11:00:00,11,0,San Jose Centro,19.5,75,10.1,9.9331,-84.0792,4.9,4.3,10.0,19.0,9.9358,-84.0558,9.9567,-84.1132,824.0,760.0,0.9223300970873787,1.0,Fluido
2026-05-25 12:00:00,12,0,San Jose Centro,19.8,76,9.7,9.9331,-84.0792,5.7,5.4,10.1,19.0,9.9358,-84.0558,9.9567,-84.1132,824.0,1133.0,1.375,1.375,Moderado
2026-05-25 13:00:00,13,0,San Jose Centro,21.5,66,11.3,9.9331,-84.0792,7.9,7.3,8.0,32.0,9.9358,-84.0558,9.9567,-84.1132,824.0,1230.0,1.4927184466019416,1.4927184466019416,Moderado
2026-05-25 14:00:00,14,0,San Jose Centro,23.5,59,10.3,9.9331,-84.0792,6.5,5.4,5.2,50.0,9.9358,-84.0558,9.9567,-84.1132,824.0,1106.0,1.3422330097087378,1.3422330097087378,Moderado
2026-05-25 15:00:00,15,0,San Jose Centro,25.4,53,10.7,9.9331,-84.0792,6.4,5.1,3.0,64.0,9.9358,-84.0558,9.9567,-84.1132,824.0,1030.0,1.25,1.25,Leve
2026-05-25 16:00:00,16,0,San Jose Centro,27.1,47,8.5,9.9331,-84.0792,6.5,5.1,2.1,70.0,9.9358,-84.0558,9.9567,-84.1132,824.0,936.0,1.1359223300970873,1.1359223300970873,Leve
2026-05-25 17:00:00,17,0,San Jose Centro,28.2,43,7.2,9.9331,-84.0792,7.1,5.5,1.9,73.0,9.9358,-84.0558,9.9567,-84.1132,824.0,913.0,1.108009708737864,1.108009708737864,Leve
2026-05-25 18:00:00,18,0,San Jose Centro,29.4,39,6.4,9.9331,-84.0792,7.9,6.0,2.0,73.0,9.9358,-84.0558,9.9567,-84.1132,824.0,896.0,1.087378640776699,1.087378640776699,Leve
2026-05-25 19:00:00,19,0,San Jose Centro,28.1,47,6.7,9.9331,-84.0792,8.4,6.4,2.0,73.0,9.9358,-84.0558,9.9567,-84.1132,824.0,889.0,1.078883495145631,1.078883495145631,Leve
2026-05-25 20:00:00,20,0,San Jose Centro,26.8,53,8.8,9.9331,-84.0792,8.8,6.8,2.2,70.0,9.9358,-84.0558,9.9567,-84.1132,824.0,868.0,1.0533980582524272,1.0533980582524272,Leve
2026-05-25 21:00:00,21,0,San Jose Centro,26.9,54,8.8,9.9331,-84.0792,8.9,6.9,3.3,66.0,9.9358,-84.0558,9.9567,-84.1132,824.0,888.0,1.0776699029126213,1.0776699029126213,Leve
2026-05-25 22:00:00,22,0,San Jose Centro,26.1,56,5.9,9.9331,-84.0792,9.3,7.4,6.0,58.0,9.9358,-84.0558,9.9567,-84.1132,824.0,916.0,1.1116504854368932,1.1116504854368932,Leve
2026-05-25 23:00:00,23,0,San Jose Centro,24.9,60,4.9,9.9331,-84.0792,9.6,8.0,9.6,48.0,9.9358,-84.0558,9.9567,-84.1132,824.0,1042.0,1.2645631067961165,1.2645631067961165,Leve
2026-05-26 00:00:00,0,1,San Jose Centro,23.3,69,7.1,9.9331,-84.0792,11.2,9.0,11.0,40.0,9.9358,-84.0558,9.9567,-84.1132,824.0,923.0,1.1201456310679612,1.1201456310679612,Leve
2026-05-26 01:00:00,1,1,San Jose Centro,22.7,72,7.5,9.9331,-84.0792,11.6,9.7,12.5,35.0,9.9358,-84.0558,9.9567,-84.1132,824.0,792.0,0.9611650485436893,1.0,Fluido
2026-05-26 02:00:00,2,1,San Jose Centro,22.2,73,6.5,9.9331,-84.0792,11.3,9.6,14.4,27.0,9.9358,-84.0558,9.9567,-84.1132,824.0,768.0,0.9320388349514563,1.0,Fluido
2026-05-26 03:00:00,3,1,San Jose Centro,21.7,76,9.0,9.9331,-84.0792,10.2,8.7,15.2,23.0,9.9358,-84.0558,9.9567,-84.1132,824.0,771.0,0.9356796116504854,1.0,Fluido
2026-05-26 04:00:00,4,1,San Jose Centro,21.3,77,9.4,9.9331,-84.0792,10.4,8.9,13.8,24.0,9.9358,-84.0558,9.9567,-84.1132,824.0,732.0,0.8883495145631068,1.0,Fluido
2026-05-26 05:00:00,5,1,San Jose Centro,21.2,77,6.6,9.9331,-84.0792,9.2,7.6,11.3,28.0,9.9358,-84.0558,9.9567,-84.1132,824.0,690.0,0.837378640776699,1.0,Fluido
2026-05-26 06:00:00,6,1,San Jose Centro,20.8,76,7.9,9.9331,-84.0792,8.4,6.7,9.2,31.0,9.9358,-84.0558,9.9567,-84.1132,824.0,668.0,0.8106796116504854,1.0,Fluido
2026-05-26 07:00:00,7,1,San Jose Centro,20.5,76,8.9,9.9331,-84.0792,7.7,6.1,7.8,32.0,9.9358,-84.0558,9.9567,-84.1132,824.0,632.0,0.7669902912621359,1.0,Fluido
2026-05-26 08:00:00,8,1,San Jose Centro,20.5,77,9.3,9.9331,-84.0792,6.9,5.4,6.8,32.0,9.9358,-84.0558,9.9567,-84.1132,824.0,656.0,0.7961165048543689,1.0,Fluido
2026-05-26 09:00:00,9,1,San Jose Centro,20.6,77,8.5,9.9331,-84.0792,6.3,5.0,6.6,31.0,9.9358,-84.0558,9.9567,-84.1132,824.0,652.0,0.7912621359223301,1.0,Fluido
2026-05-26 10:00:00,10,1,San Jose Centro,20.6,77,8.0,9.9331,-84.0792,6.0,4.7,8.2,27.0,9.9358,-84.0558,9.9567,-84.1132,824.0,662.0,0.8033980582524272,1.0,Fluido
2026-05-26 11:00:00,11,1,San Jose Centro,20.6,77,7.3,9.9331,-84.0792,5.5,4.4,10.8,23.0,9.9358,-84.0558,9.9567,-84.1132,824.0,738.0,0.8956310679611651,1.0,Fluido
2026-05-26 12:00:00,12,1,San Jose Centro,21.1,77,8.5,9.9331,-84.0792,3.6,3.1,8.3,29.0,9.9358,-84.0558,9.9567,-84.1132,824.0,1117.0,1.3555825242718447,1.3555825242718447,Moderado
2026-05-26 13:00:00,13,1,San Jose Centro,22.1,73,8.5,9.9331,-84.0792,4.4,4.0,7.1,35.0,9.9358,-84.0558,9.9567,-84.1132,824.0,1379.0,1.6735436893203883,1.6735436893203883,Moderado
2026-05-26 14:00:00,14,1,San Jose Centro,23.3,67,8.9,9.9331,-84.0792,4.5,4.0,5.4,43.0,9.9358,-84.0558,9.9567,-84.1132,824.0,1285.0,1.5594660194174756,1.5594660194174756,Moderado
2026-05-26 15:00:00,15,1,San Jose Centro,24.7,61,6.6,9.9331,-84.0792,4.6,3.7,4.4,49.0,9.9358,-84.0558,9.9567,-84.1132,824.0,1182.0,1.4344660194174756,1.4344660194174756,Moderado
2026-05-26 16:00:00,16,1,San Jose Centro,25.1,59,5.9,9.9331,-84.0792,5.4,4.3,4.4,52.0,9.9358,-84.0558,9.9567,-84.1132,824.0,1161.0,1.4089805825242718,1.4089805825242718,Moderado
2026-05-26 17:00:00,17,1,San Jose Centro,25.1,59,3.6,9.9331,-84.0792,5.5,4.4,5.0,53.0,9.9358,-84.0558,9.9567,-84.1132,824.0,985.0,1.1953883495145632,1.1953883495145632,Leve
2026-05-26 18:00:00,18,1,San Jose Centro,25.3,58,4.2,9.9331,-84.0792,7.2,6.0,6.1,52.0,9.9358,-84.0558,9.9567,-84.1132,824.0,969.0,1.1759708737864079,1.1759708737864079,Leve
2026-05-26 19:00:00,19,1,San Jose Centro,25.6,58,1.5,9.9331,-84.0792,7.3,6.5,7.5,48.0,9.9358,-84.0558,9.9567,-84.1132,824.0,918.0,1.1140776699029127,1.1140776699029127,Leve
2026-05-26 20:00:00,20,1,San Jose Centro,25.7,57,2.2,9.9331,-84.0792,6.0,5.1,9.5,42.0,9.9358,-84.0558,9.9567,-84.1132,824.0,922.0,1.1189320388349515,1.1189320388349515,Leve
2026-05-26 21:00:00,21,1,San Jose Centro,25.2,58,3.3,9.9331,-84.0792,8.0,7.5,12.7,35.0,9.9358,-84.0558,9.9567,-84.1132,824.0,929.0,1.1274271844660195,1.1274271844660195,Leve
2026-05-26 22:00:00,22,1,San Jose Centro,23.8,68,3.1,9.9331,-84.0792,7.0,6.4,18.4,26.0,9.9358,-84.0558,9.9567,-84.1132,824.0,1045.0,1.2682038834951457,1.2682038834951457,Leve
2026-05-26 23:00:00,23,1,San Jose Centro,23.3,70,2.9,9.9331,-84.0792,8.5,8.1,25.2,16.0,9.9358,-84.0558,9.9567,-84.1132,824.0,1221.0,1.4817961165048543,1.4817961165048543,Moderado
2026-05-27 00:00:00,0,2,San Jose Centro,22.5,73,2.8,9.9331,-84.0792,11.1,10.4,26.5,15.0,9.9358,-84.0558,9.9567,-84.1132,824.0,978.0,1.1868932038834952,1.1868932038834952,Leve
2026-05-27 01:00:00,1,2,San Jose Centro,22.3,73,5.2,9.9331,-84.0792,10.4,9.9,28.2,11.0,9.9358,-84.0558,9.9567,-84.1132,824.0,806.0,0.9781553398058253,1.0,Fluido
2026-05-27 02:00:00,2,2,San Jose Centro,22.0,73,4.7,9.9331,-84.0792,9.5,9.0,30.4,5.0,9.9358,-84.0558,9.9567,-84.1132,824.0,766.0,0.9296116504854369,1.0,Fluido
2026-05-27 03:00:00,3,2,San Jose Centro,21.8,75,3.8,9.9331,-84.0792,9.3,8.9,31.5,1.0,9.9358,-84.0558,9.9567,-84.1132,824.0,785.0,0.9526699029126213,1.0,Fluido
2026-05-27 04:00:00,4,2,San Jose Centro,21.3,77,7.3,9.9331,-84.0792,9.4,9.1,30.5,1.0,9.9358,-84.0558,9.9567,-84.1132,824.0,749.0,0.9089805825242718,1.0,Fluido
2026-05-27 05:00:00,5,2,San Jose Centro,21.4,76,6.6,9.9331,-84.0792,7.9,7.5,28.4,4.0,9.9358,-84.0558,9.9567,-84.1132,824.0,711.0,0.8628640776699029,1.0,Fluido
2026-05-27 06:00:00,6,2,San Jose Centro,20.9,77,7.1,9.9331,-84.0792,4.5,4.2,26.0,6.0,9.9358,-84.0558,9.9567,-84.1132,824.0,684.0,0.8300970873786407,1.0,Fluido
2026-05-27 07:00:00,7,2,San Jose Centro,20.5,75,8.4,9.9331,-84.0792,2.6,2.5,23.2,7.0,9.9358,-84.0558,9.9567,-84.1132,824.0,643.0,0.7803398058252428,1.0,Fluido
2026-05-27 08:00:00,8,2,San Jose Centro,20.4,74,8.8,9.9331,-84.0792,1.7,1.6,20.0,7.0,9.9358,-84.0558,9.9567,-84.1132,824.0,638.0,0.7742718446601942,1.0,Fluido
2026-05-27 09:00:00,9,2,San Jose Centro,20.4,72,8.6,9.9331,-84.0792,1.4,1.3,18.0,7.0,9.9358,-84.0558,9.9567,-84.1132,824.0,631.0,0.7657766990291263,1.0,Fluido
2026-05-27 10:00:00,10,2,San Jose Centro,20.5,70,9.4,9.9331,-84.0792,1.5,1.5,18.2,5.0,9.9358,-84.0558,9.9567,-84.1132,824.0,660.0,0.8009708737864077,1.0,Fluido
2026-05-27 11:00:00,11,2,San Jose Centro,20.8,69,7.8,9.9331,-84.0792,2.0,2.0,19.5,3.0,9.9358,-84.0558,9.9567,-84.1132,824.0,737.0,0.8944174757281553,1.0,Fluido
2026-05-27 12:00:00,12,2,San Jose Centro,20.3,79,9.9,9.9331,-84.0792,2.6,2.6,15.3,11.0,9.9358,-84.0558,9.9567,-84.1132,824.0,1132.0,1.3737864077669903,1.3737864077669903,Moderado
2026-05-27 13:00:00,13,2,San Jose Centro,21.4,73,9.4,9.9331,-84.0792,7.2,7.1,12.8,30.0,9.9358,-84.0558,9.9567,-84.1132,824.0,1320.0,1.6019417475728155,1.6019417475728155,Moderado
2026-05-27 14:00:00,14,2,San Jose Centro,23.8,61,6.5,9.9331,-84.0792,8.6,8.2,9.2,57.0,9.9358,-84.0558,9.9567,-84.1132,824.0,1219.0,1.479368932038835,1.479368932038835,Moderado
2026-05-27 15:00:00,15,2,San Jose Centro,27.5,48,5.6,9.9331,-84.0792,8.3,7.5,6.3,77.0,9.9358,-84.0558,9.9567,-84.1132,824.0,1120.0,1.3592233009708738,1.3592233009708738,Moderado
2026-05-27 16:00:00,16,2,San Jose Centro,29.3,41,4.6,9.9331,-84.0792,7.9,7.0,4.5,84.0,9.9358,-84.0558,9.9567,-84.1132,824.0,1051.0,1.2754854368932038,1.2754854368932038,Leve
2026-05-27 17:00:00,17,2,San Jose Centro,29.2,41,2.8,9.9331,-84.0792,6.9,6.2,3.3,84.0,9.9358,-84.0558,9.9567,-84.1132,824.0,1006.0,1.220873786407767,1.220873786407767,Leve
2026-05-27 18:00:00,18,2,San Jose Centro,29.6,43,5.5,9.9331,-84.0792,6.2,5.7,3.0,81.0,9.9358,-84.0558,9.9567,-84.1132,824.0,1045.0,1.2682038834951457,1.2682038834951457,Leve
2026-05-27 19:00:00,19,2,San Jose Centro,28.0,49,4.5,9.9331,-84.0792,5.5,5.1,3.4,75.0,9.9358,-84.0558,9.9567,-84.1132,824.0,959.0,1.1638349514563107,1.1638349514563107,Leve
2026-05-27 20:00:00,20,2,San Jose Centro,25.7,60,5.7,9.9331,-84.0792,6.0,5.6,4.6,66.0,9.9358,-84.0558,9.9567,-84.1132,824.0,936.0,1.1359223300970873,1.1359223300970873,Leve
2026-05-27 21:00:00,21,2,San Jose Centro,23.9,70,5.6,9.9331,-84.0792,8.0,7.2,7.4,56.0,9.9358,-84.0558,9.9567,-84.1132,824.0,921.0,1.1177184466019416,1.1177184466019416,Leve
2026-05-27 22:00:00,22,2,San Jose Centro,23.8,71,1.8,9.9331,-84.0792,11.8,11.2,13.6,43.0,9.9358,-84.0558,9.9567,-84.1132,824.0,1041.0,1.2633495145631068,1.2633495145631068,Leve
2026-05-27 23:00:00,23,2,San Jose Centro,23.4,73,2.7,9.9331,-84.0792,11.8,11.1,21.5,28.0,9.9358,-84.0558,9.9567,-84.1132,824.0,1184.0,1.4368932038834952,1.4368932038834952,Moderado
2026-05-28 00:00:00,0,3,San Jose Centro,23.3,70,3.8,9.9331,-84.0792,13.4,12.2,24.9,20.0,9.9358,-84.0558,9.9567,-84.1132,824.0,1004.0,1.2184466019417475,1.2184466019417475,Leve
2026-05-28 01:00:00,1,3,San Jose Centro,22.8,71,5.0,9.9331,-84.0792,12.2,11.5,24.6,18.0,9.9358,-84.0558,9.9567,-84.1132,824.0,820.0,0.9951456310679612,1.0,Fluido
2026-05-28 02:00:00,2,3,San Jose Centro,22.2,73,7.3,9.9331,-84.0792,10.5,9.8,24.3,15.0,9.9358,-84.0558,9.9567,-84.1132,824.0,785.0,0.9526699029126213,1.0,Fluido
2026-05-28 03:00:00,3,3,San Jose Centro,21.9,75,10.3,9.9331,-84.0792,7.4,6.9,24.0,12.0,9.9358,-84.0558,9.9567,-84.1132,824.0,798.0,0.9684466019417476,1.0,Fluido
2026-05-28 04:00:00,4,3,San Jose Centro,21.8,77,9.0,9.9331,-84.0792,5.5,5.2,24.3,9.0,9.9358,-84.0558,9.9567,-84.1132,824.0,752.0,0.912621359223301,1.0,Fluido
2026-05-28 05:00:00,5,3,San Jose Centro,21.1,78,9.8,9.9331,-84.0792,4.3,4.1,24.6,6.0,9.9358,-84.0558,9.9567,-84.1132,824.0,708.0,0.8592233009708737,1.0,Fluido
2026-05-28 06:00:00,6,3,San Jose Centro,20.2,85,9.6,9.9331,-84.0792,3.1,3.0,23.8,5.0,9.9358,-84.0558,9.9567,-84.1132,824.0,674.0,0.8179611650485437,1.0,Fluido
2026-05-28 07:00:00,7,3,San Jose Centro,19.6,90,9.4,9.9331,-84.0792,2.9,2.7,20.7,8.0,9.9358,-84.0558,9.9567,-84.1132,824.0,634.0,0.7694174757281553,1.0,Fluido
2026-05-28 08:00:00,8,3,San Jose Centro,19.2,93,8.9,9.9331,-84.0792,2.9,2.7,16.5,12.0,9.9358,-84.0558,9.9567,-84.1132,824.0,649.0,0.787621359223301,1.0,Fluido
2026-05-28 09:00:00,9,3,San Jose Centro,19.3,91,13.3,9.9331,-84.0792,3.1,2.8,13.6,15.0,9.9358,-84.0558,9.9567,-84.1132,824.0,645.0,0.7827669902912622,1.0,Fluido
2026-05-28 10:00:00,10,3,San Jose Centro,19.0,87,13.1,9.9331,-84.0792,3.3,2.9,13.4,13.0,9.9358,-84.0558,9.9567,-84.1132,824.0,664.0,0.8058252427184466,1.0,Fluido
2026-05-28 11:00:00,11,3,San Jose Centro,19.0,85,11.2,9.9331,-84.0792,3.8,3.5,14.6,10.0,9.9358,-84.0558,9.9567,-84.1132,824.0,752.0,0.912621359223301,1.0,Fluido
2026-05-28 12:00:00,12,3,San Jose Centro,20.2,84,8.3,9.9331,-84.0792,9.6,8.4,12.2,18.0,9.9358,-84.0558,9.9567,-84.1132,824.0,1087.0,1.3191747572815533,1.3191747572815533,Moderado
2026-05-28 13:00:00,13,3,San Jose Centro,21.5,77,9.4,9.9331,-84.0792,10.7,9.6,10.4,32.0,9.9358,-84.0558,9.9567,-84.1132,824.0,1299.0,1.5764563106796117,1.5764563106796117,Moderado
2026-05-28 14:00:00,14,3,San Jose Centro,24.0,67,8.0,9.9331,-84.0792,12.6,10.3,7.9,52.0,9.9358,-84.0558,9.9567,-84.1132,824.0,1180.0,1.4320388349514563,1.4320388349514563,Moderado
2026-05-28 15:00:00,15,3,San Jose Centro,26.2,58,5.1,9.9331,-84.0792,15.6,11.9,5.7,68.0,9.9358,-84.0558,9.9567,-84.1132,824.0,1196.0,1.4514563106796117,1.4514563106796117,Moderado
2026-05-28 16:00:00,16,3,San Jose Centro,26.9,56,3.3,9.9331,-84.0792,16.8,12.5,3.9,78.0,9.9358,-84.0558,9.9567,-84.1132,824.0,1098.0,1.3325242718446602,1.3325242718446602,Moderado
2026-05-28 17:00:00,17,3,San Jose Centro,26.6,57,6.3,9.9331,-84.0792,18.5,13.8,2.4,84.0,9.9358,-84.0558,9.9567,-84.1132,824.0,1028.0,1.2475728155339805,1.2475728155339805,Leve
2026-05-28 18:00:00,18,3,San Jose Centro,27.0,53,6.8,9.9331,-84.0792,19.3,14.4,2.2,84.0,9.9358,-84.0558,9.9567,-84.1132,824.0,972.0,1.1796116504854368,1.1796116504854368,Leve
2026-05-28 19:00:00,19,3,San Jose Centro,24.6,68,5.9,9.9331,-84.0792,18.8,14.1,3.2,77.0,9.9358,-84.0558,9.9567,-84.1132,824.0,1026.0,1.2451456310679612,1.2451456310679612,Leve
2026-05-28 20:00:00,20,3,San Jose Centro,24.3,71,3.5,9.9331,-84.0792,18.3,14.3,5.4,64.0,9.9358,-84.0558,9.9567,-84.1132,824.0,1065.0,1.2924757281553398,1.2924757281553398,Leve
2026-05-28 21:00:00,21,3,San Jose Centro,24.2,74,3.5,9.9331,-84.0792,17.6,14.4,9.9,51.0,9.9358,-84.0558,9.9567,-84.1132,824.0,1030.0,1.25,1.25,Leve
2026-05-28 22:00:00,22,3,San Jose Centro,22.7,82,4.4,9.9331,-84.0792,17.3,14.8,18.7,37.0,9.9358,-84.0558,9.9567,-84.1132,824.0,1092.0,1.325242718446602,1.325242718446602,Moderado
2026-05-28 23:00:00,23,3,San Jose Centro,20.8,89,3.0,9.9331,-84.0792,21.4,18.9,29.6,22.0,9.9358,-84.0558,9.9567,-84.1132,824.0,1245.0,1.5109223300970873,1.5109223300970873,Moderado
2026-05-29 00:00:00,0,4,San Jose Centro,21.7,86,3.2,9.9331,-84.0792,12.3,10.8,27.8,17.0,9.9358,-84.0558,9.9567,-84.1132,824.0,1031.0,1.2512135922330097,1.2512135922330097,Leve
2026-05-29 01:00:00,1,4,San Jose Centro,21.0,92,2.7,9.9331,-84.0792,6.0,5.5,28.5,14.0,9.9358,-84.0558,9.9567,-84.1132,824.0,837.0,1.0157766990291262,1.0157766990291262,Leve
2026-05-29 02:00:00,2,4,San Jose Centro,20.8,93,1.0,9.9331,-84.0792,5.0,4.7,29.5,9.0,9.9358,-84.0558,9.9567,-84.1132,824.0,813.0,0.9866504854368932,1.0,Fluido
2026-05-29 03:00:00,3,4,San Jose Centro,20.9,88,4.3,9.9331,-84.0792,4.1,4.0,30.0,5.0,9.9358,-84.0558,9.9567,-84.1132,824.0,791.0,0.9599514563106796,1.0,Fluido
2026-05-29 04:00:00,4,4,San Jose Centro,21.0,85,1.9,9.9331,-84.0792,3.9,3.8,30.0,3.0,9.9358,-84.0558,9.9567,-84.1132,824.0,776.0,0.941747572815534,1.0,Fluido
2026-05-29 05:00:00,5,4,San Jose Centro,20.4,86,5.9,9.9331,-84.0792,3.9,3.8,29.5,1.0,9.9358,-84.0558,9.9567,-84.1132,824.0,717.0,0.8701456310679612,1.0,Fluido
2026-05-29 06:00:00,6,4,San Jose Centro,19.8,94,2.7,9.9331,-84.0792,2.8,2.8,28.6,1.0,9.9358,-84.0558,9.9567,-84.1132,824.0,691.0,0.8385922330097088,1.0,Fluido
2026-05-29 07:00:00,7,4,San Jose Centro,19.5,96,4.6,9.9331,-84.0792,2.7,2.7,26.9,2.0,9.9358,-84.0558,9.9567,-84.1132,824.0,666.0,0.808252427184466,1.0,Fluido
2026-05-29 08:00:00,8,4,San Jose Centro,19.2,96,6.8,9.9331,-84.0792,2.2,2.1,24.8,3.0,9.9358,-84.0558,9.9567,-84.1132,824.0,628.0,0.7621359223300971,1.0,Fluido
2026-05-29 09:00:00,9,4,San Jose Centro,19.0,95,8.1,9.9331,-84.0792,2.2,2.1,22.6,5.0,9.9358,-84.0558,9.9567,-84.1132,824.0,641.0,0.7779126213592233,1.0,Fluido
2026-05-29 10:00:00,10,4,San Jose Centro,19.1,92,8.2,9.9331,-84.0792,2.3,2.1,20.6,6.0,9.9358,-84.0558,9.9567,-84.1132,824.0,674.0,0.8179611650485437,1.0,Fluido
2026-05-29 11:00:00,11,4,San Jose Centro,19.1,91,8.6,9.9331,-84.0792,2.0,1.9,18.5,8.0,9.9358,-84.0558,9.9567,-84.1132,824.0,741.0,0.8992718446601942,1.0,Fluido
2026-05-29 12:00:00,12,4,San Jose Centro,19.3,92,5.2,9.9331,-84.0792,4.5,4.2,19.4,10.0,9.9358,-84.0558,9.9567,-84.1132,824.0,887.0,1.0764563106796117,1.0764563106796117,Leve
2026-05-29 13:00:00,13,4,San Jose Centro,20.8,88,2.4,9.9331,-84.0792,7.5,6.9,16.6,20.0,9.9358,-84.0558,9.9567,-84.1132,824.0,977.0,1.1856796116504855,1.1856796116504855,Leve
2026-05-29 14:00:00,14,4,San Jose Centro,22.9,73,0.4,9.9331,-84.0792,8.2,7.3,12.8,34.0,9.9358,-84.0558,9.9567,-84.1132,824.0,970.0,1.1771844660194175,1.1771844660194175,Leve
2026-05-29 15:00:00,15,4,San Jose Centro,24.5,67,1.1,9.9331,-84.0792,8.2,7.2,9.7,47.0,9.9358,-84.0558,9.9567,-84.1132,824.0,1005.0,1.2196601941747574,1.2196601941747574,Leve
2026-05-29 16:00:00,16,4,San Jose Centro,25.1,65,2.9,9.9331,-84.0792,7.6,6.8,7.8,58.0,9.9358,-84.0558,9.9567,-84.1132,824.0,970.0,1.1771844660194175,1.1771844660194175,Leve
2026-05-29 17:00:00,17,4,San Jose Centro,24.6,69,4.0,9.9331,-84.0792,6.8,6.0,6.7,68.0,9.9358,-84.0558,9.9567,-84.1132,824.0,1001.0,1.2148058252427185,1.2148058252427185,Leve
2026-05-29 18:00:00,18,4,San Jose Centro,22.3,83,7.4,9.9331,-84.0792,9.5,8.5,6.9,72.0,9.9358,-84.0558,9.9567,-84.1132,824.0,1021.0,1.2390776699029127,1.2390776699029127,Leve
2026-05-29 19:00:00,19,4,San Jose Centro,22.3,83,4.8,9.9331,-84.0792,11.8,10.9,8.3,69.0,9.9358,-84.0558,9.9567,-84.1132,824.0,1054.0,1.279126213592233,1.279126213592233,Leve
2026-05-29 20:00:00,20,4,San Jose Centro,22.6,82,3.4,9.9331,-84.0792,12.6,12.0,10.9,60.0,9.9358,-84.0558,9.9567,-84.1132,824.0,1069.0,1.2973300970873787,1.2973300970873787,Leve
2026-05-29 21:00:00,21,4,San Jose Centro,22.2,83,3.1,9.9331,-84.0792,13.5,13.0,15.5,50.0,9.9358,-84.0558,9.9567,-84.1132,824.0,1060.0,1.2864077669902914,1.2864077669902914,Leve
2026-05-29 22:00:00,22,4,San Jose Centro,22.0,86,3.3,9.9331,-84.0792,14.9,14.6,23.9,38.0,9.9358,-84.0558,9.9567,-84.1132,824.0,1089.0,1.3216019417475728,1.3216019417475728,Moderado
2026-05-29 23:00:00,23,4,San Jose Centro,21.7,88,3.9,9.9331,-84.0792,17.7,17.6,34.4,25.0,9.9358,-84.0558,9.9567,-84.1132,824.0,1172.0,1.4223300970873787,1.4223300970873787,Moderado
2026-05-30 00:00:00,0,5,San Jose Centro,21.6,83,6.4,9.9331,-84.0792,11.1,10.3,23.4,28.0,9.9358,-84.0558,9.9567,-84.1132,824.0,967.0,1.1735436893203883,1.1735436893203883,Leve
2026-05-30 01:00:00,1,5,San Jose Centro,20.9,85,6.7,9.9331,-84.0792,7.7,7.3,24.3,22.0,9.9358,-84.0558,9.9567,-84.1132,824.0,817.0,0.991504854368932,1.0,Fluido
2026-05-30 02:00:00,2,5,San Jose Centro,20.1,88,4.5,9.9331,-84.0792,8.6,8.1,25.6,14.0,9.9358,-84.0558,9.9567,-84.1132,824.0,803.0,0.9745145631067961,1.0,Fluido
2026-05-30 03:00:00,3,5,San Jose Centro,19.8,91,1.9,9.9331,-84.0792,10.7,10.3,26.4,8.0,9.9358,-84.0558,9.9567,-84.1132,824.0,797.0,0.9672330097087378,1.0,Fluido
2026-05-30 04:00:00,4,5,San Jose Centro,19.5,94,1.5,9.9331,-84.0792,11.1,10.7,26.6,5.0,9.9358,-84.0558,9.9567,-84.1132,824.0,765.0,0.9283980582524272,1.0,Fluido
2026-05-30 05:00:00,5,5,San Jose Centro,19.4,94,1.5,9.9331,-84.0792,11.3,10.8,26.3,3.0,9.9358,-84.0558,9.9567,-84.1132,824.0,737.0,0.8944174757281553,1.0,Fluido
2026-05-30 06:00:00,6,5,San Jose Centro,19.5,89,4.1,9.9331,-84.0792,12.0,11.7,25.4,2.0,9.9358,-84.0558,9.9567,-84.1132,824.0,713.0,0.8652912621359223,1.0,Fluido
2026-05-30 07:00:00,7,5,San Jose Centro,19.0,92,3.7,9.9331,-84.0792,11.6,11.4,23.4,3.0,9.9358,-84.0558,9.9567,-84.1132,824.0,685.0,0.8313106796116505,1.0,Fluido
2026-05-30 08:00:00,8,5,San Jose Centro,18.7,90,4.3,9.9331,-84.0792,10.9,10.6,20.7,4.0,9.9358,-84.0558,9.9567,-84.1132,824.0,662.0,0.8033980582524272,1.0,Fluido
2026-05-30 09:00:00,9,5,San Jose Centro,18.7,89,4.5,9.9331,-84.0792,10.2,9.8,18.4,6.0,9.9358,-84.0558,9.9567,-84.1132,824.0,637.0,0.7730582524271845,1.0,Fluido
2026-05-30 10:00:00,10,5,San Jose Centro,18.3,88,6.1,9.9331,-84.0792,10.1,9.6,17.0,5.0,9.9358,-84.0558,9.9567,-84.1132,824.0,657.0,0.7973300970873787,1.0,Fluido
2026-05-30 11:00:00,11,5,San Jose Centro,18.2,86,6.7,9.9331,-84.0792,10.6,10.0,16.0,3.0,9.9358,-84.0558,9.9567,-84.1132,824.0,702.0,0.8519417475728155,1.0,Fluido
2026-05-30 12:00:00,12,5,San Jose Centro,18.4,82,7.8,9.9331,-84.0792,9.6,9.3,14.4,15.0,9.9358,-84.0558,9.9567,-84.1132,824.0,733.0,0.8895631067961165,1.0,Fluido
2026-05-30 13:00:00,13,5,San Jose Centro,21.4,72,2.9,9.9331,-84.0792,12.4,12.0,11.7,33.0,9.9358,-84.0558,9.9567,-84.1132,824.0,724.0,0.8786407766990292,1.0,Fluido
2026-05-30 14:00:00,14,5,San Jose Centro,22.9,64,3.1,9.9331,-84.0792,12.0,11.3,7.9,57.0,9.9358,-84.0558,9.9567,-84.1132,824.0,765.0,0.9283980582524272,1.0,Fluido
2026-05-30 15:00:00,15,5,San Jose Centro,23.8,66,6.3,9.9331,-84.0792,9.4,8.6,5.0,75.0,9.9358,-84.0558,9.9567,-84.1132,824.0,833.0,1.0109223300970873,1.0109223300970873,Leve
2026-05-30 16:00:00,16,5,San Jose Centro,24.5,66,4.7,9.9331,-84.0792,8.9,8.4,3.6,80.0,9.9358,-84.0558,9.9567,-84.1132,824.0,848.0,1.029126213592233,1.029126213592233,Leve
2026-05-30 17:00:00,17,5,San Jose Centro,25.8,62,7.4,9.9331,-84.0792,8.6,8.1,3.0,79.0,9.9358,-84.0558,9.9567,-84.1132,824.0,867.0,1.0521844660194175,1.0521844660194175,Leve
2026-05-30 18:00:00,18,5,San Jose Centro,25.1,65,9.6,9.9331,-84.0792,7.3,6.8,3.1,76.0,9.9358,-84.0558,9.9567,-84.1132,824.0,1030.0,1.25,1.25,Leve
2026-05-30 19:00:00,19,5,San Jose Centro,25.5,59,9.0,9.9331,-84.0792,8.9,8.0,3.9,73.0,9.9358,-84.0558,9.9567,-84.1132,824.0,1024.0,1.2427184466019416,1.2427184466019416,Leve
2026-05-30 20:00:00,20,5,San Jose Centro,23.0,75,9.9,9.9331,-84.0792,11.6,10.7,5.5,68.0,9.9358,-84.0558,9.9567,-84.1132,824.0,1063.0,1.2900485436893203,1.2900485436893203,Leve
2026-05-30 21:00:00,21,5,San Jose Centro,21.8,88,4.0,9.9331,-84.0792,7.1,6.6,7.8,62.0,9.9358,-84.0558,9.9567,-84.1132,824.0,943.0,1.1444174757281553,1.1444174757281553,Leve
2026-05-30 22:00:00,22,5,San Jose Centro,21.0,94,3.6,9.9331,-84.0792,7.3,7.0,11.6,56.0,9.9358,-84.0558,9.9567,-84.1132,824.0,822.0,0.9975728155339806,1.0,Fluido
2026-05-30 23:00:00,23,5,San Jose Centro,20.7,92,2.4,9.9331,-84.0792,5.9,5.7,16.3,50.0,9.9358,-84.0558,9.9567,-84.1132,824.0,833.0,1.0109223300970873,1.0109223300970873,Leve
2026-05-31 00:00:00,0,6,San Jose Centro,20.7,98,3.1,9.9331,-84.0792,18.0,17.1,22.1,42.0,9.9358,-84.0558,9.9567,-84.1132,824.0,848.0,1.029126213592233,1.029126213592233,Leve
2026-05-31 01:00:00,1,6,San Jose Centro,20.9,96,1.5,9.9331,-84.0792,14.1,13.5,22.1,37.0,9.9358,-84.0558,9.9567,-84.1132,824.0,793.0,0.962378640776699,1.0,Fluido
2026-05-31 02:00:00,2,6,San Jose Centro,20.8,95,0.6,9.9331,-84.0792,13.0,12.5,22.1,31.0,9.9358,-84.0558,9.9567,-84.1132,824.0,775.0,0.9405339805825242,1.0,Fluido
2026-05-31 03:00:00,3,6,San Jose Centro,20.5,95,2.1,9.9331,-84.0792,13.9,13.5,21.8,25.0,9.9358,-84.0558,9.9567,-84.1132,824.0,783.0,0.9502427184466019,1.0,Fluido
2026-05-31 04:00:00,4,6,San Jose Centro,20.1,98,1.5,9.9331,-84.0792,14.9,14.5,21.3,22.0,9.9358,-84.0558,9.9567,-84.1132,824.0,759.0,0.9211165048543689,1.0,Fluido
2026-05-31 05:00:00,5,6,San Jose Centro,20.1,95,2.1,9.9331,-84.0792,15.9,15.5,20.5,19.0,9.9358,-84.0558,9.9567,-84.1132,824.0,744.0,0.9029126213592233,1.0,Fluido
2026-05-31 06:00:00,6,6,San Jose Centro,19.6,95,5.4,9.9331,-84.0792,16.5,16.0,19.4,17.0,9.9358,-84.0558,9.9567,-84.1132,824.0,704.0,0.8543689320388349,1.0,Fluido
2026-05-31 07:00:00,7,6,San Jose Centro,19.1,93,7.7,9.9331,-84.0792,16.4,15.8,17.9,15.0,9.9358,-84.0558,9.9567,-84.1132,824.0,676.0,0.8203883495145631,1.0,Fluido
2026-05-31 08:00:00,8,6,San Jose Centro,18.6,92,8.6,9.9331,-84.0792,15.8,15.3,16.1,13.0,9.9358,-84.0558,9.9567,-84.1132,824.0,663.0,0.8046116504854369,1.0,Fluido
2026-05-31 09:00:00,9,6,San Jose Centro,18.1,92,9.7,9.9331,-84.0792,15.3,14.7,14.4,13.0,9.9358,-84.0558,9.9567,-84.1132,824.0,635.0,0.7706310679611651,1.0,Fluido
2026-05-31 10:00:00,10,6,San Jose Centro,18.1,92,10.0,9.9331,-84.0792,14.5,13.9,13.2,13.0,9.9358,-84.0558,9.9567,-84.1132,824.0,644.0,0.7815533980582524,1.0,Fluido
2026-05-31 11:00:00,11,6,San Jose Centro,18.3,89,9.5,9.9331,-84.0792,14.6,13.8,12.1,15.0,9.9358,-84.0558,9.9567,-84.1132,824.0,672.0,0.8155339805825242,1.0,Fluido
2026-05-31 12:00:00,12,6,San Jose Centro,19.1,84,9.0,9.9331,-84.0792,13.7,12.7,9.3,19.0,9.9358,-84.0558,9.9567,-84.1132,824.0,708.0,0.8592233009708737,1.0,Fluido
2026-05-31 13:00:00,13,6,San Jose Centro,21.4,77,8.1,9.9331,-84.0792,14.5,11.8,7.2,31.0,9.9358,-84.0558,9.9567,-84.1132,824.0,690.0,0.837378640776699,1.0,Fluido
2026-05-31 14:00:00,14,6,San Jose Centro,23.6,70,7.6,9.9331,-84.0792,11.7,9.1,4.3,48.0,9.9358,-84.0558,9.9567,-84.1132,824.0,711.0,0.8628640776699029,1.0,Fluido
2026-05-31 15:00:00,15,6,San Jose Centro,25.2,65,5.1,9.9331,-84.0792,10.3,8.1,2.1,61.0,9.9358,-84.0558,9.9567,-84.1132,824.0,714.0,0.866504854368932,1.0,Fluido
2026-05-31 16:00:00,16,6,San Jose Centro,26.8,61,4.3,9.9331,-84.0792,8.4,6.6,1.3,66.0,9.9358,-84.0558,9.9567,-84.1132,824.0,722.0,0.8762135922330098,1.0,Fluido
2026-05-31 17:00:00,17,6,San Jose Centro,25.9,64,4.6,9.9331,-84.0792,6.9,5.4,1.3,66.0,9.9358,-84.0558,9.9567,-84.1132,824.0,737.0,0.8944174757281553,1.0,Fluido
2026-05-31 18:00:00,18,6,San Jose Centro,25.9,60,4.1,9.9331,-84.0792,6.3,5.1,1.4,65.0,9.9358,-84.0558,9.9567,-84.1132,824.0,763.0,0.9259708737864077,1.0,Fluido
2026-05-31 19:00:00,19,6,San Jose Centro,25.6,65,2.7,9.9331,-84.0792,6.5,5.3,1.4,64.0,9.9358,-84.0558,9.9567,-84.1132,824.0,786.0,0.9538834951456311,1.0,Fluido
2026-05-31 20:00:00,20,6,San Jose Centro,26.2,62,2.0,9.9331,-84.0792,6.4,5.2,1.5,62.0,9.9358,-84.0558,9.9567,-84.1132,824.0,771.0,0.9356796116504854,1.0,Fluido
2026-05-31 21:00:00,21,6,San Jose Centro,24.9,68,4.0,9.9331,-84.0792,6.3,5.1,2.1,58.0,9.9358,-84.0558,9.9567,-84.1132,824.0,764.0,0.9271844660194175,1.0,Fluido
2026-05-31 22:00:00,22,6,San Jose Centro,24.0,77,4.3,9.9331,-84.0792,5.8,4.8,3.4,52.0,9.9358,-84.0558,9.9567,-84.1132,824.0,743.0,0.9016990291262136,1.0,Fluido
2026-05-31 23:00:00,23,6,San Jose Centro,23.1,83,4.3,9.9331,-84.0792,6.7,5.7,5.2,45.0,9.9358,-84.0558,9.9567,-84.1132,824.0,770.0,0.9344660194174758,1.0,Fluido
2026-06-01 00:00:00,0,0,San Jose Centro,22.1,92,1.0,9.9331,-84.0792,8.8,7.5,7.5,37.0,9.9358,-84.0558,9.9567,-84.1132,824.0,814.0,0.9878640776699029,1.0,Fluido
2026-06-01 01:00:00,1,0,San Jose Centro,22.2,91,2.4,9.9331,-84.0792,9.4,8.2,9.1,33.0,9.9358,-84.0558,9.9567,-84.1132,824.0,792.0,0.9611650485436893,1.0,Fluido
2026-06-01 02:00:00,2,0,San Jose Centro,22.0,92,4.7,9.9331,-84.0792,9.3,8.0,11.3,27.0,9.9358,-84.0558,9.9567,-84.1132,824.0,763.0,0.9259708737864077,1.0,Fluido
2026-06-01 03:00:00,3,0,San Jose Centro,22.0,88,7.7,9.9331,-84.0792,9.9,8.6,12.8,23.0,9.9358,-84.0558,9.9567,-84.1132,824.0,770.0,0.9344660194174758,1.0,Fluido
2026-06-01 04:00:00,4,0,San Jose Centro,21.4,88,8.1,9.9331,-84.0792,10.2,8.8,13.0,21.0,9.9358,-84.0558,9.9567,-84.1132,824.0,733.0,0.8895631067961165,1.0,Fluido
2026-06-01 05:00:00,5,0,San Jose Centro,20.8,90,7.7,9.9331,-84.0792,10.2,8.8,12.6,20.0,9.9358,-84.0558,9.9567,-84.1132,824.0,695.0,0.8434466019417476,1.0,Fluido
2026-06-01 06:00:00,6,0,San Jose Centro,20.8,85,6.9,9.9331,-84.0792,10.0,8.6,12.0,20.0,9.9358,-84.0558,9.9567,-84.1132,824.0,675.0,0.8191747572815534,1.0,Fluido
2026-06-01 07:00:00,7,0,San Jose Centro,20.6,85,6.9,9.9331,-84.0792,9.6,8.2,11.1,20.0,9.9358,-84.0558,9.9567,-84.1132,824.0,660.0,0.8009708737864077,1.0,Fluido
2026-06-01 08:00:00,8,0,San Jose Centro,20.3,86,6.6,9.9331,-84.0792,9.3,7.9,10.1,20.0,9.9358,-84.0558,9.9567,-84.1132,824.0,637.0,0.7730582524271845,1.0,Fluido
2026-06-01 09:00:00,9,0,San Jose Centro,19.7,88,7.4,9.9331,-84.0792,8.8,7.6,9.5,20.0,9.9358,-84.0558,9.9567,-84.1132,824.0,649.0,0.787621359223301,1.0,Fluido
2026-06-01 10:00:00,10,0,San Jose Centro,19.2,89,8.3,9.9331,-84.0792,8.4,7.3,10.1,18.0,9.9358,-84.0558,9.9567,-84.1132,824.0,684.0,0.8300970873786407,1.0,Fluido
2026-06-01 11:00:00,11,0,San Jose Centro,19.5,86,8.5,9.9331,-84.0792,8.5,7.5,11.2,15.0,9.9358,-84.0558,9.9567,-84.1132,824.0,760.0,0.9223300970873787,1.0,Fluido
2026-06-01 12:00:00,12,0,San Jose Centro,20.3,83,8.5,9.9331,-84.0792,12.0,10.2,9.0,25.0,9.9358,-84.0558,9.9567,-84.1132,824.0,1133.0,1.375,1.375,Moderado
2026-06-01 13:00:00,13,0,San Jose Centro,21.9,74,10.3,9.9331,-84.0792,13.7,11.4,7.6,38.0,9.9358,-84.0558,9.9567,-84.1132,824.0,1230.0,1.4927184466019416,1.4927184466019416,Moderado
2026-06-01 14:00:00,14,0,San Jose Centro,23.4,70,9.7,9.9331,-84.0792,13.5,11.3,5.6,55.0,9.9358,-84.0558,9.9567,-84.1132,824.0,1106.0,1.3422330097087378,1.3422330097087378,Moderado
2026-06-01 15:00:00,15,0,San Jose Centro,25.0,66,8.8,9.9331,-84.0792,11.6,9.1,4.0,67.0,9.9358,-84.0558,9.9567,-84.1132,824.0,1030.0,1.25,1.25,Leve
2026-06-01 16:00:00,16,0,San Jose Centro,26.3,63,7.4,9.9331,-84.0792,11.6,8.9,3.0,69.0,9.9358,-84.0558,9.9567,-84.1132,824.0,936.0,1.1359223300970873,1.1359223300970873,Leve
2026-06-01 17:00:00,17,0,San Jose Centro,26.6,61,8.3,9.9331,-84.0792,10.4,7.7,2.4,66.0,9.9358,-84.0558,9.9567,-84.1132,824.0,913.0,1.108009708737864,1.108009708737864,Leve
2026-06-01 18:00:00,18,0,San Jose Centro,26.0,64,8.1,9.9331,-84.0792,9.0,6.7,2.1,63.0,9.9358,-84.0558,9.9567,-84.1132,824.0,896.0,1.087378640776699,1.087378640776699,Leve
2026-06-01 19:00:00,19,0,San Jose Centro,26.2,62,11.7,9.9331,-84.0792,8.5,6.5,1.7,63.0,9.9358,-84.0558,9.9567,-84.1132,824.0,889.0,1.078883495145631,1.078883495145631,Leve
2026-06-01 20:00:00,20,0,San Jose Centro,26.0,63,12.4,9.9331,-84.0792,7.0,5.3,1.5,62.0,9.9358,-84.0558,9.9567,-84.1132,824.0,868.0,1.0533980582524272,1.0533980582524272,Leve
2026-06-01 21:00:00,21,0,San Jose Centro,26.0,64,9.1,9.9331,-84.0792,7.1,5.4,2.7,59.0,9.9358,-84.0558,9.9567,-84.1132,824.0,888.0,1.0776699029126213,1.0776699029126213,Leve
2026-06-01 22:00:00,22,0,San Jose Centro,25.5,65,7.7,9.9331,-84.0792,7.3,5.5,6.5,51.0,9.9358,-84.0558,9.9567,-84.1132,824.0,916.0,1.1116504854368932,1.1116504854368932,Leve
2026-06-01 23:00:00,23,0,San Jose Centro,24.2,72,8.5,9.9331,-84.0792,8.5,6.8,11.7,40.0,9.9358,-84.0558,9.9567,-84.1132,824.0,1042.0,1.2645631067961165,1.2645631067961165,Leve
2026-06-02 00:00:00,0,1,San Jose Centro,22.6,79,7.7,9.9331,-84.0792,13.1,10.2,9.9,41.0,9.9358,-84.0558,9.9567,-84.1132,824.0,923.0,1.1201456310679612,1.1201456310679612,Leve
2026-06-02 01:00:00,1,1,San Jose Centro,21.9,82,9.2,9.9331,-84.0792,13.9,11.9,12.6,34.0,9.9358,-84.0558,9.9567,-84.1132,824.0,792.0,0.9611650485436893,1.0,Fluido
2026-06-02 02:00:00,2,1,San Jose Centro,21.6,81,8.3,9.9331,-84.0792,13.1,11.2,16.4,23.0,9.9358,-84.0558,9.9567,-84.1132,824.0,768.0,0.9320388349514563,1.0,Fluido
2026-06-02 03:00:00,3,1,San Jose Centro,21.5,80,7.0,9.9331,-84.0792,13.1,11.3,19.0,16.0,9.9358,-84.0558,9.9567,-84.1132,824.0,771.0,0.9356796116504854,1.0,Fluido
2026-06-02 04:00:00,4,1,San Jose Centro,21.2,81,6.5,9.9331,-84.0792,13.6,11.7,19.5,14.0,9.9358,-84.0558,9.9567,-84.1132,824.0,732.0,0.8883495145631068,1.0,Fluido
2026-06-02 05:00:00,5,1,San Jose Centro,21.0,81,5.8,9.9331,-84.0792,13.9,12.0,18.9,14.0,9.9358,-84.0558,9.9567,-84.1132,824.0,690.0,0.837378640776699,1.0,Fluido
2026-06-02 06:00:00,6,1,San Jose Centro,19.8,86,7.5,9.9331,-84.0792,13.4,11.5,17.7,15.0,9.9358,-84.0558,9.9567,-84.1132,824.0,668.0,0.8106796116504854,1.0,Fluido
2026-06-02 07:00:00,7,1,San Jose Centro,20.0,81,6.8,9.9331,-84.0792,12.4,10.3,15.6,17.0,9.9358,-84.0558,9.9567,-84.1132,824.0,632.0,0.7669902912621359,1.0,Fluido
2026-06-02 08:00:00,8,1,San Jose Centro,19.6,83,6.9,9.9331,-84.0792,11.9,9.7,12.9,19.0,9.9358,-84.0558,9.9567,-84.1132,824.0,656.0,0.7961165048543689,1.0,Fluido
2026-06-02 09:00:00,9,1,San Jose Centro,19.6,84,6.7,9.9331,-84.0792,11.3,9.2,11.0,21.0,9.9358,-84.0558,9.9567,-84.1132,824.0,652.0,0.7912621359223301,1.0,Fluido
2026-06-02 10:00:00,10,1,San Jose Centro,19.3,85,7.8,9.9331,-84.0792,10.2,8.3,11.1,21.0,9.9358,-84.0558,9.9567,-84.1132,824.0,662.0,0.8033980582524272,1.0,Fluido
2026-06-02 11:00:00,11,1,San Jose Centro,19.0,85,8.7,9.9331,-84.0792,10.0,8.1,12.0,20.0,9.9358,-84.0558,9.9567,-84.1132,824.0,738.0,0.8956310679611651,1.0,Fluido
2026-06-02 12:00:00,12,1,San Jose Centro,20.4,81,8.2,9.9331,-84.0792,12.1,9.4,8.8,30.0,9.9358,-84.0558,9.9567,-84.1132,824.0,1117.0,1.3555825242718447,1.3555825242718447,Moderado
2026-06-02 13:00:00,13,1,San Jose Centro,22.0,74,8.3,9.9331,-84.0792,11.1,9.2,7.6,38.0,9.9358,-84.0558,9.9567,-84.1132,824.0,1379.0,1.6735436893203883,1.6735436893203883,Moderado
2026-06-02 14:00:00,14,1,San Jose Centro,23.5,69,8.8,9.9331,-84.0792,10.2,8.8,5.9,50.0,9.9358,-84.0558,9.9567,-84.1132,824.0,1285.0,1.5594660194174756,1.5594660194174756,Moderado
2026-06-02 15:00:00,15,1,San Jose Centro,25.1,64,8.6,9.9331,-84.0792,5.6,4.7,4.5,58.0,9.9358,-84.0558,9.9567,-84.1132,824.0,1182.0,1.4344660194174756,1.4344660194174756,Moderado
2026-06-02 16:00:00,16,1,San Jose Centro,25.7,64,7.2,9.9331,-84.0792,3.2,2.7,3.5,59.0,9.9358,-84.0558,9.9567,-84.1132,824.0,1161.0,1.4089805825242718,1.4089805825242718,Moderado
2026-06-02 17:00:00,17,1,San Jose Centro,24.2,77,5.1,9.9331,-84.0792,2.9,2.4,2.8,58.0,9.9358,-84.0558,9.9567,-84.1132,824.0,985.0,1.1953883495145632,1.1953883495145632,Leve
2026-06-02 18:00:00,18,1,San Jose Centro,23.7,79,2.1,9.9331,-84.0792,4.2,3.4,2.5,57.0,9.9358,-84.0558,9.9567,-84.1132,824.0,969.0,1.1759708737864079,1.1759708737864079,Leve
2026-06-02 19:00:00,19,1,San Jose Centro,23.3,80,4.2,9.9331,-84.0792,5.8,4.7,2.2,61.0,9.9358,-84.0558,9.9567,-84.1132,824.0,918.0,1.1140776699029127,1.1140776699029127,Leve
2026-06-02 20:00:00,20,1,San Jose Centro,24.7,72,4.4,9.9331,-84.0792,7.8,6.5,2.4,66.0,9.9358,-84.0558,9.9567,-84.1132,824.0,922.0,1.1189320388349515,1.1189320388349515,Leve
2026-06-02 21:00:00,21,1,San Jose Centro,25.3,66,4.2,9.9331,-84.0792,8.4,6.9,4.5,66.0,9.9358,-84.0558,9.9567,-84.1132,824.0,929.0,1.1274271844660195,1.1274271844660195,Leve
2026-06-02 22:00:00,22,1,San Jose Centro,25.1,66,2.9,9.9331,-84.0792,8.5,7.0,10.8,54.0,9.9358,-84.0558,9.9567,-84.1132,824.0,1045.0,1.2682038834951457,1.2682038834951457,Leve
2026-06-02 23:00:00,23,1,San Jose Centro,22.8,78,5.1,9.9331,-84.0792,9.4,7.9,19.1,36.0,9.9358,-84.0558,9.9567,-84.1132,824.0,1221.0,1.4817961165048543,1.4817961165048543,Moderado
2026-06-03 00:00:00,0,2,San Jose Centro,23.2,72,3.1,9.9331,-84.0792,15.1,13.3,23.3,21.0,9.9358,-84.0558,9.9567,-84.1132,824.0,978.0,1.1868932038834952,1.1868932038834952,Leve
2026-06-03 01:00:00,1,2,San Jose Centro,22.3,75,5.6,9.9331,-84.0792,12.8,11.6,23.5,18.0,9.9358,-84.0558,9.9567,-84.1132,824.0,806.0,0.9781553398058253,1.0,Fluido
2026-06-03 02:00:00,2,2,San Jose Centro,21.5,79,7.8,9.9331,-84.0792,13.4,12.0,23.8,14.0,9.9358,-84.0558,9.9567,-84.1132,824.0,766.0,0.9296116504854369,1.0,Fluido
2026-06-03 03:00:00,3,2,San Jose Centro,21.3,79,7.6,9.9331,-84.0792,13.9,12.3,23.7,11.0,9.9358,-84.0558,9.9567,-84.1132,824.0,785.0,0.9526699029126213,1.0,Fluido
2026-06-03 04:00:00,4,2,San Jose Centro,21.2,79,6.5,9.9331,-84.0792,14.0,12.3,22.9,10.0,9.9358,-84.0558,9.9567,-84.1132,824.0,749.0,0.9089805825242718,1.0,Fluido
2026-06-03 05:00:00,5,2,San Jose Centro,21.0,81,5.0,9.9331,-84.0792,13.8,12.3,21.7,9.0,9.9358,-84.0558,9.9567,-84.1132,824.0,711.0,0.8628640776699029,1.0,Fluido
2026-06-03 06:00:00,6,2,San Jose Centro,19.7,88,5.3,9.9331,-84.0792,13.2,11.6,20.2,9.0,9.9358,-84.0558,9.9567,-84.1132,824.0,684.0,0.8300970873786407,1.0,Fluido
2026-06-03 07:00:00,7,2,San Jose Centro,19.1,90,5.7,9.9331,-84.0792,12.8,11.2,18.1,10.0,9.9358,-84.0558,9.9567,-84.1132,824.0,643.0,0.7803398058252428,1.0,Fluido
2026-06-03 08:00:00,8,2,San Jose Centro,19.0,90,4.5,9.9331,-84.0792,11.6,9.9,15.7,12.0,9.9358,-84.0558,9.9567,-84.1132,824.0,638.0,0.7742718446601942,1.0,Fluido
2026-06-03 09:00:00,9,2,San Jose Centro,19.2,87,4.9,9.9331,-84.0792,11.4,9.7,13.9,13.0,9.9358,-84.0558,9.9567,-84.1132,824.0,631.0,0.7657766990291263,1.0,Fluido
2026-06-03 10:00:00,10,2,San Jose Centro,19.1,87,5.1,9.9331,-84.0792,11.2,9.7,13.4,13.0,9.9358,-84.0558,9.9567,-84.1132,824.0,660.0,0.8009708737864077,1.0,Fluido
2026-06-03 11:00:00,11,2,San Jose Centro,19.2,89,3.4,9.9331,-84.0792,11.2,9.7,13.5,12.0,9.9358,-84.0558,9.9567,-84.1132,824.0,737.0,0.8944174757281553,1.0,Fluido
2026-06-03 12:00:00,12,2,San Jose Centro,20.0,85,6.1,9.9331,-84.0792,6.0,4.8,9.8,30.0,9.9358,-84.0558,9.9567,-84.1132,824.0,1132.0,1.3737864077669903,1.3737864077669903,Moderado
2026-06-03 13:00:00,13,2,San Jose Centro,22.0,74,5.7,9.9331,-84.0792,7.2,6.2,8.4,40.0,9.9358,-84.0558,9.9567,-84.1132,824.0,1320.0,1.6019417475728155,1.6019417475728155,Moderado
2026-06-03 14:00:00,14,2,San Jose Centro,23.0,70,5.4,9.9331,-84.0792,9.5,8.0,6.6,54.0,9.9358,-84.0558,9.9567,-84.1132,824.0,1219.0,1.479368932038835,1.479368932038835,Moderado
2026-06-03 15:00:00,15,2,San Jose Centro,24.8,66,2.0,9.9331,-84.0792,6.6,5.6,5.6,63.0,9.9358,-84.0558,9.9567,-84.1132,824.0,1120.0,1.3592233009708738,1.3592233009708738,Moderado
2026-06-03 16:00:00,16,2,San Jose Centro,25.6,66,4.1,9.9331,-84.0792,4.0,3.6,6.1,63.0,9.9358,-84.0558,9.9567,-84.1132,824.0,1051.0,1.2754854368932038,1.2754854368932038,Leve
2026-06-03 17:00:00,17,2,San Jose Centro,23.0,80,4.7,9.9331,-84.0792,4.5,4.1,7.3,57.0,9.9358,-84.0558,9.9567,-84.1132,824.0,1006.0,1.220873786407767,1.220873786407767,Leve
2026-06-03 18:00:00,18,2,San Jose Centro,23.7,77,3.6,9.9331,-84.0792,7.0,6.8,8.5,53.0,9.9358,-84.0558,9.9567,-84.1132,824.0,1045.0,1.2682038834951457,1.2682038834951457,Leve
2026-06-03 19:00:00,19,2,San Jose Centro,21.0,89,8.2,9.9331,-84.0792,9.2,8.9,8.5,53.0,9.9358,-84.0558,9.9567,-84.1132,824.0,959.0,1.1638349514563107,1.1638349514563107,Leve
2026-06-03 20:00:00,20,2,San Jose Centro,20.5,98,6.0,9.9331,-84.0792,5.0,4.9,8.5,54.0,9.9358,-84.0558,9.9567,-84.1132,824.0,936.0,1.1359223300970873,1.1359223300970873,Leve
2026-06-03 21:00:00,21,2,San Jose Centro,20.7,95,5.0,9.9331,-84.0792,5.8,5.6,11.0,51.0,9.9358,-84.0558,9.9567,-84.1132,824.0,921.0,1.1177184466019416,1.1177184466019416,Leve
2026-06-03 22:00:00,22,2,San Jose Centro,20.3,99,4.4,9.9331,-84.0792,8.0,7.9,18.4,39.0,9.9358,-84.0558,9.9567,-84.1132,824.0,1041.0,1.2633495145631068,1.2633495145631068,Leve
2026-06-03 23:00:00,23,2,San Jose Centro,20.0,100,1.8,9.9331,-84.0792,7.5,7.4,28.2,23.0,9.9358,-84.0558,9.9567,-84.1132,824.0,1184.0,1.4368932038834952,1.4368932038834952,Moderado
2026-06-04 00:00:00,0,3,San Jose Centro,20.2,93,1.3,9.9331,-84.0792,7.7,7.5,31.7,16.0,9.9358,-84.0558,9.9567,-84.1132,824.0,1004.0,1.2184466019417475,1.2184466019417475,Leve
2026-06-04 01:00:00,1,3,San Jose Centro,20.2,96,1.2,9.9331,-84.0792,6.8,6.7,33.3,12.0,9.9358,-84.0558,9.9567,-84.1132,824.0,820.0,0.9951456310679612,1.0,Fluido
2026-06-04 02:00:00,2,3,San Jose Centro,20.1,95,1.4,9.9331,-84.0792,5.1,5.1,35.5,7.0,9.9358,-84.0558,9.9567,-84.1132,824.0,785.0,0.9526699029126213,1.0,Fluido
2026-06-04 03:00:00,3,3,San Jose Centro,20.2,93,0.2,9.9331,-84.0792,4.4,4.4,36.9,3.0,9.9358,-84.0558,9.9567,-84.1132,824.0,798.0,0.9684466019417476,1.0,Fluido
2026-06-04 04:00:00,4,3,San Jose Centro,19.7,96,2.2,9.9331,-84.0792,3.9,3.9,36.8,2.0,9.9358,-84.0558,9.9567,-84.1132,824.0,752.0,0.912621359223301,1.0,Fluido
2026-06-04 05:00:00,5,3,San Jose Centro,19.2,98,3.3,9.9331,-84.0792,3.3,3.3,35.9,3.0,9.9358,-84.0558,9.9567,-84.1132,824.0,708.0,0.8592233009708737,1.0,Fluido
2026-06-04 06:00:00,6,3,San Jose Centro,19.0,95,3.4,9.9331,-84.0792,2.2,2.2,34.4,4.0,9.9358,-84.0558,9.9567,-84.1132,824.0,674.0,0.8179611650485437,1.0,Fluido
2026-06-04 07:00:00,7,3,San Jose Centro,18.7,94,4.2,9.9331,-84.0792,1.7,1.7,32.3,4.0,9.9358,-84.0558,9.9567,-84.1132,824.0,634.0,0.7694174757281553,1.0,Fluido
2026-06-04 08:00:00,8,3,San Jose Centro,18.7,94,4.5,9.9331,-84.0792,1.6,1.6,29.7,4.0,9.9358,-84.0558,9.9567,-84.1132,824.0,649.0,0.787621359223301,1.0,Fluido
2026-06-04 09:00:00,9,3,San Jose Centro,18.2,94,3.9,9.9331,-84.0792,1.7,1.6,27.2,5.0,9.9358,-84.0558,9.9567,-84.1132,824.0,645.0,0.7827669902912622,1.0,Fluido
2026-06-04 10:00:00,10,3,San Jose Centro,18.0,94,5.1,9.9331,-84.0792,2.2,2.2,25.2,6.0,9.9358,-84.0558,9.9567,-84.1132,824.0,664.0,0.8058252427184466,1.0,Fluido
2026-06-04 11:00:00,11,3,San Jose Centro,18.0,94,6.1,9.9331,-84.0792,3.3,3.2,23.2,9.0,9.9358,-84.0558,9.9567,-84.1132,824.0,752.0,0.912621359223301,1.0,Fluido
2026-06-04 12:00:00,12,3,San Jose Centro,18.8,92,7.8,9.9331,-84.0792,10.0,9.5,20.9,15.0,9.9358,-84.0558,9.9567,-84.1132,824.0,1087.0,1.3191747572815533,1.3191747572815533,Moderado
2026-06-04 13:00:00,13,3,San Jose Centro,20.7,84,7.3,9.9331,-84.0792,7.9,7.5,20.5,25.0,9.9358,-84.0558,9.9567,-84.1132,824.0,1299.0,1.5764563106796117,1.5764563106796117,Moderado
2026-06-04 14:00:00,14,3,San Jose Centro,22.9,75,4.8,9.9331,-84.0792,9.5,9.1,19.8,38.0,9.9358,-84.0558,9.9567,-84.1132,824.0,1180.0,1.4320388349514563,1.4320388349514563,Moderado
2026-06-04 15:00:00,15,3,San Jose Centro,24.4,71,2.3,9.9331,-84.0792,12.5,12.3,18.8,50.0,9.9358,-84.0558,9.9567,-84.1132,824.0,1196.0,1.4514563106796117,1.4514563106796117,Moderado
2026-06-04 16:00:00,16,3,San Jose Centro,22.9,82,9.3,9.9331,-84.0792,9.5,9.2,17.0,58.0,9.9358,-84.0558,9.9567,-84.1132,824.0,1098.0,1.3325242718446602,1.3325242718446602,Moderado
2026-06-04 17:00:00,17,3,San Jose Centro,21.4,91,6.0,9.9331,-84.0792,11.6,11.4,14.9,63.0,9.9358,-84.0558,9.9567,-84.1132,824.0,1028.0,1.2475728155339805,1.2475728155339805,Leve
2026-06-04 18:00:00,18,3,San Jose Centro,21.3,93,8.5,9.9331,-84.0792,10.0,9.8,13.9,66.0,9.9358,-84.0558,9.9567,-84.1132,824.0,972.0,1.1796116504854368,1.1796116504854368,Leve
2026-06-04 19:00:00,19,3,San Jose Centro,21.9,90,5.6,9.9331,-84.0792,9.0,8.8,14.0,66.0,9.9358,-84.0558,9.9567,-84.1132,824.0,1026.0,1.2451456310679612,1.2451456310679612,Leve
2026-06-04 20:00:00,20,3,San Jose Centro,19.8,94,3.7,9.9331,-84.0792,12.3,12.1,15.1,62.0,9.9358,-84.0558,9.9567,-84.1132,824.0,1065.0,1.2924757281553398,1.2924757281553398,Leve
2026-06-04 21:00:00,21,3,San Jose Centro,20.0,98,2.7,9.9331,-84.0792,6.9,6.9,18.6,56.0,9.9358,-84.0558,9.9567,-84.1132,824.0,1030.0,1.25,1.25,Leve
2026-06-04 22:00:00,22,3,San Jose Centro,20.0,97,3.6,9.9331,-84.0792,5.0,5.0,26.4,44.0,9.9358,-84.0558,9.9567,-84.1132,824.0,1092.0,1.325242718446602,1.325242718446602,Moderado
2026-06-04 23:00:00,23,3,San Jose Centro,19.8,99,2.2,9.9331,-84.0792,9.5,9.4,36.6,29.0,9.9358,-84.0558,9.9567,-84.1132,824.0,1245.0,1.5109223300970873,1.5109223300970873,Moderado
2026-06-05 00:00:00,0,4,San Jose Centro,19.6,95,3.1,9.9331,-84.0792,9.2,9.1,35.3,32.0,9.9358,-84.0558,9.9567,-84.1132,824.0,1031.0,1.2512135922330097,1.2512135922330097,Leve
2026-06-05 01:00:00,1,4,San Jose Centro,19.4,98,2.5,9.9331,-84.0792,7.2,7.2,36.2,25.0,9.9358,-84.0558,9.9567,-84.1132,824.0,837.0,1.0157766990291262,1.0157766990291262,Leve
2026-06-05 02:00:00,2,4,San Jose Centro,19.5,96,3.1,9.9331,-84.0792,5.4,5.4,37.4,15.0,9.9358,-84.0558,9.9567,-84.1132,824.0,813.0,0.9866504854368932,1.0,Fluido
2026-06-05 03:00:00,3,4,San Jose Centro,19.3,98,0.8,9.9331,-84.0792,8.3,8.3,37.9,7.0,9.9358,-84.0558,9.9567,-84.1132,824.0,791.0,0.9599514563106796,1.0,Fluido
2026-06-05 04:00:00,4,4,San Jose Centro,19.3,97,1.8,9.9331,-84.0792,8.6,8.6,37.4,4.0,9.9358,-84.0558,9.9567,-84.1132,824.0,776.0,0.941747572815534,1.0,Fluido
2026-06-05 05:00:00,5,4,San Jose Centro,19.0,98,4.4,9.9331,-84.0792,8.7,8.7,36.2,3.0,9.9358,-84.0558,9.9567,-84.1132,824.0,717.0,0.8701456310679612,1.0,Fluido
2026-06-05 06:00:00,6,4,San Jose Centro,18.9,95,3.8,9.9331,-84.0792,8.1,8.1,34.5,2.0,9.9358,-84.0558,9.9567,-84.1132,824.0,691.0,0.8385922330097088,1.0,Fluido
2026-06-05 07:00:00,7,4,San Jose Centro,18.8,96,1.3,9.9331,-84.0792,8.2,8.2,32.3,1.0,9.9358,-84.0558,9.9567,-84.1132,824.0,666.0,0.808252427184466,1.0,Fluido
2026-06-05 08:00:00,8,4,San Jose Centro,18.5,97,0.4,9.9331,-84.0792,8.3,8.3,29.6,0.0,9.9358,-84.0558,9.9567,-84.1132,824.0,628.0,0.7621359223300971,1.0,Fluido
2026-06-05 09:00:00,9,4,San Jose Centro,18.3,95,3.5,9.9331,-84.0792,8.5,8.5,26.7,1.0,9.9358,-84.0558,9.9567,-84.1132,824.0,641.0,0.7779126213592233,1.0,Fluido
2026-06-05 10:00:00,10,4,San Jose Centro,18.2,95,2.1,9.9331,-84.0792,8.3,8.3,23.8,2.0,9.9358,-84.0558,9.9567,-84.1132,824.0,674.0,0.8179611650485437,1.0,Fluido
2026-06-05 11:00:00,11,4,San Jose Centro,18.1,93,1.6,9.9331,-84.0792,8.2,8.2,20.7,4.0,9.9358,-84.0558,9.9567,-84.1132,824.0,741.0,0.8992718446601942,1.0,Fluido
2026-06-05 12:00:00,12,4,San Jose Centro,19.0,96,4.6,9.9331,-84.0792,25.6,24.7,16.9,11.0,9.9358,-84.0558,9.9567,-84.1132,824.0,887.0,1.0764563106796117,1.0764563106796117,Leve
2026-06-05 13:00:00,13,4,San Jose Centro,20.9,88,3.5,9.9331,-84.0792,26.6,26.3,14.6,29.0,9.9358,-84.0558,9.9567,-84.1132,824.0,977.0,1.1856796116504855,1.1856796116504855,Leve
2026-06-05 14:00:00,14,4,San Jose Centro,22.2,78,3.8,9.9331,-84.0792,26.4,26.0,11.5,55.0,9.9358,-84.0558,9.9567,-84.1132,824.0,970.0,1.1771844660194175,1.1771844660194175,Leve
2026-06-05 15:00:00,15,4,San Jose Centro,23.0,76,5.7,9.9331,-84.0792,21.7,21.1,8.9,74.0,9.9358,-84.0558,9.9567,-84.1132,824.0,1005.0,1.2196601941747574,1.2196601941747574,Leve
2026-06-05 16:00:00,16,4,San Jose Centro,24.0,76,7.3,9.9331,-84.0792,17.2,16.5,7.2,81.0,9.9358,-84.0558,9.9567,-84.1132,824.0,970.0,1.1771844660194175,1.1771844660194175,Leve
2026-06-05 17:00:00,17,4,San Jose Centro,22.0,86,9.4,9.9331,-84.0792,15.1,14.6,6.0,82.0,9.9358,-84.0558,9.9567,-84.1132,824.0,1001.0,1.2148058252427185,1.2148058252427185,Leve
2026-06-05 18:00:00,18,4,San Jose Centro,20.7,90,7.9,9.9331,-84.0792,14.4,14.0,6.0,80.0,9.9358,-84.0558,9.9567,-84.1132,824.0,1021.0,1.2390776699029127,1.2390776699029127,Leve
2026-06-05 19:00:00,19,4,San Jose Centro,20.4,93,4.7,9.9331,-84.0792,15.1,14.8,6.9,76.0,9.9358,-84.0558,9.9567,-84.1132,824.0,1054.0,1.279126213592233,1.279126213592233,Leve
2026-06-05 20:00:00,20,4,San Jose Centro,21.5,88,6.9,9.9331,-84.0792,11.2,11.1,9.0,70.0,9.9358,-84.0558,9.9567,-84.1132,824.0,1069.0,1.2973300970873787,1.2973300970873787,Leve
2026-06-05 21:00:00,21,4,San Jose Centro,19.4,100,5.5,9.9331,-84.0792,8.5,8.4,13.4,60.0,9.9358,-84.0558,9.9567,-84.1132,824.0,1060.0,1.2864077669902914,1.2864077669902914,Leve
2026-06-05 22:00:00,22,4,San Jose Centro,19.2,100,2.7,9.9331,-84.0792,8.0,7.9,22.5,45.0,9.9358,-84.0558,9.9567,-84.1132,824.0,1089.0,1.3216019417475728,1.3216019417475728,Moderado
2026-06-05 23:00:00,23,4,San Jose Centro,19.6,97,0.7,9.9331,-84.0792,8.8,8.8,33.8,27.0,9.9358,-84.0558,9.9567,-84.1132,824.0,1172.0,1.4223300970873787,1.4223300970873787,Moderado
2026-06-06 00:00:00,0,5,San Jose Centro,19.0,98,4.3,9.9331,-84.0792,12.4,12.1,30.9,24.0,9.9358,-84.0558,9.9567,-84.1132,824.0,967.0,1.1735436893203883,1.1735436893203883,Leve
2026-06-06 01:00:00,1,5,San Jose Centro,19.0,98,4.4,9.9331,-84.0792,6.6,6.5,29.3,20.0,9.9358,-84.0558,9.9567,-84.1132,824.0,817.0,0.991504854368932,1.0,Fluido
2026-06-06 02:00:00,2,5,San Jose Centro,18.9,99,3.6,9.9331,-84.0792,5.0,4.9,27.1,15.0,9.9358,-84.0558,9.9567,-84.1132,824.0,803.0,0.9745145631067961,1.0,Fluido
2026-06-06 03:00:00,3,5,San Jose Centro,18.9,98,1.8,9.9331,-84.0792,4.8,4.7,24.9,12.0,9.9358,-84.0558,9.9567,-84.1132,824.0,797.0,0.9672330097087378,1.0,Fluido
2026-06-06 04:00:00,4,5,San Jose Centro,18.9,98,1.1,9.9331,-84.0792,4.2,4.2,23.2,11.0,9.9358,-84.0558,9.9567,-84.1132,824.0,765.0,0.9283980582524272,1.0,Fluido
2026-06-06 05:00:00,5,5,San Jose Centro,19.0,98,2.8,9.9331,-84.0792,4.0,3.9,21.6,13.0,9.9358,-84.0558,9.9567,-84.1132,824.0,737.0,0.8944174757281553,1.0,Fluido
2026-06-06 06:00:00,6,5,San Jose Centro,19.0,96,0.7,9.9331,-84.0792,3.0,3.0,19.6,14.0,9.9358,-84.0558,9.9567,-84.1132,824.0,713.0,0.8652912621359223,1.0,Fluido
2026-06-06 07:00:00,7,5,San Jose Centro,18.7,98,1.2,9.9331,-84.0792,2.3,2.3,16.4,16.0,9.9358,-84.0558,9.9567,-84.1132,824.0,685.0,0.8313106796116505,1.0,Fluido
2026-06-06 08:00:00,8,5,San Jose Centro,18.8,96,2.4,9.9331,-84.0792,1.8,1.8,12.9,19.0,9.9358,-84.0558,9.9567,-84.1132,824.0,662.0,0.8033980582524272,1.0,Fluido
2026-06-06 09:00:00,9,5,San Jose Centro,18.7,95,1.4,9.9331,-84.0792,1.4,1.4,10.6,20.0,9.9358,-84.0558,9.9567,-84.1132,824.0,637.0,0.7730582524271845,1.0,Fluido
2026-06-06 10:00:00,10,5,San Jose Centro,18.7,95,0.3,9.9331,-84.0792,1.4,1.4,10.9,17.0,9.9358,-84.0558,9.9567,-84.1132,824.0,657.0,0.7973300970873787,1.0,Fluido
2026-06-06 11:00:00,11,5,San Jose Centro,18.6,94,3.6,9.9331,-84.0792,1.6,1.6,12.6,14.0,9.9358,-84.0558,9.9567,-84.1132,824.0,702.0,0.8519417475728155,1.0,Fluido
2026-06-06 12:00:00,12,5,San Jose Centro,19.4,95,2.1,9.9331,-84.0792,3.4,3.3,12.9,10.0,9.9358,-84.0558,9.9567,-84.1132,824.0,733.0,0.8895631067961165,1.0,Fluido
2026-06-06 13:00:00,13,5,San Jose Centro,20.0,93,1.3,9.9331,-84.0792,4.4,4.2,11.0,27.0,9.9358,-84.0558,9.9567,-84.1132,824.0,724.0,0.8786407766990292,1.0,Fluido
2026-06-06 14:00:00,14,5,San Jose Centro,20.9,87,2.7,9.9331,-84.0792,5.9,5.8,8.5,50.0,9.9358,-84.0558,9.9567,-84.1132,824.0,765.0,0.9283980582524272,1.0,Fluido
2026-06-06 15:00:00,15,5,San Jose Centro,22.0,81,4.0,9.9331,-84.0792,5.7,5.7,6.7,65.0,9.9358,-84.0558,9.9567,-84.1132,824.0,833.0,1.0109223300970873,1.0109223300970873,Leve
2026-06-06 16:00:00,16,5,San Jose Centro,22.8,80,6.2,9.9331,-84.0792,4.7,4.7,6.4,65.0,9.9358,-84.0558,9.9567,-84.1132,824.0,848.0,1.029126213592233,1.029126213592233,Leve
2026-06-06 17:00:00,17,5,San Jose Centro,23.0,75,7.6,9.9331,-84.0792,4.2,4.2,6.9,57.0,9.9358,-84.0558,9.9567,-84.1132,824.0,867.0,1.0521844660194175,1.0521844660194175,Leve
2026-06-06 18:00:00,18,5,San Jose Centro,24.0,66,9.7,9.9331,-84.0792,6.4,6.3,7.5,52.0,9.9358,-84.0558,9.9567,-84.1132,824.0,1030.0,1.25,1.25,Leve
2026-06-06 19:00:00,19,5,San Jose Centro,22.3,85,8.1,9.9331,-84.0792,6.0,6.0,7.5,54.0,9.9358,-84.0558,9.9567,-84.1132,824.0,1024.0,1.2427184466019416,1.2427184466019416,Leve
2026-06-06 20:00:00,20,5,San Jose Centro,21.0,92,5.4,9.9331,-84.0792,5.3,5.3,7.5,58.0,9.9358,-84.0558,9.9567,-84.1132,824.0,1063.0,1.2900485436893203,1.2900485436893203,Leve
2026-06-06 21:00:00,21,5,San Jose Centro,20.1,98,6.1,9.9331,-84.0792,5.6,5.6,9.3,58.0,9.9358,-84.0558,9.9567,-84.1132,824.0,943.0,1.1444174757281553,1.1444174757281553,Leve
2026-06-06 22:00:00,22,5,San Jose Centro,20.1,97,5.1,9.9331,-84.0792,5.7,5.6,14.6,51.0,9.9358,-84.0558,9.9567,-84.1132,824.0,822.0,0.9975728155339806,1.0,Fluido
2026-06-06 23:00:00,23,5,San Jose Centro,20.0,96,3.3,9.9331,-84.0792,7.8,7.8,21.6,41.0,9.9358,-84.0558,9.9567,-84.1132,824.0,833.0,1.0109223300970873,1.0109223300970873,Leve
2026-06-07 00:00:00,0,6,San Jose Centro,19.4,98,2.8,9.9331,-84.0792,8.0,7.8,15.8,43.0,9.9358,-84.0558,9.9567,-84.1132,824.0,848.0,1.029126213592233,1.029126213592233,Leve
2026-06-07 01:00:00,1,6,San Jose Centro,18.9,99,1.6,9.9331,-84.0792,8.2,8.1,16.2,36.0,9.9358,-84.0558,9.9567,-84.1132,824.0,793.0,0.962378640776699,1.0,Fluido
2026-06-07 02:00:00,2,6,San Jose Centro,18.6,99,1.2,9.9331,-84.0792,6.8,6.7,16.9,27.0,9.9358,-84.0558,9.9567,-84.1132,824.0,775.0,0.9405339805825242,1.0,Fluido
2026-06-07 03:00:00,3,6,San Jose Centro,18.9,97,1.5,9.9331,-84.0792,7.0,6.9,17.3,19.0,9.9358,-84.0558,9.9567,-84.1132,824.0,783.0,0.9502427184466019,1.0,Fluido
2026-06-07 04:00:00,4,6,San Jose Centro,18.6,98,1.0,9.9331,-84.0792,7.6,7.5,17.5,15.0,9.9358,-84.0558,9.9567,-84.1132,824.0,759.0,0.9211165048543689,1.0,Fluido
2026-06-07 05:00:00,5,6,San Jose Centro,18.5,99,1.2,9.9331,-84.0792,7.8,7.8,17.5,12.0,9.9358,-84.0558,9.9567,-84.1132,824.0,744.0,0.9029126213592233,1.0,Fluido
2026-06-07 06:00:00,6,6,San Jose Centro,18.6,98,2.1,9.9331,-84.0792,6.3,6.3,17.2,10.0,9.9358,-84.0558,9.9567,-84.1132,824.0,704.0,0.8543689320388349,1.0,Fluido
2026-06-07 07:00:00,7,6,San Jose Centro,18.5,99,1.3,9.9331,-84.0792,5.1,5.1,16.6,8.0,9.9358,-84.0558,9.9567,-84.1132,824.0,676.0,0.8203883495145631,1.0,Fluido
2026-06-07 08:00:00,8,6,San Jose Centro,18.6,99,1.5,9.9331,-84.0792,4.6,4.5,15.7,7.0,9.9358,-84.0558,9.9567,-84.1132,824.0,663.0,0.8046116504854369,1.0,Fluido
2026-06-07 09:00:00,9,6,San Jose Centro,18.6,99,1.4,9.9331,-84.0792,4.6,4.5,14.9,6.0,9.9358,-84.0558,9.9567,-84.1132,824.0,635.0,0.7706310679611651,1.0,Fluido
2026-06-07 10:00:00,10,6,San Jose Centro,18.6,98,1.5,9.9331,-84.0792,4.3,4.3,14.2,5.0,9.9358,-84.0558,9.9567,-84.1132,824.0,644.0,0.7815533980582524,1.0,Fluido
2026-06-07 11:00:00,11,6,San Jose Centro,18.4,99,3.1,9.9331,-84.0792,4.0,4.0,13.5,4.0,9.9358,-84.0558,9.9567,-84.1132,824.0,672.0,0.8155339805825242,1.0,Fluido
2026-06-07 12:00:00,12,6,San Jose Centro,19.1,97,2.1,9.9331,-84.0792,3.0,3.0,13.7,11.0,9.9358,-84.0558,9.9567,-84.1132,824.0,708.0,0.8592233009708737,1.0,Fluido
2026-06-07 13:00:00,13,6,San Jose Centro,19.6,97,0.6,9.9331,-84.0792,2.4,2.4,12.3,17.0,9.9358,-84.0558,9.9567,-84.1132,824.0,690.0,0.837378640776699,1.0,Fluido
2026-06-07 14:00:00,14,6,San Jose Centro,20.2,88,3.7,9.9331,-84.0792,2.7,2.7,10.3,25.0,9.9358,-84.0558,9.9567,-84.1132,824.0,711.0,0.8628640776699029,1.0,Fluido
2026-06-07 15:00:00,15,6,San Jose Centro,20.3,95,1.7,9.9331,-84.0792,3.1,3.1,8.8,31.0,9.9358,-84.0558,9.9567,-84.1132,824.0,714.0,0.866504854368932,1.0,Fluido
2026-06-07 16:00:00,16,6,San Jose Centro,20.4,93,2.6,9.9331,-84.0792,5.1,5.1,8.2,34.0,9.9358,-84.0558,9.9567,-84.1132,824.0,722.0,0.8762135922330098,1.0,Fluido
2026-06-07 17:00:00,17,6,San Jose Centro,20.2,97,4.5,9.9331,-84.0792,5.0,5.0,8.2,36.0,9.9358,-84.0558,9.9567,-84.1132,824.0,737.0,0.8944174757281553,1.0,Fluido
2026-06-07 18:00:00,18,6,San Jose Centro,19.5,94,6.1,9.9331,-84.0792,6.0,6.0,8.4,35.0,9.9358,-84.0558,9.9567,-84.1132,824.0,763.0,0.9259708737864077,1.0,Fluido
2026-06-07 19:00:00,19,6,San Jose Centro,19.8,98,6.9,9.9331,-84.0792,4.7,4.7,8.7,32.0,9.9358,-84.0558,9.9567,-84.1132,824.0,786.0,0.9538834951456311,1.0,Fluido
2026-06-07 20:00:00,20,6,San Jose Centro,19.1,97,8.0,9.9331,-84.0792,2.5,2.5,9.3,26.0,9.9358,-84.0558,9.9567,-84.1132,824.0,771.0,0.9356796116504854,1.0,Fluido
2026-06-07 21:00:00,21,6,San Jose Centro,19.1,97,8.4,9.9331,-84.0792,5.2,5.1,10.3,21.0,9.9358,-84.0558,9.9567,-84.1132,824.0,764.0,0.9271844660194175,1.0,Fluido
2026-06-07 22:00:00,22,6,San Jose Centro,18.8,98,7.5,9.9331,-84.0792,4.4,4.3,12.1,17.0,9.9358,-84.0558,9.9567,-84.1132,824.0,743.0,0.9016990291262136,1.0,Fluido
2026-06-07 23:00:00,23,6,San Jose Centro,18.5,99,4.4,9.9331,-84.0792,3.2,3.1,14.4,13.0,9.9358,-84.0558,9.9567,-84.1132,824.0,770.0,0.9344660194174758,1.0,Fluido
2026-06-08 00:00:00,0,0,San Jose Centro,18.8,98,7.1,9.9331,-84.0792,5.7,5.5,14.8,12.0,9.9358,-84.0558,9.9567,-84.1132,824.0,814.0,0.9878640776699029,1.0,Fluido
2026-06-08 01:00:00,1,0,San Jose Centro,18.4,98,4.9,9.9331,-84.0792,6.9,6.9,16.6,8.0,9.9358,-84.0558,9.9567,-84.1132,824.0,792.0,0.9611650485436893,1.0,Fluido
2026-06-08 02:00:00,2,0,San Jose Centro,18.2,98,5.0,9.9331,-84.0792,5.3,5.3,18.9,3.0,9.9358,-84.0558,9.9567,-84.1132,824.0,763.0,0.9259708737864077,1.0,Fluido
2026-06-08 03:00:00,3,0,San Jose Centro,18.2,99,4.8,9.9331,-84.0792,5.3,5.3,19.9,1.0,9.9358,-84.0558,9.9567,-84.1132,824.0,770.0,0.9344660194174758,1.0,Fluido
2026-06-08 04:00:00,4,0,San Jose Centro,18.3,99,4.3,9.9331,-84.0792,5.0,5.0,18.5,4.0,9.9358,-84.0558,9.9567,-84.1132,824.0,733.0,0.8895631067961165,1.0,Fluido
2026-06-08 05:00:00,5,0,San Jose Centro,18.2,98,4.2,9.9331,-84.0792,2.8,2.7,15.8,10.0,9.9358,-84.0558,9.9567,-84.1132,824.0,695.0,0.8434466019417476,1.0,Fluido
2026-06-08 06:00:00,6,0,San Jose Centro,17.9,99,9.0,9.9331,-84.0792,1.8,1.8,13.0,14.0,9.9358,-84.0558,9.9567,-84.1132,824.0,675.0,0.8191747572815534,1.0,Fluido
2026-06-08 07:00:00,7,0,San Jose Centro,17.5,98,8.9,9.9331,-84.0792,0.9,0.9,10.2,16.0,9.9358,-84.0558,9.9567,-84.1132,824.0,660.0,0.8009708737864077,1.0,Fluido
2026-06-08 08:00:00,8,0,San Jose Centro,17.5,98,7.2,9.9331,-84.0792,0.7,0.7,7.5,17.0,9.9358,-84.0558,9.9567,-84.1132,824.0,637.0,0.7730582524271845,1.0,Fluido
2026-06-08 09:00:00,9,0,San Jose Centro,17.4,98,6.2,9.9331,-84.0792,0.8,0.8,6.0,17.0,9.9358,-84.0558,9.9567,-84.1132,824.0,649.0,0.787621359223301,1.0,Fluido
2026-06-08 10:00:00,10,0,San Jose Centro,17.4,98,5.2,9.9331,-84.0792,1.0,1.0,6.9,13.0,9.9358,-84.0558,9.9567,-84.1132,824.0,684.0,0.8300970873786407,1.0,Fluido
2026-06-08 11:00:00,11,0,San Jose Centro,17.4,97,4.5,9.9331,-84.0792,1.5,1.5,9.1,7.0,9.9358,-84.0558,9.9567,-84.1132,824.0,760.0,0.9223300970873787,1.0,Fluido
2026-06-08 12:00:00,12,0,San Jose Centro,17.8,98,5.6,9.9331,-84.0792,10.6,10.4,11.1,8.0,9.9358,-84.0558,9.9567,-84.1132,824.0,1133.0,1.375,1.375,Moderado
2026-06-08 13:00:00,13,0,San Jose Centro,18.0,96,5.5,9.9331,-84.0792,10.9,10.8,9.5,20.0,9.9358,-84.0558,9.9567,-84.1132,824.0,1230.0,1.4927184466019416,1.4927184466019416,Moderado
2026-06-08 14:00:00,14,0,San Jose Centro,18.5,92,6.0,9.9331,-84.0792,8.4,8.2,7.2,38.0,9.9358,-84.0558,9.9567,-84.1132,824.0,1106.0,1.3422330097087378,1.3422330097087378,Moderado
2026-06-08 15:00:00,15,0,San Jose Centro,18.9,89,8.8,9.9331,-84.0792,5.8,5.5,5.3,50.0,9.9358,-84.0558,9.9567,-84.1132,824.0,1030.0,1.25,1.25,Leve
2026-06-08 16:00:00,16,0,San Jose Centro,19.8,86,8.8,9.9331,-84.0792,3.4,3.0,3.9,53.0,9.9358,-84.0558,9.9567,-84.1132,824.0,936.0,1.1359223300970873,1.1359223300970873,Leve
2026-06-08 17:00:00,17,0,San Jose Centro,20.4,85,9.0,9.9331,-84.0792,3.3,2.8,2.8,50.0,9.9358,-84.0558,9.9567,-84.1132,824.0,913.0,1.108009708737864,1.108009708737864,Leve
2026-06-08 18:00:00,18,0,San Jose Centro,20.3,85,8.6,9.9331,-84.0792,3.9,3.3,2.2,49.0,9.9358,-84.0558,9.9567,-84.1132,824.0,896.0,1.087378640776699,1.087378640776699,Leve
2026-06-08 19:00:00,19,0,San Jose Centro,20.3,82,10.3,9.9331,-84.0792,5.4,4.5,1.8,52.0,9.9358,-84.0558,9.9567,-84.1132,824.0,889.0,1.078883495145631,1.078883495145631,Leve
2026-06-08 20:00:00,20,0,San Jose Centro,21.0,79,10.8,9.9331,-84.0792,6.9,5.6,1.9,56.0,9.9358,-84.0558,9.9567,-84.1132,824.0,868.0,1.0533980582524272,1.0533980582524272,Leve
2026-06-08 21:00:00,21,0,San Jose Centro,18.9,89,9.4,9.9331,-84.0792,7.0,5.8,3.8,56.0,9.9358,-84.0558,9.9567,-84.1132,824.0,888.0,1.0776699029126213,1.0776699029126213,Leve
2026-06-08 22:00:00,22,0,San Jose Centro,18.3,96,9.4,9.9331,-84.0792,9.5,8.3,8.9,47.0,9.9358,-84.0558,9.9567,-84.1132,824.0,916.0,1.1116504854368932,1.1116504854368932,Leve
2026-06-08 23:00:00,23,0,San Jose Centro,18.5,89,6.0,9.9331,-84.0792,11.4,10.2,15.8,34.0,9.9358,-84.0558,9.9567,-84.1132,824.0,1042.0,1.2645631067961165,1.2645631067961165,Leve
2026-06-09 00:00:00,0,1,San Jose Centro,18.7,92,5.1,9.9331,-84.0792,10.0,9.5,28.8,9.0,9.9358,-84.0558,9.9567,-84.1132,824.0,923.0,1.1201456310679612,1.1201456310679612,Leve
2026-06-09 01:00:00,1,1,San Jose Centro,18.2,92,5.3,9.9331,-84.0792,7.0,6.8,29.7,7.0,9.9358,-84.0558,9.9567,-84.1132,824.0,792.0,0.9611650485436893,1.0,Fluido
2026-06-09 02:00:00,2,1,San Jose Centro,18.0,90,3.5,9.9331,-84.0792,6.4,6.2,30.9,5.0,9.9358,-84.0558,9.9567,-84.1132,824.0,768.0,0.9320388349514563,1.0,Fluido
2026-06-09 03:00:00,3,1,San Jose Centro,17.8,88,3.2,9.9331,-84.0792,6.2,6.0,31.2,4.0,9.9358,-84.0558,9.9567,-84.1132,824.0,771.0,0.9356796116504854,1.0,Fluido
2026-06-09 04:00:00,4,1,San Jose Centro,17.5,89,4.1,9.9331,-84.0792,5.1,5.0,29.8,5.0,9.9358,-84.0558,9.9567,-84.1132,824.0,732.0,0.8883495145631068,1.0,Fluido
2026-06-09 05:00:00,5,1,San Jose Centro,17.4,91,6.2,9.9331,-84.0792,4.6,4.5,27.6,7.0,9.9358,-84.0558,9.9567,-84.1132,824.0,690.0,0.837378640776699,1.0,Fluido
2026-06-09 06:00:00,6,1,San Jose Centro,17.9,91,2.5,9.9331,-84.0792,3.8,3.7,25.2,8.0,9.9358,-84.0558,9.9567,-84.1132,824.0,668.0,0.8106796116504854,1.0,Fluido
2026-06-09 07:00:00,7,1,San Jose Centro,17.4,93,1.5,9.9331,-84.0792,2.8,2.7,22.8,8.0,9.9358,-84.0558,9.9567,-84.1132,824.0,632.0,0.7669902912621359,1.0,Fluido
2026-06-09 08:00:00,8,1,San Jose Centro,17.3,91,2.3,9.9331,-84.0792,2.0,1.9,20.3,8.0,9.9358,-84.0558,9.9567,-84.1132,824.0,656.0,0.7961165048543689,1.0,Fluido
2026-06-09 09:00:00,9,1,San Jose Centro,17.1,88,6.9,9.9331,-84.0792,1.8,1.8,18.5,8.0,9.9358,-84.0558,9.9567,-84.1132,824.0,652.0,0.7912621359223301,1.0,Fluido
2026-06-09 10:00:00,10,1,San Jose Centro,17.0,89,8.0,9.9331,-84.0792,2.1,2.1,17.9,7.0,9.9358,-84.0558,9.9567,-84.1132,824.0,662.0,0.8033980582524272,1.0,Fluido
2026-06-09 11:00:00,11,1,San Jose Centro,17.0,91,8.1,9.9331,-84.0792,2.3,2.3,18.0,6.0,9.9358,-84.0558,9.9567,-84.1132,824.0,738.0,0.8956310679611651,1.0,Fluido
2026-06-09 12:00:00,12,1,San Jose Centro,17.6,94,4.7,9.9331,-84.0792,1.7,1.7,13.9,17.0,9.9358,-84.0558,9.9567,-84.1132,824.0,1117.0,1.3555825242718447,1.3555825242718447,Moderado
2026-06-09 13:00:00,13,1,San Jose Centro,18.0,95,4.5,9.9331,-84.0792,4.6,4.6,14.1,19.0,9.9358,-84.0558,9.9567,-84.1132,824.0,1379.0,1.6735436893203883,1.6735436893203883,Moderado
2026-06-09 14:00:00,14,1,San Jose Centro,18.3,90,3.6,9.9331,-84.0792,3.5,3.5,14.3,22.0,9.9358,-84.0558,9.9567,-84.1132,824.0,1285.0,1.5594660194174756,1.5594660194174756,Moderado
2026-06-09 15:00:00,15,1,San Jose Centro,18.8,87,2.3,9.9331,-84.0792,5.2,5.1,13.7,27.0,9.9358,-84.0558,9.9567,-84.1132,824.0,1182.0,1.4344660194174756,1.4344660194174756,Moderado
2026-06-09 16:00:00,16,1,San Jose Centro,20.0,81,2.0,9.9331,-84.0792,5.5,5.4,11.6,36.0,9.9358,-84.0558,9.9567,-84.1132,824.0,1161.0,1.4089805825242718,1.4089805825242718,Moderado
2026-06-09 17:00:00,17,1,San Jose Centro,19.5,82,2.9,9.9331,-84.0792,5.1,4.8,8.7,47.0,9.9358,-84.0558,9.9567,-84.1132,824.0,985.0,1.1953883495145632,1.1953883495145632,Leve
2026-06-09 18:00:00,18,1,San Jose Centro,20.2,79,2.3,9.9331,-84.0792,6.6,6.2,6.8,56.0,9.9358,-84.0558,9.9567,-84.1132,824.0,969.0,1.1759708737864079,1.1759708737864079,Leve
2026-06-09 19:00:00,19,1,San Jose Centro,20.9,75,3.1,9.9331,-84.0792,8.6,8.4,6.3,63.0,9.9358,-84.0558,9.9567,-84.1132,824.0,918.0,1.1140776699029127,1.1140776699029127,Leve
2026-06-09 20:00:00,20,1,San Jose Centro,20.9,75,4.1,9.9331,-84.0792,7.1,7.0,6.7,68.0,9.9358,-84.0558,9.9567,-84.1132,824.0,922.0,1.1189320388349515,1.1189320388349515,Leve
2026-06-09 21:00:00,21,1,San Jose Centro,19.9,80,4.3,9.9331,-84.0792,9.3,9.2,8.9,69.0,9.9358,-84.0558,9.9567,-84.1132,824.0,929.0,1.1274271844660195,1.1274271844660195,Leve
2026-06-09 22:00:00,22,1,San Jose Centro,19.3,84,0.5,9.9331,-84.0792,8.6,8.6,13.7,63.0,9.9358,-84.0558,9.9567,-84.1132,824.0,1045.0,1.2682038834951457,1.2682038834951457,Leve
2026-06-09 23:00:00,23,1,San Jose Centro,19.3,85,1.6,9.9331,-84.0792,9.7,9.7,20.2,53.0,9.9358,-84.0558,9.9567,-84.1132,824.0,1221.0,1.4817961165048543,1.4817961165048543,Moderado
2026-06-10 00:00:00,0,2,San Jose Centro,19.4,92,3.4,9.9331,-84.0792,17.2,16.9,38.6,12.0,9.9358,-84.0558,9.9567,-84.1132,824.0,978.0,1.1868932038834952,1.1868932038834952,Leve
2026-06-10 01:00:00,1,2,San Jose Centro,19.1,93,2.5,9.9331,-84.0792,15.7,15.5,36.4,14.0,9.9358,-84.0558,9.9567,-84.1132,824.0,806.0,0.9781553398058253,1.0,Fluido
2026-06-10 02:00:00,2,2,San Jose Centro,18.8,96,3.5,9.9331,-84.0792,17.1,16.9,33.3,17.0,9.9358,-84.0558,9.9567,-84.1132,824.0,766.0,0.9296116504854369,1.0,Fluido
2026-06-10 03:00:00,3,2,San Jose Centro,18.4,98,2.7,9.9331,-84.0792,19.3,19.0,30.5,19.0,9.9358,-84.0558,9.9567,-84.1132,824.0,785.0,0.9526699029126213,1.0,Fluido
2026-06-10 04:00:00,4,2,San Jose Centro,18.4,98,2.3,9.9331,-84.0792,19.7,19.6,28.3,19.0,9.9358,-84.0558,9.9567,-84.1132,824.0,749.0,0.9089805825242718,1.0,Fluido
2026-06-10 05:00:00,5,2,San Jose Centro,18.6,97,1.8,9.9331,-84.0792,20.5,20.3,26.5,18.0,9.9358,-84.0558,9.9567,-84.1132,824.0,711.0,0.8628640776699029,1.0,Fluido
2026-06-10 06:00:00,6,2,San Jose Centro,17.7,98,2.4,9.9331,-84.0792,21.9,21.8,25.0,17.0,9.9358,-84.0558,9.9567,-84.1132,824.0,684.0,0.8300970873786407,1.0,Fluido
2026-06-10 07:00:00,7,2,San Jose Centro,17.6,98,1.5,9.9331,-84.0792,23.0,22.8,24.2,15.0,9.9358,-84.0558,9.9567,-84.1132,824.0,643.0,0.7803398058252428,1.0,Fluido
2026-06-10 08:00:00,8,2,San Jose Centro,17.9,96,2.0,9.9331,-84.0792,23.3,23.1,23.7,11.0,9.9358,-84.0558,9.9567,-84.1132,824.0,638.0,0.7742718446601942,1.0,Fluido
2026-06-10 09:00:00,9,2,San Jose Centro,18.1,95,0.5,9.9331,-84.0792,22.8,22.7,23.0,9.0,9.9358,-84.0558,9.9567,-84.1132,824.0,631.0,0.7657766990291263,1.0,Fluido
2026-06-10 10:00:00,10,2,San Jose Centro,18.1,95,1.7,9.9331,-84.0792,22.2,22.1,21.8,5.0,9.9358,-84.0558,9.9567,-84.1132,824.0,660.0,0.8009708737864077,1.0,Fluido
2026-06-10 11:00:00,11,2,San Jose Centro,18.3,94,0.4,9.9331,-84.0792,21.2,21.1,20.4,2.0,9.9358,-84.0558,9.9567,-84.1132,824.0,737.0,0.8944174757281553,1.0,Fluido
2026-06-10 12:00:00,12,2,San Jose Centro,18.4,97,1.8,9.9331,-84.0792,16.4,16.4,18.4,6.0,9.9358,-84.0558,9.9567,-84.1132,824.0,1132.0,1.3737864077669903,1.3737864077669903,Moderado
2026-06-10 13:00:00,13,2,San Jose Centro,19.2,93,1.8,9.9331,-84.0792,21.7,21.6,18.6,15.0,9.9358,-84.0558,9.9567,-84.1132,824.0,1320.0,1.6019417475728155,1.6019417475728155,Moderado
2026-06-10 14:00:00,14,2,San Jose Centro,20.0,85,1.7,9.9331,-84.0792,18.5,18.3,18.7,29.0,9.9358,-84.0558,9.9567,-84.1132,824.0,1219.0,1.479368932038835,1.479368932038835,Moderado
2026-06-10 15:00:00,15,2,San Jose Centro,20.3,81,2.6,9.9331,-84.0792,18.1,18.0,17.6,41.0,9.9358,-84.0558,9.9567,-84.1132,824.0,1120.0,1.3592233009708738,1.3592233009708738,Moderado
2026-06-10 16:00:00,16,2,San Jose Centro,22.1,73,6.2,9.9331,-84.0792,14.6,14.4,14.0,51.0,9.9358,-84.0558,9.9567,-84.1132,824.0,1051.0,1.2754854368932038,1.2754854368932038,Leve
2026-06-10 17:00:00,17,2,San Jose Centro,22.0,74,6.5,9.9331,-84.0792,12.7,12.5,9.3,59.0,9.9358,-84.0558,9.9567,-84.1132,824.0,1006.0,1.220873786407767,1.220873786407767,Leve
2026-06-10 18:00:00,18,2,San Jose Centro,22.3,74,7.6,9.9331,-84.0792,7.6,7.2,6.4,65.0,9.9358,-84.0558,9.9567,-84.1132,824.0,1045.0,1.2682038834951457,1.2682038834951457,Leve
2026-06-10 19:00:00,19,2,San Jose Centro,22.6,74,8.1,9.9331,-84.0792,6.4,6.1,6.4,67.0,9.9358,-84.0558,9.9567,-84.1132,824.0,959.0,1.1638349514563107,1.1638349514563107,Leve
2026-06-10 20:00:00,20,2,San Jose Centro,20.6,87,8.6,9.9331,-84.0792,7.9,7.6,8.3,66.0,9.9358,-84.0558,9.9567,-84.1132,824.0,936.0,1.1359223300970873,1.1359223300970873,Leve
2026-06-10 21:00:00,21,2,San Jose Centro,19.7,96,6.0,9.9331,-84.0792,12.5,12.3,11.8,61.0,9.9358,-84.0558,9.9567,-84.1132,824.0,921.0,1.1177184466019416,1.1177184466019416,Leve
2026-06-10 22:00:00,22,2,San Jose Centro,19.9,96,4.4,9.9331,-84.0792,12.9,12.5,17.9,50.0,9.9358,-84.0558,9.9567,-84.1132,824.0,1041.0,1.2633495145631068,1.2633495145631068,Leve
2026-06-10 23:00:00,23,2,San Jose Centro,19.7,97,3.9,9.9331,-84.0792,16.6,16.3,25.5,36.0,9.9358,-84.0558,9.9567,-84.1132,824.0,1184.0,1.4368932038834952,1.4368932038834952,Moderado
2026-06-11 00:00:00,0,3,San Jose Centro,19.6,95,3.0,9.9331,-84.0792,17.9,17.1,33.6,26.0,9.9358,-84.0558,9.9567,-84.1132,824.0,1004.0,1.2184466019417475,1.2184466019417475,Leve
2026-06-11 01:00:00,1,3,San Jose Centro,19.3,97,1.3,9.9331,-84.0792,17.8,17.4,36.0,19.0,9.9358,-84.0558,9.9567,-84.1132,824.0,820.0,0.9951456310679612,1.0,Fluido
2026-06-11 02:00:00,2,3,San Jose Centro,19.1,97,3.9,9.9331,-84.0792,19.5,19.3,39.3,8.0,9.9358,-84.0558,9.9567,-84.1132,824.0,785.0,0.9526699029126213,1.0,Fluido
2026-06-11 03:00:00,3,3,San Jose Centro,18.8,96,5.2,9.9331,-84.0792,21.4,21.2,41.1,1.0,9.9358,-84.0558,9.9567,-84.1132,824.0,798.0,0.9684466019417476,1.0,Fluido
2026-06-11 04:00:00,4,3,San Jose Centro,18.5,96,5.4,9.9331,-84.0792,22.6,22.5,40.1,0.0,9.9358,-84.0558,9.9567,-84.1132,824.0,752.0,0.912621359223301,1.0,Fluido
2026-06-11 05:00:00,5,3,San Jose Centro,17.9,97,8.2,9.9331,-84.0792,23.7,23.6,37.5,0.0,9.9358,-84.0558,9.9567,-84.1132,824.0,708.0,0.8592233009708737,1.0,Fluido
2026-06-11 06:00:00,6,3,San Jose Centro,18.2,92,7.9,9.9331,-84.0792,23.1,23.0,35.0,0.0,9.9358,-84.0558,9.9567,-84.1132,824.0,674.0,0.8179611650485437,1.0,Fluido
2026-06-11 07:00:00,7,3,San Jose Centro,18.1,92,8.7,9.9331,-84.0792,21.5,21.4,33.1,0.0,9.9358,-84.0558,9.9567,-84.1132,824.0,634.0,0.7694174757281553,1.0,Fluido
2026-06-11 08:00:00,8,3,San Jose Centro,17.9,92,8.5,9.9331,-84.0792,20.3,20.1,31.2,0.0,9.9358,-84.0558,9.9567,-84.1132,824.0,649.0,0.787621359223301,1.0,Fluido
2026-06-11 09:00:00,9,3,San Jose Centro,17.2,94,9.1,9.9331,-84.0792,18.8,18.7,28.8,1.0,9.9358,-84.0558,9.9567,-84.1132,824.0,645.0,0.7827669902912622,1.0,Fluido
2026-06-11 10:00:00,10,3,San Jose Centro,16.6,94,9.8,9.9331,-84.0792,16.8,16.6,25.9,0.0,9.9358,-84.0558,9.9567,-84.1132,824.0,664.0,0.8058252427184466,1.0,Fluido
2026-06-11 11:00:00,11,3,San Jose Centro,16.5,93,10.0,9.9331,-84.0792,16.2,16.1,22.5,0.0,9.9358,-84.0558,9.9567,-84.1132,824.0,752.0,0.912621359223301,1.0,Fluido
2026-06-11 12:00:00,12,3,San Jose Centro,17.1,90,8.6,9.9331,-84.0792,20.4,20.2,17.0,7.0,9.9358,-84.0558,9.9567,-84.1132,824.0,1087.0,1.3191747572815533,1.3191747572815533,Moderado
2026-06-11 13:00:00,13,3,San Jose Centro,20.6,82,6.3,9.9331,-84.0792,24.9,24.6,14.9,32.0,9.9358,-84.0558,9.9567,-84.1132,824.0,1299.0,1.5764563106796117,1.5764563106796117,Moderado
2026-06-11 14:00:00,14,3,San Jose Centro,23.3,67,1.8,9.9331,-84.0792,21.7,21.1,11.9,67.0,9.9358,-84.0558,9.9567,-84.1132,824.0,1180.0,1.4320388349514563,1.4320388349514563,Moderado
2026-06-11 15:00:00,15,3,San Jose Centro,25.1,59,2.5,9.9331,-84.0792,16.1,15.1,9.1,93.0,9.9358,-84.0558,9.9567,-84.1132,824.0,1196.0,1.4514563106796117,1.4514563106796117,Moderado
2026-06-11 16:00:00,16,3,San Jose Centro,25.8,58,6.9,9.9331,-84.0792,14.1,13.1,6.6,101.0,9.9358,-84.0558,9.9567,-84.1132,824.0,1098.0,1.3325242718446602,1.3325242718446602,Moderado
2026-06-11 17:00:00,17,3,San Jose Centro,25.8,57,10.3,9.9331,-84.0792,12.6,11.9,4.4,101.0,9.9358,-84.0558,9.9567,-84.1132,824.0,1028.0,1.2475728155339805,1.2475728155339805,Leve
2026-06-11 18:00:00,18,3,San Jose Centro,26.7,50,10.2,9.9331,-84.0792,10.8,10.2,3.2,96.0,9.9358,-84.0558,9.9567,-84.1132,824.0,972.0,1.1796116504854368,1.1796116504854368,Leve
2026-06-11 19:00:00,19,3,San Jose Centro,25.9,56,12.0,9.9331,-84.0792,8.8,8.4,3.1,88.0,9.9358,-84.0558,9.9567,-84.1132,824.0,1026.0,1.2451456310679612,1.2451456310679612,Leve
2026-06-11 20:00:00,20,3,San Jose Centro,24.7,66,10.4,9.9331,-84.0792,8.0,7.7,4.1,77.0,9.9358,-84.0558,9.9567,-84.1132,824.0,1065.0,1.2924757281553398,1.2924757281553398,Leve
2026-06-11 21:00:00,21,3,San Jose Centro,23.7,70,7.8,9.9331,-84.0792,8.8,8.6,7.2,64.0,9.9358,-84.0558,9.9567,-84.1132,824.0,1030.0,1.25,1.25,Leve
2026-06-11 22:00:00,22,3,San Jose Centro,22.8,76,4.8,9.9331,-84.0792,10.2,10.1,14.4,49.0,9.9358,-84.0558,9.9567,-84.1132,824.0,1092.0,1.325242718446602,1.325242718446602,Moderado
2026-06-11 23:00:00,23,3,San Jose Centro,22.3,81,3.0,9.9331,-84.0792,8.5,8.4,23.8,32.0,9.9358,-84.0558,9.9567,-84.1132,824.0,1245.0,1.5109223300970873,1.5109223300970873,Moderado
2026-06-12 00:00:00,0,4,San Jose Centro,21.8,86,3.2,9.9331,-84.0792,16.7,16.3,28.7,31.0,9.9358,-84.0558,9.9567,-84.1132,824.0,1031.0,1.2512135922330097,1.2512135922330097,Leve
2026-06-12 01:00:00,1,4,San Jose Centro,21.5,87,0.9,9.9331,-84.0792,18.5,18.2,30.0,25.0,9.9358,-84.0558,9.9567,-84.1132,824.0,837.0,1.0157766990291262,1.0157766990291262,Leve
2026-06-12 02:00:00,2,4,San Jose Centro,20.8,89,6.1,9.9331,-84.0792,19.6,19.3,31.7,16.0,9.9358,-84.0558,9.9567,-84.1132,824.0,813.0,0.9866504854368932,1.0,Fluido
2026-06-12 03:00:00,3,4,San Jose Centro,19.9,91,8.0,9.9331,-84.0792,20.5,20.3,32.2,9.0,9.9358,-84.0558,9.9567,-84.1132,824.0,791.0,0.9599514563106796,1.0,Fluido
2026-06-12 04:00:00,4,4,San Jose Centro,19.6,89,9.2,9.9331,-84.0792,21.2,21.1,31.0,7.0,9.9358,-84.0558,9.9567,-84.1132,824.0,776.0,0.941747572815534,1.0,Fluido
2026-06-12 05:00:00,5,4,San Jose Centro,19.7,86,8.5,9.9331,-84.0792,20.5,20.3,28.6,7.0,9.9358,-84.0558,9.9567,-84.1132,824.0,717.0,0.8701456310679612,1.0,Fluido
2026-06-12 06:00:00,6,4,San Jose Centro,18.7,88,9.3,9.9331,-84.0792,19.3,19.0,25.6,8.0,9.9358,-84.0558,9.9567,-84.1132,824.0,691.0,0.8385922330097088,1.0,Fluido
2026-06-12 07:00:00,7,4,San Jose Centro,18.6,88,10.0,9.9331,-84.0792,17.0,16.8,21.4,11.0,9.9358,-84.0558,9.9567,-84.1132,824.0,666.0,0.808252427184466,1.0,Fluido
2026-06-12 08:00:00,8,4,San Jose Centro,19.2,85,9.4,9.9331,-84.0792,14.4,14.2,16.6,14.0,9.9358,-84.0558,9.9567,-84.1132,824.0,628.0,0.7621359223300971,1.0,Fluido
2026-06-12 09:00:00,9,4,San Jose Centro,19.2,84,9.5,9.9331,-84.0792,12.6,12.5,13.1,17.0,9.9358,-84.0558,9.9567,-84.1132,824.0,641.0,0.7779126213592233,1.0,Fluido
2026-06-12 10:00:00,10,4,San Jose Centro,19.2,83,9.8,9.9331,-84.0792,11.5,11.4,12.4,15.0,9.9358,-84.0558,9.9567,-84.1132,824.0,674.0,0.8179611650485437,1.0,Fluido
2026-06-12 11:00:00,11,4,San Jose Centro,19.2,83,10.3,9.9331,-84.0792,11.0,10.8,13.1,12.0,9.9358,-84.0558,9.9567,-84.1132,824.0,741.0,0.8992718446601942,1.0,Fluido
2026-06-12 12:00:00,12,4,San Jose Centro,19.8,81,7.7,9.9331,-84.0792,10.8,10.7,11.7,17.0,9.9358,-84.0558,9.9567,-84.1132,824.0,887.0,1.0764563106796117,1.0764563106796117,Leve
2026-06-12 13:00:00,13,4,San Jose Centro,21.4,75,6.7,9.9331,-84.0792,8.3,8.1,10.1,32.0,9.9358,-84.0558,9.9567,-84.1132,824.0,977.0,1.1856796116504855,1.1856796116504855,Leve
2026-06-12 14:00:00,14,4,San Jose Centro,23.6,69,6.4,9.9331,-84.0792,8.5,7.5,7.9,52.0,9.9358,-84.0558,9.9567,-84.1132,824.0,970.0,1.1771844660194175,1.1771844660194175,Leve
2026-06-12 15:00:00,15,4,San Jose Centro,25.2,64,4.8,9.9331,-84.0792,9.3,7.9,5.9,68.0,9.9358,-84.0558,9.9567,-84.1132,824.0,1005.0,1.2196601941747574,1.2196601941747574,Leve
2026-06-12 16:00:00,16,4,San Jose Centro,26.6,61,4.5,9.9331,-84.0792,8.7,7.0,4.3,75.0,9.9358,-84.0558,9.9567,-84.1132,824.0,970.0,1.1771844660194175,1.1771844660194175,Leve
2026-06-12 17:00:00,17,4,San Jose Centro,26.9,62,3.4,9.9331,-84.0792,8.7,6.6,2.9,77.0,9.9358,-84.0558,9.9567,-84.1132,824.0,1001.0,1.2148058252427185,1.2148058252427185,Leve
2026-06-12 18:00:00,18,4,San Jose Centro,27.1,59,1.3,9.9331,-84.0792,9.3,6.9,2.1,78.0,9.9358,-84.0558,9.9567,-84.1132,824.0,1021.0,1.2390776699029127,1.2390776699029127,Leve
2026-06-12 19:00:00,19,4,San Jose Centro,26.2,63,4.0,9.9331,-84.0792,9.8,7.3,1.6,81.0,9.9358,-84.0558,9.9567,-84.1132,824.0,1054.0,1.279126213592233,1.279126213592233,Leve
2026-06-12 20:00:00,20,4,San Jose Centro,25.8,64,4.4,9.9331,-84.0792,10.6,7.8,1.7,82.0,9.9358,-84.0558,9.9567,-84.1132,824.0,1069.0,1.2973300970873787,1.2973300970873787,Leve
2026-06-12 21:00:00,21,4,San Jose Centro,26.2,61,5.1,9.9331,-84.0792,11.8,8.8,3.4,79.0,9.9358,-84.0558,9.9567,-84.1132,824.0,1060.0,1.2864077669902914,1.2864077669902914,Leve
2026-06-12 22:00:00,22,4,San Jose Centro,26.1,60,4.8,9.9331,-84.0792,13.4,10.4,8.2,68.0,9.9358,-84.0558,9.9567,-84.1132,824.0,1089.0,1.3216019417475728,1.3216019417475728,Moderado
2026-06-12 23:00:00,23,4,San Jose Centro,24.8,66,3.2,9.9331,-84.0792,14.8,12.1,14.6,51.0,9.9358,-84.0558,9.9567,-84.1132,824.0,1172.0,1.4223300970873787,1.4223300970873787,Moderado
2026-06-13 00:00:00,0,5,San Jose Centro,23.4,76,2.3,9.9331,-84.0792,18.9,14.2,14.2,39.0,9.9358,-84.0558,9.9567,-84.1132,824.0,967.0,1.1735436893203883,1.1735436893203883,Leve
2026-06-13 01:00:00,1,5,San Jose Centro,22.6,79,2.9,9.9331,-84.0792,16.7,13.9,16.2,31.0,9.9358,-84.0558,9.9567,-84.1132,824.0,817.0,0.991504854368932,1.0,Fluido
2026-06-13 02:00:00,2,5,San Jose Centro,22.1,80,4.3,9.9331,-84.0792,13.7,11.6,18.8,19.0,9.9358,-84.0558,9.9567,-84.1132,824.0,803.0,0.9745145631067961,1.0,Fluido
2026-06-13 03:00:00,3,5,San Jose Centro,21.5,80,5.0,9.9331,-84.0792,11.4,9.8,19.8,12.0,9.9358,-84.0558,9.9567,-84.1132,824.0,797.0,0.9672330097087378,1.0,Fluido
2026-06-13 04:00:00,4,5,San Jose Centro,21.0,82,6.3,9.9331,-84.0792,11.8,9.7,17.9,13.0,9.9358,-84.0558,9.9567,-84.1132,824.0,765.0,0.9283980582524272,1.0,Fluido
2026-06-13 05:00:00,5,5,San Jose Centro,20.0,87,7.0,9.9331,-84.0792,12.0,9.2,14.4,18.0,9.9358,-84.0558,9.9567,-84.1132,824.0,737.0,0.8944174757281553,1.0,Fluido
2026-06-13 06:00:00,6,5,San Jose Centro,20.0,87,8.5,9.9331,-84.0792,10.8,8.1,11.5,22.0,9.9358,-84.0558,9.9567,-84.1132,824.0,713.0,0.8652912621359223,1.0,Fluido
2026-06-13 07:00:00,7,5,San Jose Centro,19.9,83,8.5,9.9331,-84.0792,11.5,8.2,9.9,22.0,9.9358,-84.0558,9.9567,-84.1132,824.0,685.0,0.8313106796116505,1.0,Fluido
2026-06-13 08:00:00,8,5,San Jose Centro,19.6,78,8.9,9.9331,-84.0792,11.8,8.4,8.9,22.0,9.9358,-84.0558,9.9567,-84.1132,824.0,662.0,0.8033980582524272,1.0,Fluido
2026-06-13 09:00:00,9,5,San Jose Centro,19.3,77,10.6,9.9331,-84.0792,11.2,8.1,8.4,21.0,9.9358,-84.0558,9.9567,-84.1132,824.0,637.0,0.7730582524271845,1.0,Fluido
2026-06-13 10:00:00,10,5,San Jose Centro,19.3,75,10.4,9.9331,-84.0792,12.5,8.9,8.8,20.0,9.9358,-84.0558,9.9567,-84.1132,824.0,657.0,0.7973300970873787,1.0,Fluido
2026-06-13 11:00:00,11,5,San Jose Centro,19.1,77,11.0,9.9331,-84.0792,13.4,9.6,9.7,19.0,9.9358,-84.0558,9.9567,-84.1132,824.0,702.0,0.8519417475728155,1.0,Fluido
2026-06-13 12:00:00,12,5,San Jose Centro,18.9,80,11.0,9.9331,-84.0792,15.1,11.0,7.2,31.0,9.9358,-84.0558,9.9567,-84.1132,824.0,733.0,0.8895631067961165,1.0,Fluido
2026-06-13 13:00:00,13,5,San Jose Centro,21.2,73,10.6,9.9331,-84.0792,16.6,12.0,5.8,43.0,9.9358,-84.0558,9.9567,-84.1132,824.0,724.0,0.8786407766990292,1.0,Fluido
2026-06-13 14:00:00,14,5,San Jose Centro,23.4,67,10.5,9.9331,-84.0792,16.6,11.4,3.8,59.0,9.9358,-84.0558,9.9567,-84.1132,824.0,765.0,0.9283980582524272,1.0,Fluido
2026-06-13 15:00:00,15,5,San Jose Centro,25.3,61,8.6,9.9331,-84.0792,17.1,11.2,2.2,72.0,9.9358,-84.0558,9.9567,-84.1132,824.0,833.0,1.0109223300970873,1.0109223300970873,Leve
2026-06-13 16:00:00,16,5,San Jose Centro,26.5,58,7.3,9.9331,-84.0792,16.8,10.9,1.5,77.0,9.9358,-84.0558,9.9567,-84.1132,824.0,848.0,1.029126213592233,1.029126213592233,Leve
2026-06-13 17:00:00,17,5,San Jose Centro,26.9,57,9.8,9.9331,-84.0792,15.8,10.5,1.2,78.0,9.9358,-84.0558,9.9567,-84.1132,824.0,867.0,1.0521844660194175,1.0521844660194175,Leve
2026-06-13 18:00:00,18,5,San Jose Centro,27.1,58,7.7,9.9331,-84.0792,14.6,9.8,1.2,78.0,9.9358,-84.0558,9.9567,-84.1132,824.0,1030.0,1.25,1.25,Leve
2026-06-13 19:00:00,19,5,San Jose Centro,27.0,58,9.9,9.9331,-84.0792,13.4,9.4,0.9,77.0,9.9358,-84.0558,9.9567,-84.1132,824.0,1024.0,1.2427184466019416,1.2427184466019416,Leve
2026-06-13 20:00:00,20,5,San Jose Centro,26.6,59,9.3,9.9331,-84.0792,12.0,8.7,0.9,75.0,9.9358,-84.0558,9.9567,-84.1132,824.0,1063.0,1.2900485436893203,1.2900485436893203,Leve
2026-06-13 21:00:00,21,5,San Jose Centro,26.2,60,4.8,9.9331,-84.0792,11.4,8.4,2.4,69.0,9.9358,-84.0558,9.9567,-84.1132,824.0,943.0,1.1444174757281553,1.1444174757281553,Leve
2026-06-13 22:00:00,22,5,San Jose Centro,23.5,71,4.8,9.9331,-84.0792,11.0,8.2,7.1,56.0,9.9358,-84.0558,9.9567,-84.1132,824.0,822.0,0.9975728155339806,1.0,Fluido
2026-06-13 23:00:00,23,5,San Jose Centro,23.4,74,3.1,9.9331,-84.0792,10.3,8.1,13.3,40.0,9.9358,-84.0558,9.9567,-84.1132,824.0,833.0,1.0109223300970873,1.0109223300970873,Leve
2026-06-14 00:00:00,0,6,San Jose Centro,22.5,78,0.8,9.9331,-84.0792,14.7,10.8,9.0,41.0,9.9358,-84.0558,9.9567,-84.1132,824.0,848.0,1.029126213592233,1.029126213592233,Leve
2026-06-14 01:00:00,1,6,San Jose Centro,22.0,83,2.0,9.9331,-84.0792,12.2,9.7,8.9,37.0,9.9358,-84.0558,9.9567,-84.1132,824.0,793.0,0.962378640776699,1.0,Fluido
2026-06-14 02:00:00,2,6,San Jose Centro,21.9,82,6.3,9.9331,-84.0792,9.8,7.6,8.8,32.0,9.9358,-84.0558,9.9567,-84.1132,824.0,775.0,0.9405339805825242,1.0,Fluido
2026-06-14 03:00:00,3,6,San Jose Centro,21.4,85,2.9,9.9331,-84.0792,9.5,7.5,8.8,27.0,9.9358,-84.0558,9.9567,-84.1132,824.0,783.0,0.9502427184466019,1.0,Fluido
2026-06-14 04:00:00,4,6,San Jose Centro,20.5,88,5.8,9.9331,-84.0792,9.5,7.5,9.0,23.0,9.9358,-84.0558,9.9567,-84.1132,824.0,759.0,0.9211165048543689,1.0,Fluido
2026-06-14 05:00:00,5,6,San Jose Centro,19.5,91,7.9,9.9331,-84.0792,9.3,7.5,9.3,20.0,9.9358,-84.0558,9.9567,-84.1132,824.0,744.0,0.9029126213592233,1.0,Fluido
2026-06-14 06:00:00,6,6,San Jose Centro,19.2,90,6.2,9.9331,-84.0792,9.4,7.7,9.5,18.0,9.9358,-84.0558,9.9567,-84.1132,824.0,704.0,0.8543689320388349,1.0,Fluido
2026-06-14 07:00:00,7,6,San Jose Centro,18.9,89,8.4,9.9331,-84.0792,9.7,7.9,9.7,16.0,9.9358,-84.0558,9.9567,-84.1132,824.0,676.0,0.8203883495145631,1.0,Fluido
2026-06-14 08:00:00,8,6,San Jose Centro,19.0,85,8.8,9.9331,-84.0792,10.0,8.1,9.8,15.0,9.9358,-84.0558,9.9567,-84.1132,824.0,663.0,0.8046116504854369,1.0,Fluido
2026-06-14 09:00:00,9,6,San Jose Centro,19.0,83,9.1,9.9331,-84.0792,10.2,8.2,9.7,15.0,9.9358,-84.0558,9.9567,-84.1132,824.0,635.0,0.7706310679611651,1.0,Fluido
2026-06-14 10:00:00,10,6,San Jose Centro,19.1,82,8.6,9.9331,-84.0792,10.4,8.3,9.5,16.0,9.9358,-84.0558,9.9567,-84.1132,824.0,644.0,0.7815533980582524,1.0,Fluido
2026-06-14 11:00:00,11,6,San Jose Centro,18.6,84,9.7,9.9331,-84.0792,10.6,8.3,9.1,19.0,9.9358,-84.0558,9.9567,-84.1132,824.0,672.0,0.8155339805825242,1.0,Fluido
2026-06-14 12:00:00,12,6,San Jose Centro,20.7,80,8.6,9.9331,-84.0792,6.1,5.1,8.4,22.0,9.9358,-84.0558,9.9567,-84.1132,824.0,708.0,0.8592233009708737,1.0,Fluido
2026-06-14 13:00:00,13,6,San Jose Centro,21.4,76,8.5,9.9331,-84.0792,8.2,6.4,6.5,32.0,9.9358,-84.0558,9.9567,-84.1132,824.0,690.0,0.837378640776699,1.0,Fluido
2026-06-14 14:00:00,14,6,San Jose Centro,21.7,76,7.0,9.9331,-84.0792,6.9,5.1,4.0,46.0,9.9358,-84.0558,9.9567,-84.1132,824.0,711.0,0.8628640776699029,1.0,Fluido
2026-06-14 15:00:00,15,6,San Jose Centro,24.8,66,9.5,9.9331,-84.0792,6.2,4.7,2.2,56.0,9.9358,-84.0558,9.9567,-84.1132,824.0,714.0,0.866504854368932,1.0,Fluido
2026-06-14 16:00:00,16,6,San Jose Centro,24.2,67,13.0,9.9331,-84.0792,5.6,4.4,1.9,60.0,9.9358,-84.0558,9.9567,-84.1132,824.0,722.0,0.8762135922330098,1.0,Fluido
2026-06-14 17:00:00,17,6,San Jose Centro,25.0,66,4.1,9.9331,-84.0792,6.3,5.7,2.4,61.0,9.9358,-84.0558,9.9567,-84.1132,824.0,737.0,0.8944174757281553,1.0,Fluido
2026-06-14 18:00:00,18,6,San Jose Centro,27.1,59,2.3,9.9331,-84.0792,6.0,5.1,2.9,61.0,9.9358,-84.0558,9.9567,-84.1132,824.0,763.0,0.9259708737864077,1.0,Fluido
2026-06-14 19:00:00,19,6,San Jose Centro,27.3,57,5.7,9.9331,-84.0792,5.3,4.5,2.9,62.0,9.9358,-84.0558,9.9567,-84.1132,824.0,786.0,0.9538834951456311,1.0,Fluido
2026-06-14 20:00:00,20,6,San Jose Centro,24.8,69,10.7,9.9331,-84.0792,5.4,4.6,2.9,63.0,9.9358,-84.0558,9.9567,-84.1132,824.0,771.0,0.9356796116504854,1.0,Fluido
2026-06-14 21:00:00,21,6,San Jose Centro,23.1,82,7.5,9.9331,-84.0792,5.4,4.8,3.5,61.0,9.9358,-84.0558,9.9567,-84.1132,824.0,764.0,0.9271844660194175,1.0,Fluido
2026-06-14 22:00:00,22,6,San Jose Centro,21.3,87,3.9,9.9331,-84.0792,5.5,4.9,5.0,55.0,9.9358,-84.0558,9.9567,-84.1132,824.0,743.0,0.9016990291262136,1.0,Fluido
2026-06-14 23:00:00,23,6,San Jose Centro,20.9,91,2.7,9.9331,-84.0792,6.6,6.1,7.0,46.0,9.9358,-84.0558,9.9567,-84.1132,824.0,770.0,0.9344660194174758,1.0,Fluido
2026-06-15 00:00:00,0,0,San Jose Centro,21.0,89,2.3,9.9331,-84.0792,3.5,3.3,9.3,34.0,9.9358,-84.0558,9.9567,-84.1132,824.0,814.0,0.9878640776699029,1.0,Fluido
2026-06-15 01:00:00,1,0,San Jose Centro,21.3,89,1.0,9.9331,-84.0792,6.1,5.6,11.6,30.0,9.9358,-84.0558,9.9567,-84.1132,824.0,792.0,0.9611650485436893,1.0,Fluido
2026-06-15 02:00:00,2,0,San Jose Centro,21.1,90,1.5,9.9331,-84.0792,7.4,6.9,14.7,24.0,9.9358,-84.0558,9.9567,-84.1132,824.0,763.0,0.9259708737864077,1.0,Fluido
2026-06-15 03:00:00,3,0,San Jose Centro,20.8,92,0.5,9.9331,-84.0792,8.1,7.6,17.3,19.0,9.9358,-84.0558,9.9567,-84.1132,824.0,770.0,0.9344660194174758,1.0,Fluido
2026-06-15 04:00:00,4,0,San Jose Centro,20.3,94,1.6,9.9331,-84.0792,8.2,7.8,19.2,14.0,9.9358,-84.0558,9.9567,-84.1132,824.0,733.0,0.8895631067961165,1.0,Fluido
2026-06-15 05:00:00,5,0,San Jose Centro,19.8,94,5.8,9.9331,-84.0792,8.7,8.4,20.5,10.0,9.9358,-84.0558,9.9567,-84.1132,824.0,695.0,0.8434466019417476,1.0,Fluido
2026-06-15 06:00:00,6,0,San Jose Centro,20.1,93,5.7,9.9331,-84.0792,8.7,8.3,20.5,8.0,9.9358,-84.0558,9.9567,-84.1132,824.0,675.0,0.8191747572815534,1.0,Fluido
2026-06-15 07:00:00,7,0,San Jose Centro,19.7,92,8.9,9.9331,-84.0792,8.3,7.8,18.1,11.0,9.9358,-84.0558,9.9567,-84.1132,824.0,660.0,0.8009708737864077,1.0,Fluido
2026-06-15 08:00:00,8,0,San Jose Centro,19.4,89,9.2,9.9331,-84.0792,8.1,7.4,14.4,17.0,9.9358,-84.0558,9.9567,-84.1132,824.0,637.0,0.7730582524271845,1.0,Fluido
2026-06-15 09:00:00,9,0,San Jose Centro,18.9,88,8.8,9.9331,-84.0792,7.5,6.6,11.3,22.0,9.9358,-84.0558,9.9567,-84.1132,824.0,649.0,0.787621359223301,1.0,Fluido
2026-06-15 10:00:00,10,0,San Jose Centro,18.3,88,9.4,9.9331,-84.0792,7.6,6.5,9.9,25.0,9.9358,-84.0558,9.9567,-84.1132,824.0,684.0,0.8300970873786407,1.0,Fluido
2026-06-15 11:00:00,11,0,San Jose Centro,18.1,87,8.2,9.9331,-84.0792,8.1,6.8,9.3,28.0,9.9358,-84.0558,9.9567,-84.1132,824.0,760.0,0.9223300970873787,1.0,Fluido
2026-06-15 12:00:00,12,0,San Jose Centro,19.4,82,8.5,9.9331,-84.0792,12.8,10.8,9.9,28.0,9.9358,-84.0558,9.9567,-84.1132,824.0,1133.0,1.375,1.375,Moderado
2026-06-15 13:00:00,13,0,San Jose Centro,21.7,75,6.5,9.9331,-84.0792,8.7,7.6,8.5,38.0,9.9358,-84.0558,9.9567,-84.1132,824.0,1230.0,1.4927184466019416,1.4927184466019416,Moderado
2026-06-15 14:00:00,14,0,San Jose Centro,23.0,72,8.3,9.9331,-84.0792,8.8,7.5,6.5,51.0,9.9358,-84.0558,9.9567,-84.1132,824.0,1106.0,1.3422330097087378,1.3422330097087378,Moderado
2026-06-15 15:00:00,15,0,San Jose Centro,23.9,67,9.3,9.9331,-84.0792,7.7,6.4,5.0,61.0,9.9358,-84.0558,9.9567,-84.1132,824.0,1030.0,1.25,1.25,Leve
2026-06-15 16:00:00,16,0,San Jose Centro,25.7,63,5.2,9.9331,-84.0792,6.2,5.2,4.2,65.0,9.9358,-84.0558,9.9567,-84.1132,824.0,936.0,1.1359223300970873,1.1359223300970873,Leve
2026-06-15 17:00:00,17,0,San Jose Centro,27.0,59,7.2,9.9331,-84.0792,6.4,5.3,3.9,65.0,9.9358,-84.0558,9.9567,-84.1132,824.0,913.0,1.108009708737864,1.108009708737864,Leve
2026-06-15 18:00:00,18,0,San Jose Centro,28.0,49,4.1,9.9331,-84.0792,7.0,5.9,3.7,65.0,9.9358,-84.0558,9.9567,-84.1132,824.0,896.0,1.087378640776699,1.087378640776699,Leve
2026-06-15 19:00:00,19,0,San Jose Centro,26.7,53,3.1,9.9331,-84.0792,6.9,6.0,3.1,68.0,9.9358,-84.0558,9.9567,-84.1132,824.0,889.0,1.078883495145631,1.078883495145631,Leve
2026-06-15 20:00:00,20,0,San Jose Centro,24.2,73,9.7,9.9331,-84.0792,6.9,6.2,2.6,70.0,9.9358,-84.0558,9.9567,-84.1132,824.0,868.0,1.0533980582524272,1.0533980582524272,Leve
2026-06-15 21:00:00,21,0,San Jose Centro,23.0,78,6.2,9.9331,-84.0792,6.8,6.2,4.3,68.0,9.9358,-84.0558,9.9567,-84.1132,824.0,888.0,1.0776699029126213,1.0776699029126213,Leve
2026-06-15 22:00:00,22,0,San Jose Centro,21.3,84,2.0,9.9331,-84.0792,7.0,6.2,10.4,56.0,9.9358,-84.0558,9.9567,-84.1132,824.0,916.0,1.1116504854368932,1.1116504854368932,Leve
2026-06-15 23:00:00,23,0,San Jose Centro,21.4,89,4.6,9.9331,-84.0792,9.6,8.8,18.7,39.0,9.9358,-84.0558,9.9567,-84.1132,824.0,1042.0,1.2645631067961165,1.2645631067961165,Leve
2026-06-16 00:00:00,0,1,San Jose Centro,22.1,85,2.7,9.9331,-84.0792,11.6,10.3,16.2,34.0,9.9358,-84.0558,9.9567,-84.1132,824.0,923.0,1.1201456310679612,1.1201456310679612,Leve
2026-06-16 01:00:00,1,1,San Jose Centro,21.3,93,4.5,9.9331,-84.0792,14.4,13.4,15.4,33.0,9.9358,-84.0558,9.9567,-84.1132,824.0,792.0,0.9611650485436893,1.0,Fluido
2026-06-16 02:00:00,2,1,San Jose Centro,20.7,95,2.4,9.9331,-84.0792,12.1,10.9,14.4,31.0,9.9358,-84.0558,9.9567,-84.1132,824.0,768.0,0.9320388349514563,1.0,Fluido
2026-06-16 03:00:00,3,1,San Jose Centro,20.7,93,0.6,9.9331,-84.0792,8.5,7.5,13.5,29.0,9.9358,-84.0558,9.9567,-84.1132,824.0,771.0,0.9356796116504854,1.0,Fluido
2026-06-16 04:00:00,4,1,San Jose Centro,20.4,93,3.4,9.9331,-84.0792,5.7,4.9,13.1,27.0,9.9358,-84.0558,9.9567,-84.1132,824.0,732.0,0.8883495145631068,1.0,Fluido
2026-06-16 05:00:00,5,1,San Jose Centro,20.2,91,5.4,9.9331,-84.0792,5.4,4.7,12.8,25.0,9.9358,-84.0558,9.9567,-84.1132,824.0,690.0,0.837378640776699,1.0,Fluido
2026-06-16 06:00:00,6,1,San Jose Centro,19.9,86,6.3,9.9331,-84.0792,5.7,5.1,12.5,24.0,9.9358,-84.0558,9.9567,-84.1132,824.0,668.0,0.8106796116504854,1.0,Fluido
2026-06-16 07:00:00,7,1,San Jose Centro,19.9,84,5.4,9.9331,-84.0792,6.2,5.6,11.8,23.0,9.9358,-84.0558,9.9567,-84.1132,824.0,632.0,0.7669902912621359,1.0,Fluido
2026-06-16 08:00:00,8,1,San Jose Centro,19.9,83,5.2,9.9331,-84.0792,6.1,5.2,11.0,23.0,9.9358,-84.0558,9.9567,-84.1132,824.0,656.0,0.7961165048543689,1.0,Fluido
2026-06-16 09:00:00,9,1,San Jose Centro,19.7,83,6.2,9.9331,-84.0792,6.2,5.3,10.8,22.0,9.9358,-84.0558,9.9567,-84.1132,824.0,652.0,0.7912621359223301,1.0,Fluido
2026-06-16 10:00:00,10,1,San Jose Centro,19.6,82,6.5,9.9331,-84.0792,6.1,5.3,11.9,18.0,9.9358,-84.0558,9.9567,-84.1132,824.0,662.0,0.8033980582524272,1.0,Fluido
2026-06-16 11:00:00,11,1,San Jose Centro,19.2,84,4.0,9.9331,-84.0792,6.5,5.7,13.6,14.0,9.9358,-84.0558,9.9567,-84.1132,824.0,738.0,0.8956310679611651,1.0,Fluido
2026-06-16 12:00:00,12,1,San Jose Centro,19.4,87,6.8,9.9331,-84.0792,5.7,5.1,9.9,28.0,9.9358,-84.0558,9.9567,-84.1132,824.0,1117.0,1.3555825242718447,1.3555825242718447,Moderado
2026-06-16 13:00:00,13,1,San Jose Centro,21.5,78,3.8,9.9331,-84.0792,7.6,6.6,8.1,37.0,9.9358,-84.0558,9.9567,-84.1132,824.0,1379.0,1.6735436893203883,1.6735436893203883,Moderado
2026-06-16 14:00:00,14,1,San Jose Centro,23.0,71,4.7,9.9331,-84.0792,6.5,5.3,5.7,49.0,9.9358,-84.0558,9.9567,-84.1132,824.0,1285.0,1.5594660194174756,1.5594660194174756,Moderado
2026-06-16 15:00:00,15,1,San Jose Centro,24.5,66,5.5,9.9331,-84.0792,4.9,3.8,4.0,58.0,9.9358,-84.0558,9.9567,-84.1132,824.0,1182.0,1.4344660194174756,1.4344660194174756,Moderado
2026-06-16 16:00:00,16,1,San Jose Centro,25.7,63,4.5,9.9331,-84.0792,5.0,4.0,3.6,62.0,9.9358,-84.0558,9.9567,-84.1132,824.0,1161.0,1.4089805825242718,1.4089805825242718,Moderado
2026-06-16 17:00:00,17,1,San Jose Centro,26.0,62,5.4,9.9331,-84.0792,5.3,4.4,3.9,63.0,9.9358,-84.0558,9.9567,-84.1132,824.0,985.0,1.1953883495145632,1.1953883495145632,Leve
2026-06-16 18:00:00,18,1,San Jose Centro,25.7,62,3.7,9.9331,-84.0792,2.9,2.6,4.3,64.0,9.9358,-84.0558,9.9567,-84.1132,824.0,969.0,1.1759708737864079,1.1759708737864079,Leve
2026-06-16 19:00:00,19,1,San Jose Centro,23.0,73,6.0,9.9331,-84.0792,3.7,3.2,3.5,66.0,9.9358,-84.0558,9.9567,-84.1132,824.0,918.0,1.1140776699029127,1.1140776699029127,Leve
2026-06-16 20:00:00,20,1,San Jose Centro,22.2,81,9.2,9.9331,-84.0792,3.7,3.2,2.8,68.0,9.9358,-84.0558,9.9567,-84.1132,824.0,922.0,1.1189320388349515,1.1189320388349515,Leve
2026-06-16 21:00:00,21,1,San Jose Centro,19.6,97,6.0,9.9331,-84.0792,4.1,3.5,5.0,64.0,9.9358,-84.0558,9.9567,-84.1132,824.0,929.0,1.1274271844660195,1.1274271844660195,Leve
2026-06-16 22:00:00,22,1,San Jose Centro,19.5,97,3.1,9.9331,-84.0792,10.2,9.7,13.2,49.0,9.9358,-84.0558,9.9567,-84.1132,824.0,1045.0,1.2682038834951457,1.2682038834951457,Leve
2026-06-16 23:00:00,23,1,San Jose Centro,19.6,92,4.2,9.9331,-84.0792,7.8,7.5,24.4,27.0,9.9358,-84.0558,9.9567,-84.1132,824.0,1221.0,1.4817961165048543,1.4817961165048543,Moderado
2026-06-17 00:00:00,0,2,San Jose Centro,19.5,92,0.4,9.9331,-84.0792,5.1,4.9,18.9,33.0,9.9358,-84.0558,9.9567,-84.1132,824.0,978.0,1.1868932038834952,1.1868932038834952,Leve
2026-06-17 01:00:00,1,2,San Jose Centro,19.7,93,2.0,9.9331,-84.0792,5.8,5.6,22.9,25.0,9.9358,-84.0558,9.9567,-84.1132,824.0,806.0,0.9781553398058253,1.0,Fluido
2026-06-17 02:00:00,2,2,San Jose Centro,19.5,93,3.5,9.9331,-84.0792,7.0,6.8,28.5,13.0,9.9358,-84.0558,9.9567,-84.1132,824.0,766.0,0.9296116504854369,1.0,Fluido
2026-06-17 03:00:00,3,2,San Jose Centro,19.5,92,4.4,9.9331,-84.0792,10.3,10.2,32.1,4.0,9.9358,-84.0558,9.9567,-84.1132,824.0,785.0,0.9526699029126213,1.0,Fluido
2026-06-17 04:00:00,4,2,San Jose Centro,19.5,90,4.3,9.9331,-84.0792,12.5,12.4,32.1,1.0,9.9358,-84.0558,9.9567,-84.1132,824.0,749.0,0.9089805825242718,1.0,Fluido
2026-06-17 05:00:00,5,2,San Jose Centro,19.1,92,4.5,9.9331,-84.0792,15.9,15.8,30.2,0.0,9.9358,-84.0558,9.9567,-84.1132,824.0,711.0,0.8628640776699029,1.0,Fluido
2026-06-17 06:00:00,6,2,San Jose Centro,18.7,86,8.9,9.9331,-84.0792,16.3,16.1,28.4,0.0,9.9358,-84.0558,9.9567,-84.1132,824.0,684.0,0.8300970873786407,1.0,Fluido
2026-06-17 07:00:00,7,2,San Jose Centro,18.3,86,10.4,9.9331,-84.0792,14.4,14.2,27.4,1.0,9.9358,-84.0558,9.9567,-84.1132,824.0,643.0,0.7803398058252428,1.0,Fluido
2026-06-17 08:00:00,8,2,San Jose Centro,18.5,83,10.8,9.9331,-84.0792,12.7,12.4,26.5,2.0,9.9358,-84.0558,9.9567,-84.1132,824.0,638.0,0.7742718446601942,1.0,Fluido
2026-06-17 09:00:00,9,2,San Jose Centro,18.9,80,8.6,9.9331,-84.0792,10.9,10.7,25.1,4.0,9.9358,-84.0558,9.9567,-84.1132,824.0,631.0,0.7657766990291263,1.0,Fluido
2026-06-17 10:00:00,10,2,San Jose Centro,18.9,80,8.1,9.9331,-84.0792,9.8,9.5,23.0,4.0,9.9358,-84.0558,9.9567,-84.1132,824.0,660.0,0.8009708737864077,1.0,Fluido
2026-06-17 11:00:00,11,2,San Jose Centro,18.8,80,9.0,9.9331,-84.0792,9.5,9.1,20.3,5.0,9.9358,-84.0558,9.9567,-84.1132,824.0,737.0,0.8944174757281553,1.0,Fluido
2026-06-17 12:00:00,12,2,San Jose Centro,18.4,81,10.5,9.9331,-84.0792,20.8,18.6,15.6,15.0,9.9358,-84.0558,9.9567,-84.1132,824.0,1132.0,1.3737864077669903,1.3737864077669903,Moderado
2026-06-17 13:00:00,13,2,San Jose Centro,20.6,72,11.2,9.9331,-84.0792,15.4,13.0,13.4,31.0,9.9358,-84.0558,9.9567,-84.1132,824.0,1320.0,1.6019417475728155,1.6019417475728155,Moderado
2026-06-17 14:00:00,14,2,San Jose Centro,22.5,63,11.5,9.9331,-84.0792,18.2,15.8,10.2,53.0,9.9358,-84.0558,9.9567,-84.1132,824.0,1219.0,1.479368932038835,1.479368932038835,Moderado
2026-06-17 15:00:00,15,2,San Jose Centro,23.2,63,10.9,9.9331,-84.0792,18.0,14.7,7.4,71.0,9.9358,-84.0558,9.9567,-84.1132,824.0,1120.0,1.3592233009708738,1.3592233009708738,Moderado
2026-06-17 16:00:00,16,2,San Jose Centro,24.6,60,9.2,9.9331,-84.0792,17.4,13.8,5.1,82.0,9.9358,-84.0558,9.9567,-84.1132,824.0,1051.0,1.2754854368932038,1.2754854368932038,Leve
2026-06-17 17:00:00,17,2,San Jose Centro,24.7,61,7.0,9.9331,-84.0792,17.6,13.9,3.1,90.0,9.9358,-84.0558,9.9567,-84.1132,824.0,1006.0,1.220873786407767,1.220873786407767,Leve
2026-06-17 18:00:00,18,2,San Jose Centro,25.3,59,5.8,9.9331,-84.0792,16.6,13.0,1.9,94.0,9.9358,-84.0558,9.9567,-84.1132,824.0,1045.0,1.2682038834951457,1.2682038834951457,Leve
2026-06-17 19:00:00,19,2,San Jose Centro,24.5,60,9.2,9.9331,-84.0792,15.7,12.3,0.9,96.0,9.9358,-84.0558,9.9567,-84.1132,824.0,959.0,1.1638349514563107,1.1638349514563107,Leve
2026-06-17 20:00:00,20,2,San Jose Centro,24.5,62,7.3,9.9331,-84.0792,15.5,12.3,0.6,95.0,9.9358,-84.0558,9.9567,-84.1132,824.0,936.0,1.1359223300970873,1.1359223300970873,Leve
2026-06-17 21:00:00,21,2,San Jose Centro,24.0,66,3.9,9.9331,-84.0792,14.9,11.8,3.1,88.0,9.9358,-84.0558,9.9567,-84.1132,824.0,921.0,1.1177184466019416,1.1177184466019416,Leve
2026-06-17 22:00:00,22,2,San Jose Centro,22.9,73,7.4,9.9331,-84.0792,14.5,11.5,10.4,73.0,9.9358,-84.0558,9.9567,-84.1132,824.0,1041.0,1.2633495145631068,1.2633495145631068,Leve
2026-06-17 23:00:00,23,2,San Jose Centro,21.9,80,7.1,9.9331,-84.0792,15.2,12.5,20.5,52.0,9.9358,-84.0558,9.9567,-84.1132,824.0,1184.0,1.4368932038834952,1.4368932038834952,Moderado
2026-06-18 00:00:00,0,3,San Jose Centro,20.1,90,5.0,9.9331,-84.0792,18.7,16.3,21.9,46.0,9.9358,-84.0558,9.9567,-84.1132,824.0,1004.0,1.2184466019417475,1.2184466019417475,Leve
2026-06-18 01:00:00,1,3,San Jose Centro,19.6,94,3.7,9.9331,-84.0792,16.9,15.4,24.0,38.0,9.9358,-84.0558,9.9567,-84.1132,824.0,820.0,0.9951456310679612,1.0,Fluido
2026-06-18 02:00:00,2,3,San Jose Centro,19.4,97,3.8,9.9331,-84.0792,19.4,17.5,26.8,28.0,9.9358,-84.0558,9.9567,-84.1132,824.0,785.0,0.9526699029126213,1.0,Fluido
2026-06-18 03:00:00,3,3,San Jose Centro,19.2,98,1.3,9.9331,-84.0792,19.5,17.6,29.1,19.0,9.9358,-84.0558,9.9567,-84.1132,824.0,798.0,0.9684466019417476,1.0,Fluido
2026-06-18 04:00:00,4,3,San Jose Centro,19.3,98,0.3,9.9331,-84.0792,21.2,19.4,30.6,15.0,9.9358,-84.0558,9.9567,-84.1132,824.0,752.0,0.912621359223301,1.0,Fluido
2026-06-18 05:00:00,5,3,San Jose Centro,19.5,95,0.4,9.9331,-84.0792,22.4,20.5,31.5,12.0,9.9358,-84.0558,9.9567,-84.1132,824.0,708.0,0.8592233009708737,1.0,Fluido
2026-06-18 06:00:00,6,3,San Jose Centro,19.3,95,1.5,9.9331,-84.0792,22.5,20.4,31.1,11.0,9.9358,-84.0558,9.9567,-84.1132,824.0,674.0,0.8179611650485437,1.0,Fluido
2026-06-18 07:00:00,7,3,San Jose Centro,19.2,94,3.5,9.9331,-84.0792,21.3,19.2,28.4,10.0,9.9358,-84.0558,9.9567,-84.1132,824.0,634.0,0.7694174757281553,1.0,Fluido
2026-06-18 08:00:00,8,3,San Jose Centro,19.1,94,4.3,9.9331,-84.0792,18.7,17.0,24.3,10.0,9.9358,-84.0558,9.9567,-84.1132,824.0,649.0,0.787621359223301,1.0,Fluido
2026-06-18 09:00:00,9,3,San Jose Centro,18.7,94,6.5,9.9331,-84.0792,16.8,15.3,20.9,11.0,9.9358,-84.0558,9.9567,-84.1132,824.0,645.0,0.7827669902912622,1.0,Fluido
2026-06-18 10:00:00,10,3,San Jose Centro,18.6,90,8.5,9.9331,-84.0792,15.3,13.9,19.5,10.0,9.9358,-84.0558,9.9567,-84.1132,824.0,664.0,0.8058252427184466,1.0,Fluido
2026-06-18 11:00:00,11,3,San Jose Centro,18.6,88,9.4,9.9331,-84.0792,14.6,13.2,18.8,10.0,9.9358,-84.0558,9.9567,-84.1132,824.0,752.0,0.912621359223301,1.0,Fluido
2026-06-18 12:00:00,12,3,San Jose Centro,19.3,84,10.8,9.9331,-84.0792,8.9,7.9,14.5,19.0,9.9358,-84.0558,9.9567,-84.1132,824.0,1087.0,1.3191747572815533,1.3191747572815533,Moderado
2026-06-18 13:00:00,13,3,San Jose Centro,20.1,76,11.4,9.9331,-84.0792,8.0,7.2,12.6,28.0,9.9358,-84.0558,9.9567,-84.1132,824.0,1299.0,1.5764563106796117,1.5764563106796117,Moderado
2026-06-18 14:00:00,14,3,San Jose Centro,21.0,72,9.9,9.9331,-84.0792,7.0,6.1,10.0,41.0,9.9358,-84.0558,9.9567,-84.1132,824.0,1180.0,1.4320388349514563,1.4320388349514563,Moderado
2026-06-18 15:00:00,15,3,San Jose Centro,23.1,67,7.8,9.9331,-84.0792,7.5,6.3,7.6,54.0,9.9358,-84.0558,9.9567,-84.1132,824.0,1196.0,1.4514563106796117,1.4514563106796117,Moderado
2026-06-18 16:00:00,16,3,San Jose Centro,25.6,59,1.6,9.9331,-84.0792,8.0,6.9,5.4,68.0,9.9358,-84.0558,9.9567,-84.1132,824.0,1098.0,1.3325242718446602,1.3325242718446602,Moderado
2026-06-18 17:00:00,17,3,San Jose Centro,25.1,61,8.9,9.9331,-84.0792,8.0,6.8,3.4,83.0,9.9358,-84.0558,9.9567,-84.1132,824.0,1028.0,1.2475728155339805,1.2475728155339805,Leve
2026-06-18 18:00:00,18,3,San Jose Centro,25.3,59,9.7,9.9331,-84.0792,7.7,6.5,2.6,90.0,9.9358,-84.0558,9.9567,-84.1132,824.0,972.0,1.1796116504854368,1.1796116504854368,Leve
2026-06-18 19:00:00,19,3,San Jose Centro,23.6,66,4.2,9.9331,-84.0792,6.7,5.8,2.9,85.0,9.9358,-84.0558,9.9567,-84.1132,824.0,1026.0,1.2451456310679612,1.2451456310679612,Leve
2026-06-18 20:00:00,20,3,San Jose Centro,22.3,76,1.1,9.9331,-84.0792,6.9,6.1,4.3,72.0,9.9358,-84.0558,9.9567,-84.1132,824.0,1065.0,1.2924757281553398,1.2924757281553398,Leve
2026-06-18 21:00:00,21,3,San Jose Centro,22.2,78,1.6,9.9331,-84.0792,7.7,6.9,8.4,58.0,9.9358,-84.0558,9.9567,-84.1132,824.0,1030.0,1.25,1.25,Leve
2026-06-18 22:00:00,22,3,San Jose Centro,22.2,79,1.1,9.9331,-84.0792,11.0,10.3,17.7,43.0,9.9358,-84.0558,9.9567,-84.1132,824.0,1092.0,1.325242718446602,1.325242718446602,Moderado
2026-06-18 23:00:00,23,3,San Jose Centro,22.1,78,1.5,9.9331,-84.0792,10.3,10.1,29.7,26.0,9.9358,-84.0558,9.9567,-84.1132,824.0,1245.0,1.5109223300970873,1.5109223300970873,Moderado
2026-06-19 00:00:00,0,4,San Jose Centro,21.5,81,3.8,9.9331,-84.0792,16.5,14.8,26.7,22.0,9.9358,-84.0558,9.9567,-84.1132,824.0,1031.0,1.2512135922330097,1.2512135922330097,Leve
2026-06-19 01:00:00,1,4,San Jose Centro,20.7,85,2.7,9.9331,-84.0792,13.4,12.2,28.1,17.0,9.9358,-84.0558,9.9567,-84.1132,824.0,837.0,1.0157766990291262,1.0157766990291262,Leve
2026-06-19 02:00:00,2,4,San Jose Centro,19.8,91,1.4,9.9331,-84.0792,14.7,13.4,30.0,10.0,9.9358,-84.0558,9.9567,-84.1132,824.0,813.0,0.9866504854368932,1.0,Fluido
2026-06-19 03:00:00,3,4,San Jose Centro,19.2,93,1.0,9.9331,-84.0792,15.6,14.4,30.7,5.0,9.9358,-84.0558,9.9567,-84.1132,824.0,791.0,0.9599514563106796,1.0,Fluido
2026-06-19 04:00:00,4,4,San Jose Centro,18.7,94,1.0,9.9331,-84.0792,15.7,14.6,29.3,4.0,9.9358,-84.0558,9.9567,-84.1132,824.0,776.0,0.941747572815534,1.0,Fluido
2026-06-19 05:00:00,5,4,San Jose Centro,18.7,93,2.4,9.9331,-84.0792,13.4,12.3,26.6,5.0,9.9358,-84.0558,9.9567,-84.1132,824.0,717.0,0.8701456310679612,1.0,Fluido
2026-06-19 06:00:00,6,4,San Jose Centro,18.6,94,3.0,9.9331,-84.0792,11.3,10.4,23.6,7.0,9.9358,-84.0558,9.9567,-84.1132,824.0,691.0,0.8385922330097088,1.0,Fluido
2026-06-19 07:00:00,7,4,San Jose Centro,18.2,91,5.3,9.9331,-84.0792,8.8,7.9,20.2,9.0,9.9358,-84.0558,9.9567,-84.1132,824.0,666.0,0.808252427184466,1.0,Fluido
2026-06-19 08:00:00,8,4,San Jose Centro,17.7,88,8.3,9.9331,-84.0792,7.5,6.7,16.4,12.0,9.9358,-84.0558,9.9567,-84.1132,824.0,628.0,0.7621359223300971,1.0,Fluido
2026-06-19 09:00:00,9,4,San Jose Centro,17.3,86,9.0,9.9331,-84.0792,7.1,6.2,13.7,14.0,9.9358,-84.0558,9.9567,-84.1132,824.0,641.0,0.7779126213592233,1.0,Fluido
2026-06-19 10:00:00,10,4,San Jose Centro,17.2,84,9.5,9.9331,-84.0792,6.7,5.6,13.1,14.0,9.9358,-84.0558,9.9567,-84.1132,824.0,674.0,0.8179611650485437,1.0,Fluido
2026-06-19 11:00:00,11,4,San Jose Centro,17.9,82,9.1,9.9331,-84.0792,7.5,6.3,13.6,14.0,9.9358,-84.0558,9.9567,-84.1132,824.0,741.0,0.8992718446601942,1.0,Fluido
2026-06-19 12:00:00,12,4,San Jose Centro,19.0,79,9.9,9.9331,-84.0792,10.1,9.1,15.6,11.0,9.9358,-84.0558,9.9567,-84.1132,824.0,887.0,1.0764563106796117,1.0764563106796117,Leve
2026-06-19 13:00:00,13,4,San Jose Centro,20.7,73,8.4,9.9331,-84.0792,11.0,9.9,12.7,28.0,9.9358,-84.0558,9.9567,-84.1132,824.0,977.0,1.1856796116504855,1.1856796116504855,Leve
2026-06-19 14:00:00,14,4,San Jose Centro,22.6,68,5.7,9.9331,-84.0792,11.0,9.3,8.6,52.0,9.9358,-84.0558,9.9567,-84.1132,824.0,970.0,1.1771844660194175,1.1771844660194175,Leve
2026-06-19 15:00:00,15,4,San Jose Centro,24.7,62,5.9,9.9331,-84.0792,10.4,8.6,5.4,71.0,9.9358,-84.0558,9.9567,-84.1132,824.0,1005.0,1.2196601941747574,1.2196601941747574,Leve
2026-06-19 16:00:00,16,4,San Jose Centro,26.1,57,4.0,9.9331,-84.0792,9.4,7.6,3.7,79.0,9.9358,-84.0558,9.9567,-84.1132,824.0,970.0,1.1771844660194175,1.1771844660194175,Leve
2026-06-19 17:00:00,17,4,San Jose Centro,25.9,57,7.2,9.9331,-84.0792,9.0,7.2,2.9,81.0,9.9358,-84.0558,9.9567,-84.1132,824.0,1001.0,1.2148058252427185,1.2148058252427185,Leve
2026-06-19 18:00:00,18,4,San Jose Centro,26.4,52,5.4,9.9331,-84.0792,9.3,7.5,2.5,81.0,9.9358,-84.0558,9.9567,-84.1132,824.0,1021.0,1.2390776699029127,1.2390776699029127,Leve
2026-06-19 19:00:00,19,4,San Jose Centro,25.4,54,2.6,9.9331,-84.0792,9.5,7.7,2.1,79.0,9.9358,-84.0558,9.9567,-84.1132,824.0,1054.0,1.279126213592233,1.279126213592233,Leve
2026-06-19 20:00:00,20,4,San Jose Centro,24.1,61,2.6,9.9331,-84.0792,9.9,7.9,2.1,75.0,9.9358,-84.0558,9.9567,-84.1132,824.0,1069.0,1.2973300970873787,1.2973300970873787,Leve
2026-06-19 21:00:00,21,4,San Jose Centro,22.8,71,3.6,9.9331,-84.0792,10.3,8.2,4.1,68.0,9.9358,-84.0558,9.9567,-84.1132,824.0,1060.0,1.2864077669902914,1.2864077669902914,Leve
2026-06-19 22:00:00,22,4,San Jose Centro,22.3,75,2.1,9.9331,-84.0792,11.1,9.0,9.9,55.0,9.9358,-84.0558,9.9567,-84.1132,824.0,1089.0,1.3216019417475728,1.3216019417475728,Moderado
2026-06-19 23:00:00,23,4,San Jose Centro,22.1,76,1.6,9.9331,-84.0792,12.4,10.7,17.5,38.0,9.9358,-84.0558,9.9567,-84.1132,824.0,1172.0,1.4223300970873787,1.4223300970873787,Moderado
2026-06-20 00:00:00,0,5,San Jose Centro,20.7,88,1.8,9.9331,-84.0792,18.5,16.6,28.1,19.0,9.9358,-84.0558,9.9567,-84.1132,824.0,967.0,1.1735436893203883,1.1735436893203883,Leve
2026-06-20 01:00:00,1,5,San Jose Centro,20.5,92,1.3,9.9331,-84.0792,19.0,17.5,27.8,16.0,9.9358,-84.0558,9.9567,-84.1132,824.0,817.0,0.991504854368932,1.0,Fluido
2026-06-20 02:00:00,2,5,San Jose Centro,20.0,95,2.1,9.9331,-84.0792,17.2,15.6,27.3,12.0,9.9358,-84.0558,9.9567,-84.1132,824.0,803.0,0.9745145631067961,1.0,Fluido
2026-06-20 03:00:00,3,5,San Jose Centro,20.2,91,3.7,9.9331,-84.0792,15.3,14.0,25.7,10.0,9.9358,-84.0558,9.9567,-84.1132,824.0,797.0,0.9672330097087378,1.0,Fluido
2026-06-20 04:00:00,4,5,San Jose Centro,19.9,89,6.2,9.9331,-84.0792,12.7,11.3,22.3,13.0,9.9358,-84.0558,9.9567,-84.1132,824.0,765.0,0.9283980582524272,1.0,Fluido
2026-06-20 05:00:00,5,5,San Jose Centro,19.2,87,7.3,9.9331,-84.0792,11.7,10.1,17.8,18.0,9.9358,-84.0558,9.9567,-84.1132,824.0,737.0,0.8944174757281553,1.0,Fluido
2026-06-20 06:00:00,6,5,San Jose Centro,19.0,80,8.8,9.9331,-84.0792,10.4,8.9,14.0,22.0,9.9358,-84.0558,9.9567,-84.1132,824.0,713.0,0.8652912621359223,1.0,Fluido
2026-06-20 07:00:00,7,5,San Jose Centro,18.5,80,8.5,9.9331,-84.0792,8.8,7.4,11.2,25.0,9.9358,-84.0558,9.9567,-84.1132,824.0,685.0,0.8313106796116505,1.0,Fluido
2026-06-20 08:00:00,8,5,San Jose Centro,18.1,80,9.6,9.9331,-84.0792,8.0,6.4,9.1,27.0,9.9358,-84.0558,9.9567,-84.1132,824.0,662.0,0.8033980582524272,1.0,Fluido
2026-06-20 09:00:00,9,5,San Jose Centro,17.9,79,9.9,9.9331,-84.0792,7.3,6.1,7.8,28.0,9.9358,-84.0558,9.9567,-84.1132,824.0,637.0,0.7730582524271845,1.0,Fluido
2026-06-20 10:00:00,10,5,San Jose Centro,17.8,78,9.2,9.9331,-84.0792,7.4,6.3,8.1,25.0,9.9358,-84.0558,9.9567,-84.1132,824.0,657.0,0.7973300970873787,1.0,Fluido
2026-06-20 11:00:00,11,5,San Jose Centro,17.5,79,10.4,9.9331,-84.0792,7.7,6.7,9.2,20.0,9.9358,-84.0558,9.9567,-84.1132,824.0,702.0,0.8519417475728155,1.0,Fluido
2026-06-20 12:00:00,12,5,San Jose Centro,18.4,77,9.7,9.9331,-84.0792,8.3,6.5,6.3,38.0,9.9358,-84.0558,9.9567,-84.1132,824.0,733.0,0.8895631067961165,1.0,Fluido
2026-06-20 13:00:00,13,5,San Jose Centro,20.7,73,9.2,9.9331,-84.0792,9.0,7.4,5.3,43.0,9.9358,-84.0558,9.9567,-84.1132,824.0,724.0,0.8786407766990292,1.0,Fluido
2026-06-20 14:00:00,14,5,San Jose Centro,22.8,67,8.3,9.9331,-84.0792,6.8,5.5,3.8,50.0,9.9358,-84.0558,9.9567,-84.1132,824.0,765.0,0.9283980582524272,1.0,Fluido
2026-06-20 15:00:00,15,5,San Jose Centro,24.4,64,6.8,9.9331,-84.0792,6.7,4.9,2.7,55.0,9.9358,-84.0558,9.9567,-84.1132,824.0,833.0,1.0109223300970873,1.0109223300970873,Leve
2026-06-20 16:00:00,16,5,San Jose Centro,25.6,57,11.4,9.9331,-84.0792,7.2,5.1,1.9,56.0,9.9358,-84.0558,9.9567,-84.1132,824.0,848.0,1.029126213592233,1.029126213592233,Leve
2026-06-20 17:00:00,17,5,San Jose Centro,23.9,69,10.2,9.9331,-84.0792,7.8,5.2,1.4,54.0,9.9358,-84.0558,9.9567,-84.1132,824.0,867.0,1.0521844660194175,1.0521844660194175,Leve
2026-06-20 18:00:00,18,5,San Jose Centro,26.8,50,0.8,9.9331,-84.0792,7.7,5.0,1.6,52.0,9.9358,-84.0558,9.9567,-84.1132,824.0,1030.0,1.25,1.25,Leve
2026-06-20 19:00:00,19,5,San Jose Centro,25.2,60,7.0,9.9331,-84.0792,8.5,6.0,3.0,48.0,9.9358,-84.0558,9.9567,-84.1132,824.0,1024.0,1.2427184466019416,1.2427184466019416,Leve
2026-06-20 20:00:00,20,5,San Jose Centro,24.8,65,8.6,9.9331,-84.0792,9.3,6.9,5.2,44.0,9.9358,-84.0558,9.9567,-84.1132,824.0,1063.0,1.2900485436893203,1.2900485436893203,Leve
2026-06-20 21:00:00,21,5,San Jose Centro,22.8,76,6.1,9.9331,-84.0792,7.5,6.2,7.4,39.0,9.9358,-84.0558,9.9567,-84.1132,824.0,943.0,1.1444174757281553,1.1444174757281553,Leve
2026-06-20 22:00:00,22,5,San Jose Centro,21.6,81,4.0,9.9331,-84.0792,9.3,7.6,9.4,35.0,9.9358,-84.0558,9.9567,-84.1132,824.0,822.0,0.9975728155339806,1.0,Fluido
2026-06-20 23:00:00,23,5,San Jose Centro,21.4,85,3.5,9.9331,-84.0792,11.4,9.3,11.3,31.0,9.9358,-84.0558,9.9567,-84.1132,824.0,833.0,1.0109223300970873,1.0109223300970873,Leve
2026-06-21 00:00:00,0,6,San Jose Centro,20.1,91,2.3,9.9331,-84.0792,4.3,3.6,11.5,29.0,9.9358,-84.0558,9.9567,-84.1132,824.0,848.0,1.029126213592233,1.029126213592233,Leve
2026-06-21 01:00:00,1,6,San Jose Centro,19.8,95,2.6,9.9331,-84.0792,5.4,4.5,11.5,26.0,9.9358,-84.0558,9.9567,-84.1132,824.0,793.0,0.962378640776699,1.0,Fluido
2026-06-21 02:00:00,2,6,San Jose Centro,19.9,96,6.4,9.9331,-84.0792,6.2,5.1,11.5,23.0,9.9358,-84.0558,9.9567,-84.1132,824.0,775.0,0.9405339805825242,1.0,Fluido
2026-06-21 03:00:00,3,6,San Jose Centro,20.1,95,4.3,9.9331,-84.0792,6.8,5.6,11.6,19.0,9.9358,-84.0558,9.9567,-84.1132,824.0,783.0,0.9502427184466019,1.0,Fluido
2026-06-21 04:00:00,4,6,San Jose Centro,20.0,93,5.6,9.9331,-84.0792,7.7,6.6,12.0,16.0,9.9358,-84.0558,9.9567,-84.1132,824.0,759.0,0.9211165048543689,1.0,Fluido
2026-06-21 05:00:00,5,6,San Jose Centro,19.2,95,6.3,9.9331,-84.0792,8.6,7.5,12.5,13.0,9.9358,-84.0558,9.9567,-84.1132,824.0,744.0,0.9029126213592233,1.0,Fluido
2026-06-21 06:00:00,6,6,San Jose Centro,18.6,93,9.3,9.9331,-84.0792,8.1,7.0,12.8,11.0,9.9358,-84.0558,9.9567,-84.1132,824.0,704.0,0.8543689320388349,1.0,Fluido
2026-06-21 07:00:00,7,6,San Jose Centro,18.4,90,9.6,9.9331,-84.0792,7.9,6.8,12.7,9.0,9.9358,-84.0558,9.9567,-84.1132,824.0,676.0,0.8203883495145631,1.0,Fluido
2026-06-21 08:00:00,8,6,San Jose Centro,18.3,88,8.6,9.9331,-84.0792,7.9,6.7,12.3,8.0,9.9358,-84.0558,9.9567,-84.1132,824.0,663.0,0.8046116504854369,1.0,Fluido
2026-06-21 09:00:00,9,6,San Jose Centro,18.5,87,7.9,9.9331,-84.0792,8.1,6.9,11.7,8.0,9.9358,-84.0558,9.9567,-84.1132,824.0,635.0,0.7706310679611651,1.0,Fluido
2026-06-21 10:00:00,10,6,San Jose Centro,18.6,86,8.7,9.9331,-84.0792,8.0,6.9,11.0,7.0,9.9358,-84.0558,9.9567,-84.1132,824.0,644.0,0.7815533980582524,1.0,Fluido
2026-06-21 11:00:00,11,6,San Jose Centro,18.8,83,9.4,9.9331,-84.0792,8.1,6.9,10.0,6.0,9.9358,-84.0558,9.9567,-84.1132,824.0,672.0,0.8155339805825242,1.0,Fluido
2026-06-21 12:00:00,12,6,San Jose Centro,19.2,84,10.1,9.9331,-84.0792,9.1,7.5,8.4,11.0,9.9358,-84.0558,9.9567,-84.1132,824.0,708.0,0.8592233009708737,1.0,Fluido
2026-06-21 13:00:00,13,6,San Jose Centro,21.6,74,8.3,9.9331,-84.0792,10.0,7.7,6.7,25.0,9.9358,-84.0558,9.9567,-84.1132,824.0,690.0,0.837378640776699,1.0,Fluido
2026-06-21 14:00:00,14,6,San Jose Centro,23.6,67,5.7,9.9331,-84.0792,7.9,5.8,4.3,44.0,9.9358,-84.0558,9.9567,-84.1132,824.0,711.0,0.8628640776699029,1.0,Fluido
2026-06-21 15:00:00,15,6,San Jose Centro,24.9,63,1.7,9.9331,-84.0792,8.2,6.1,2.5,57.0,9.9358,-84.0558,9.9567,-84.1132,824.0,714.0,0.866504854368932,1.0,Fluido
2026-06-21 16:00:00,16,6,San Jose Centro,25.8,61,5.6,9.9331,-84.0792,7.8,5.8,1.8,60.0,9.9358,-84.0558,9.9567,-84.1132,824.0,722.0,0.8762135922330098,1.0,Fluido
2026-06-21 17:00:00,17,6,San Jose Centro,23.6,71,10.5,9.9331,-84.0792,6.6,4.9,1.7,57.0,9.9358,-84.0558,9.9567,-84.1132,824.0,737.0,0.8944174757281553,1.0,Fluido
2026-06-21 18:00:00,18,6,San Jose Centro,24.5,69,6.3,9.9331,-84.0792,5.2,4.1,2.1,53.0,9.9358,-84.0558,9.9567,-84.1132,824.0,763.0,0.9259708737864077,1.0,Fluido
2026-06-21 19:00:00,19,6,San Jose Centro,23.2,76,5.1,9.9331,-84.0792,3.4,2.7,3.0,49.0,9.9358,-84.0558,9.9567,-84.1132,824.0,786.0,0.9538834951456311,1.0,Fluido
2026-06-21 20:00:00,20,6,San Jose Centro,23.2,77,5.7,9.9331,-84.0792,3.6,3.0,4.3,43.0,9.9358,-84.0558,9.9567,-84.1132,824.0,771.0,0.9356796116504854,1.0,Fluido
2026-06-21 21:00:00,21,6,San Jose Centro,22.7,80,5.5,9.9331,-84.0792,5.0,4.7,5.9,38.0,9.9358,-84.0558,9.9567,-84.1132,824.0,764.0,0.9271844660194175,1.0,Fluido
2026-06-21 22:00:00,22,6,San Jose Centro,20.5,90,1.8,9.9331,-84.0792,3.2,3.1,7.6,34.0,9.9358,-84.0558,9.9567,-84.1132,824.0,743.0,0.9016990291262136,1.0,Fluido
2026-06-21 23:00:00,23,6,San Jose Centro,19.5,94,3.8,9.9331,-84.0792,4.5,4.4,9.5,31.0,9.9358,-84.0558,9.9567,-84.1132,824.0,770.0,0.9344660194174758,1.0,Fluido
2026-06-22 00:00:00,0,0,San Jose Centro,20.3,96,4.3,9.9331,-84.0792,4.9,4.8,8.1,41.0,9.9358,-84.0558,9.9567,-84.1132,824.0,814.0,0.9878640776699029,1.0,Fluido
2026-06-22 01:00:00,1,0,San Jose Centro,19.9,96,1.1,9.9331,-84.0792,5.2,5.1,10.6,36.0,9.9358,-84.0558,9.9567,-84.1132,824.0,792.0,0.9611650485436893,1.0,Fluido
2026-06-22 02:00:00,2,0,San Jose Centro,20.0,94,2.7,9.9331,-84.0792,3.6,3.6,13.9,28.0,9.9358,-84.0558,9.9567,-84.1132,824.0,763.0,0.9259708737864077,1.0,Fluido
2026-06-22 03:00:00,3,0,San Jose Centro,19.8,95,1.5,9.9331,-84.0792,4.5,4.4,15.8,23.0,9.9358,-84.0558,9.9567,-84.1132,824.0,770.0,0.9344660194174758,1.0,Fluido
2026-06-22 04:00:00,4,0,San Jose Centro,20.0,93,2.6,9.9331,-84.0792,3.6,3.5,15.2,22.0,9.9358,-84.0558,9.9567,-84.1132,824.0,733.0,0.8895631067961165,1.0,Fluido
2026-06-22 05:00:00,5,0,San Jose Centro,19.9,93,7.7,9.9331,-84.0792,2.5,2.5,13.3,23.0,9.9358,-84.0558,9.9567,-84.1132,824.0,695.0,0.8434466019417476,1.0,Fluido
2026-06-22 06:00:00,6,0,San Jose Centro,20.0,91,6.7,9.9331,-84.0792,2.7,2.6,11.2,25.0,9.9358,-84.0558,9.9567,-84.1132,824.0,675.0,0.8191747572815534,1.0,Fluido
2026-06-22 07:00:00,7,0,San Jose Centro,19.4,90,8.6,9.9331,-84.0792,2.6,2.5,9.0,27.0,9.9358,-84.0558,9.9567,-84.1132,824.0,660.0,0.8009708737864077,1.0,Fluido
2026-06-22 08:00:00,8,0,San Jose Centro,18.9,90,7.6,9.9331,-84.0792,1.9,1.8,6.7,30.0,9.9358,-84.0558,9.9567,-84.1132,824.0,637.0,0.7730582524271845,1.0,Fluido
2026-06-22 09:00:00,9,0,San Jose Centro,18.8,90,5.0,9.9331,-84.0792,1.1,1.1,5.4,32.0,9.9358,-84.0558,9.9567,-84.1132,824.0,649.0,0.787621359223301,1.0,Fluido
2026-06-22 10:00:00,10,0,San Jose Centro,19.0,87,6.9,9.9331,-84.0792,0.8,0.8,5.8,31.0,9.9358,-84.0558,9.9567,-84.1132,824.0,684.0,0.8300970873786407,1.0,Fluido
2026-06-22 11:00:00,11,0,San Jose Centro,18.9,87,6.7,9.9331,-84.0792,1.1,1.1,7.1,28.0,9.9358,-84.0558,9.9567,-84.1132,824.0,760.0,0.9223300970873787,1.0,Fluido
2026-06-22 12:00:00,12,0,San Jose Centro,19.2,85,8.7,9.9331,-84.0792,3.0,2.7,7.2,33.0,9.9358,-84.0558,9.9567,-84.1132,824.0,1133.0,1.375,1.375,Moderado
2026-06-22 13:00:00,13,0,San Jose Centro,20.8,79,8.3,9.9331,-84.0792,2.9,2.7,7.3,37.0,9.9358,-84.0558,9.9567,-84.1132,824.0,1230.0,1.4927184466019416,1.4927184466019416,Moderado
2026-06-22 14:00:00,14,0,San Jose Centro,21.4,75,11.2,9.9331,-84.0792,4.9,4.5,7.3,43.0,9.9358,-84.0558,9.9567,-84.1132,824.0,1106.0,1.3422330097087378,1.3422330097087378,Moderado
2026-06-22 15:00:00,15,0,San Jose Centro,22.1,75,10.6,9.9331,-84.0792,4.9,4.5,7.1,48.0,9.9358,-84.0558,9.9567,-84.1132,824.0,1030.0,1.25,1.25,Leve
2026-06-22 16:00:00,16,0,San Jose Centro,22.2,78,7.6,9.9331,-84.0792,4.9,4.3,6.2,53.0,9.9358,-84.0558,9.9567,-84.1132,824.0,936.0,1.1359223300970873,1.1359223300970873,Leve
2026-06-22 17:00:00,17,0,San Jose Centro,21.7,84,7.6,9.9331,-84.0792,5.6,4.8,5.1,58.0,9.9358,-84.0558,9.9567,-84.1132,824.0,913.0,1.108009708737864,1.108009708737864,Leve
2026-06-22 18:00:00,18,0,San Jose Centro,21.6,85,6.2,9.9331,-84.0792,5.0,4.3,4.9,59.0,9.9358,-84.0558,9.9567,-84.1132,824.0,896.0,1.087378640776699,1.087378640776699,Leve
2026-06-22 19:00:00,19,0,San Jose Centro,22.2,81,8.3,9.9331,-84.0792,6.0,4.9,6.3,55.0,9.9358,-84.0558,9.9567,-84.1132,824.0,889.0,1.078883495145631,1.078883495145631,Leve
2026-06-22 20:00:00,20,0,San Jose Centro,23.0,74,9.3,9.9331,-84.0792,6.3,5.1,8.6,48.0,9.9358,-84.0558,9.9567,-84.1132,824.0,868.0,1.0533980582524272,1.0533980582524272,Leve
2026-06-22 21:00:00,21,0,San Jose Centro,22.9,76,9.5,9.9331,-84.0792,9.4,8.4,11.4,40.0,9.9358,-84.0558,9.9567,-84.1132,824.0,888.0,1.0776699029126213,1.0776699029126213,Leve
2026-06-22 22:00:00,22,0,San Jose Centro,21.7,82,6.3,9.9331,-84.0792,8.6,7.4,14.8,33.0,9.9358,-84.0558,9.9567,-84.1132,824.0,916.0,1.1116504854368932,1.1116504854368932,Leve
2026-06-22 23:00:00,23,0,San Jose Centro,20.8,91,5.3,9.9331,-84.0792,10.1,8.9,18.7,26.0,9.9358,-84.0558,9.9567,-84.1132,824.0,1042.0,1.2645631067961165,1.2645631067961165,Leve
2026-06-23 00:00:00,0,1,San Jose Centro,20.6,92,5.1,9.9331,-84.0792,8.8,8.1,18.1,25.0,9.9358,-84.0558,9.9567,-84.1132,824.0,923.0,1.1201456310679612,1.1201456310679612,Leve
2026-06-23 01:00:00,1,1,San Jose Centro,19.8,92,7.2,9.9331,-84.0792,10.1,9.3,19.2,21.0,9.9358,-84.0558,9.9567,-84.1132,824.0,792.0,0.9611650485436893,1.0,Fluido
2026-06-23 02:00:00,2,1,San Jose Centro,19.4,89,8.9,9.9331,-84.0792,10.4,9.5,20.6,15.0,9.9358,-84.0558,9.9567,-84.1132,824.0,768.0,0.9320388349514563,1.0,Fluido
2026-06-23 03:00:00,3,1,San Jose Centro,19.3,86,10.3,9.9331,-84.0792,10.9,10.0,21.0,11.0,9.9358,-84.0558,9.9567,-84.1132,824.0,771.0,0.9356796116504854,1.0,Fluido
2026-06-23 04:00:00,4,1,San Jose Centro,19.0,86,10.4,9.9331,-84.0792,11.0,10.2,19.7,12.0,9.9358,-84.0558,9.9567,-84.1132,824.0,732.0,0.8883495145631068,1.0,Fluido
2026-06-23 05:00:00,5,1,San Jose Centro,19.2,84,9.1,9.9331,-84.0792,10.3,9.5,17.4,14.0,9.9358,-84.0558,9.9567,-84.1132,824.0,690.0,0.837378640776699,1.0,Fluido
2026-06-23 06:00:00,6,1,San Jose Centro,19.5,83,8.3,9.9331,-84.0792,9.1,8.2,15.1,17.0,9.9358,-84.0558,9.9567,-84.1132,824.0,668.0,0.8106796116504854,1.0,Fluido
2026-06-23 07:00:00,7,1,San Jose Centro,19.1,84,9.9,9.9331,-84.0792,8.1,7.3,13.0,18.0,9.9358,-84.0558,9.9567,-84.1132,824.0,632.0,0.7669902912621359,1.0,Fluido
2026-06-23 08:00:00,8,1,San Jose Centro,18.7,85,10.1,9.9331,-84.0792,7.5,6.8,11.0,19.0,9.9358,-84.0558,9.9567,-84.1132,824.0,656.0,0.7961165048543689,1.0,Fluido
2026-06-23 09:00:00,9,1,San Jose Centro,18.8,83,11.4,9.9331,-84.0792,6.6,5.9,9.7,20.0,9.9358,-84.0558,9.9567,-84.1132,824.0,652.0,0.7912621359223301,1.0,Fluido
2026-06-23 10:00:00,10,1,San Jose Centro,18.4,82,12.1,9.9331,-84.0792,5.9,5.1,9.6,19.0,9.9358,-84.0558,9.9567,-84.1132,824.0,662.0,0.8033980582524272,1.0,Fluido
2026-06-23 11:00:00,11,1,San Jose Centro,18.2,81,13.3,9.9331,-84.0792,5.2,4.5,10.2,17.0,9.9358,-84.0558,9.9567,-84.1132,824.0,738.0,0.8956310679611651,1.0,Fluido
2026-06-23 12:00:00,12,1,San Jose Centro,19.3,80,13.5,9.9331,-84.0792,10.6,8.9,8.9,25.0,9.9358,-84.0558,9.9567,-84.1132,824.0,1117.0,1.3555825242718447,1.3555825242718447,Moderado
2026-06-23 13:00:00,13,1,San Jose Centro,20.7,75,14.9,9.9331,-84.0792,9.3,8.0,7.9,33.0,9.9358,-84.0558,9.9567,-84.1132,824.0,1379.0,1.6735436893203883,1.6735436893203883,Moderado
2026-06-23 14:00:00,14,1,San Jose Centro,22.7,69,16.6,9.9331,-84.0792,8.3,6.9,6.4,44.0,9.9358,-84.0558,9.9567,-84.1132,824.0,1285.0,1.5594660194174756,1.5594660194174756,Moderado
2026-06-23 15:00:00,15,1,San Jose Centro,24.3,64,15.6,9.9331,-84.0792,7.7,6.1,5.0,54.0,9.9358,-84.0558,9.9567,-84.1132,824.0,1182.0,1.4344660194174756,1.4344660194174756,Moderado
2026-06-23 16:00:00,16,1,San Jose Centro,24.8,62,15.0,9.9331,-84.0792,7.5,5.8,3.6,63.0,9.9358,-84.0558,9.9567,-84.1132,824.0,1161.0,1.4089805825242718,1.4089805825242718,Moderado
2026-06-23 17:00:00,17,1,San Jose Centro,25.4,60,11.4,9.9331,-84.0792,7.6,5.8,2.4,72.0,9.9358,-84.0558,9.9567,-84.1132,824.0,985.0,1.1953883495145632,1.1953883495145632,Leve
2026-06-23 18:00:00,18,1,San Jose Centro,24.7,63,11.1,9.9331,-84.0792,7.5,5.6,1.8,76.0,9.9358,-84.0558,9.9567,-84.1132,824.0,969.0,1.1759708737864079,1.1759708737864079,Leve
2026-06-23 19:00:00,19,1,San Jose Centro,25.3,62,10.5,9.9331,-84.0792,7.2,5.4,2.2,75.0,9.9358,-84.0558,9.9567,-84.1132,824.0,918.0,1.1140776699029127,1.1140776699029127,Leve
2026-06-23 20:00:00,20,1,San Jose Centro,25.1,65,8.3,9.9331,-84.0792,7.1,5.7,3.2,69.0,9.9358,-84.0558,9.9567,-84.1132,824.0,922.0,1.1189320388349515,1.1189320388349515,Leve
2026-06-23 21:00:00,21,1,San Jose Centro,23.0,79,6.2,9.9331,-84.0792,6.6,5.5,5.0,63.0,9.9358,-84.0558,9.9567,-84.1132,824.0,929.0,1.1274271844660195,1.1274271844660195,Leve
2026-06-23 22:00:00,22,1,San Jose Centro,22.6,77,4.6,9.9331,-84.0792,6.7,5.5,7.8,56.0,9.9358,-84.0558,9.9567,-84.1132,824.0,1045.0,1.2682038834951457,1.2682038834951457,Leve
2026-06-23 23:00:00,23,1,San Jose Centro,22.7,76,6.9,9.9331,-84.0792,6.6,5.5,11.4,49.0,9.9358,-84.0558,9.9567,-84.1132,824.0,1221.0,1.4817961165048543,1.4817961165048543,Moderado
2026-06-24 00:00:00,0,2,San Jose Centro,23.0,73,2.5,9.9331,-84.0792,9.8,8.9,18.3,37.0,9.9358,-84.0558,9.9567,-84.1132,824.0,978.0,1.1868932038834952,1.1868932038834952,Leve
2026-06-24 01:00:00,1,2,San Jose Centro,22.0,77,1.8,9.9331,-84.0792,11.7,11.1,21.4,28.0,9.9358,-84.0558,9.9567,-84.1132,824.0,806.0,0.9781553398058253,1.0,Fluido
2026-06-24 02:00:00,2,2,San Jose Centro,21.1,83,2.3,9.9331,-84.0792,12.9,12.4,25.5,17.0,9.9358,-84.0558,9.9567,-84.1132,824.0,766.0,0.9296116504854369,1.0,Fluido
2026-06-24 03:00:00,3,2,San Jose Centro,20.3,88,4.4,9.9331,-84.0792,13.5,12.8,27.5,9.0,9.9358,-84.0558,9.9567,-84.1132,824.0,785.0,0.9526699029126213,1.0,Fluido
2026-06-24 04:00:00,4,2,San Jose Centro,19.7,89,5.5,9.9331,-84.0792,13.1,12.3,25.7,8.0,9.9358,-84.0558,9.9567,-84.1132,824.0,749.0,0.9089805825242718,1.0,Fluido
2026-06-24 05:00:00,5,2,San Jose Centro,19.1,88,9.4,9.9331,-84.0792,11.5,10.8,21.9,12.0,9.9358,-84.0558,9.9567,-84.1132,824.0,711.0,0.8628640776699029,1.0,Fluido
2026-06-24 06:00:00,6,2,San Jose Centro,19.2,82,11.6,9.9331,-84.0792,9.0,8.2,17.9,16.0,9.9358,-84.0558,9.9567,-84.1132,824.0,684.0,0.8300970873786407,1.0,Fluido
2026-06-24 07:00:00,7,2,San Jose Centro,19.1,80,12.4,9.9331,-84.0792,6.6,5.9,14.1,21.0,9.9358,-84.0558,9.9567,-84.1132,824.0,643.0,0.7803398058252428,1.0,Fluido
2026-06-24 08:00:00,8,2,San Jose Centro,19.0,78,13.2,9.9331,-84.0792,5.6,4.9,10.1,27.0,9.9358,-84.0558,9.9567,-84.1132,824.0,638.0,0.7742718446601942,1.0,Fluido
2026-06-24 09:00:00,9,2,San Jose Centro,18.4,82,13.5,9.9331,-84.0792,5.3,4.4,7.4,31.0,9.9358,-84.0558,9.9567,-84.1132,824.0,631.0,0.7657766990291263,1.0,Fluido
2026-06-24 10:00:00,10,2,San Jose Centro,18.7,80,14.5,9.9331,-84.0792,5.6,4.5,6.8,32.0,9.9358,-84.0558,9.9567,-84.1132,824.0,660.0,0.8009708737864077,1.0,Fluido
2026-06-24 11:00:00,11,2,San Jose Centro,19.0,80,15.9,9.9331,-84.0792,5.2,4.1,7.5,31.0,9.9358,-84.0558,9.9567,-84.1132,824.0,737.0,0.8944174757281553,1.0,Fluido
2026-06-24 12:00:00,12,2,San Jose Centro,19.5,80,12.6,9.9331,-84.0792,6.2,4.8,7.7,33.0,9.9358,-84.0558,9.9567,-84.1132,824.0,1132.0,1.3737864077669903,1.3737864077669903,Moderado
2026-06-24 13:00:00,13,2,San Jose Centro,20.7,76,13.3,9.9331,-84.0792,9.1,7.0,6.7,41.0,9.9358,-84.0558,9.9567,-84.1132,824.0,1320.0,1.6019417475728155,1.6019417475728155,Moderado
2026-06-24 14:00:00,14,2,San Jose Centro,22.2,68,17.3,9.9331,-84.0792,8.2,6.1,5.3,52.0,9.9358,-84.0558,9.9567,-84.1132,824.0,1219.0,1.479368932038835,1.479368932038835,Moderado
2026-06-24 15:00:00,15,2,San Jose Centro,23.5,62,18.5,9.9331,-84.0792,8.7,6.3,4.0,60.0,9.9358,-84.0558,9.9567,-84.1132,824.0,1120.0,1.3592233009708738,1.3592233009708738,Moderado
2026-06-24 16:00:00,16,2,San Jose Centro,24.4,58,16.7,9.9331,-84.0792,10.5,6.9,3.1,64.0,9.9358,-84.0558,9.9567,-84.1132,824.0,1051.0,1.2754854368932038,1.2754854368932038,Leve
2026-06-24 17:00:00,17,2,San Jose Centro,25.3,56,13.7,9.9331,-84.0792,9.1,6.2,2.4,65.0,9.9358,-84.0558,9.9567,-84.1132,824.0,1006.0,1.220873786407767,1.220873786407767,Leve
2026-06-24 18:00:00,18,2,San Jose Centro,26.2,48,17.1,9.9331,-84.0792,7.6,5.6,2.0,66.0,9.9358,-84.0558,9.9567,-84.1132,824.0,1045.0,1.2682038834951457,1.2682038834951457,Leve
2026-06-24 19:00:00,19,2,San Jose Centro,25.3,53,15.0,9.9331,-84.0792,7.0,5.4,1.8,68.0,9.9358,-84.0558,9.9567,-84.1132,824.0,959.0,1.1638349514563107,1.1638349514563107,Leve
2026-06-24 20:00:00,20,2,San Jose Centro,24.8,55,15.3,9.9331,-84.0792,7.5,6.2,1.9,69.0,9.9358,-84.0558,9.9567,-84.1132,824.0,936.0,1.1359223300970873,1.1359223300970873,Leve
2026-06-24 21:00:00,21,2,San Jose Centro,24.7,55,13.9,9.9331,-84.0792,7.2,5.8,3.3,66.0,9.9358,-84.0558,9.9567,-84.1132,824.0,921.0,1.1177184466019416,1.1177184466019416,Leve
2026-06-24 22:00:00,22,2,San Jose Centro,23.6,59,13.8,9.9331,-84.0792,7.2,5.8,6.7,57.0,9.9358,-84.0558,9.9567,-84.1132,824.0,1041.0,1.2633495145631068,1.2633495145631068,Leve
2026-06-24 23:00:00,23,2,San Jose Centro,22.3,65,11.4,9.9331,-84.0792,7.2,5.7,11.3,44.0,9.9358,-84.0558,9.9567,-84.1132,824.0,1184.0,1.4368932038834952,1.4368932038834952,Moderado
2026-06-25 00:00:00,0,3,San Jose Centro,21.0,70,11.4,9.9331,-84.0792,9.1,7.9,15.4,32.0,9.9358,-84.0558,9.9567,-84.1132,824.0,1004.0,1.2184466019417475,1.2184466019417475,Leve
2026-06-25 01:00:00,1,3,San Jose Centro,20.1,73,13.8,9.9331,-84.0792,10.2,9.4,18.7,23.0,9.9358,-84.0558,9.9567,-84.1132,824.0,820.0,0.9951456310679612,1.0,Fluido
2026-06-25 02:00:00,2,3,San Jose Centro,19.9,73,17.1,9.9331,-84.0792,10.3,9.6,21.6,15.0,9.9358,-84.0558,9.9567,-84.1132,824.0,785.0,0.9526699029126213,1.0,Fluido
2026-06-25 03:00:00,3,3,San Jose Centro,19.8,73,15.1,9.9331,-84.0792,10.3,9.6,22.9,10.0,9.9358,-84.0558,9.9567,-84.1132,824.0,798.0,0.9684466019417476,1.0,Fluido
2026-06-25 04:00:00,4,3,San Jose Centro,19.7,74,13.9,9.9331,-84.0792,9.9,9.2,22.0,9.0,9.9358,-84.0558,9.9567,-84.1132,824.0,752.0,0.912621359223301,1.0,Fluido
2026-06-25 05:00:00,5,3,San Jose Centro,19.4,76,12.3,9.9331,-84.0792,9.5,8.7,19.7,11.0,9.9358,-84.0558,9.9567,-84.1132,824.0,708.0,0.8592233009708737,1.0,Fluido
2026-06-25 06:00:00,6,3,San Jose Centro,19.0,78,11.9,9.9331,-84.0792,8.7,7.8,17.1,14.0,9.9358,-84.0558,9.9567,-84.1132,824.0,674.0,0.8179611650485437,1.0,Fluido
2026-06-25 07:00:00,7,3,San Jose Centro,18.8,77,13.7,9.9331,-84.0792,7.7,6.7,14.2,17.0,9.9358,-84.0558,9.9567,-84.1132,824.0,634.0,0.7694174757281553,1.0,Fluido
2026-06-25 08:00:00,8,3,San Jose Centro,18.7,77,13.9,9.9331,-84.0792,6.8,5.8,11.0,21.0,9.9358,-84.0558,9.9567,-84.1132,824.0,649.0,0.787621359223301,1.0,Fluido
2026-06-25 09:00:00,9,3,San Jose Centro,18.5,78,13.7,9.9331,-84.0792,6.2,5.1,8.9,23.0,9.9358,-84.0558,9.9567,-84.1132,824.0,645.0,0.7827669902912622,1.0,Fluido
2026-06-25 10:00:00,10,3,San Jose Centro,18.2,79,13.5,9.9331,-84.0792,5.7,4.7,9.0,20.0,9.9358,-84.0558,9.9567,-84.1132,824.0,664.0,0.8058252427184466,1.0,Fluido
2026-06-25 11:00:00,11,3,San Jose Centro,18.4,79,13.5,9.9331,-84.0792,5.8,4.8,10.3,16.0,9.9358,-84.0558,9.9567,-84.1132,824.0,752.0,0.912621359223301,1.0,Fluido
2026-06-25 12:00:00,12,3,San Jose Centro,20.0,76,13.2,9.9331,-84.0792,8.2,6.1,8.2,29.0,9.9358,-84.0558,9.9567,-84.1132,824.0,1087.0,1.3191747572815533,1.3191747572815533,Moderado
2026-06-25 13:00:00,13,3,San Jose Centro,20.7,70,11.3,9.9331,-84.0792,8.4,6.6,6.7,41.0,9.9358,-84.0558,9.9567,-84.1132,824.0,1299.0,1.5764563106796117,1.5764563106796117,Moderado
2026-06-25 14:00:00,14,3,San Jose Centro,23.0,58,12.1,9.9331,-84.0792,13.6,8.0,4.6,57.0,9.9358,-84.0558,9.9567,-84.1132,824.0,1180.0,1.4320388349514563,1.4320388349514563,Moderado
2026-06-25 15:00:00,15,3,San Jose Centro,24.4,51,11.9,9.9331,-84.0792,19.9,10.3,3.0,69.0,9.9358,-84.0558,9.9567,-84.1132,824.0,1196.0,1.4514563106796117,1.4514563106796117,Moderado
2026-06-25 16:00:00,16,3,San Jose Centro,25.8,46,10.5,9.9331,-84.0792,22.2,11.1,2.2,74.0,9.9358,-84.0558,9.9567,-84.1132,824.0,1098.0,1.3325242718446602,1.3325242718446602,Moderado
2026-06-25 17:00:00,17,3,San Jose Centro,27.0,46,9.5,9.9331,-84.0792,21.4,11.1,1.8,75.0,9.9358,-84.0558,9.9567,-84.1132,824.0,1028.0,1.2475728155339805,1.2475728155339805,Leve
2026-06-25 18:00:00,18,3,San Jose Centro,27.4,48,7.6,9.9331,-84.0792,19.9,10.8,1.7,75.0,9.9358,-84.0558,9.9567,-84.1132,824.0,972.0,1.1796116504854368,1.1796116504854368,Leve
2026-06-25 19:00:00,19,3,San Jose Centro,27.0,52,8.9,9.9331,-84.0792,18.9,10.6,1.6,74.0,9.9358,-84.0558,9.9567,-84.1132,824.0,1026.0,1.2451456310679612,1.2451456310679612,Leve
2026-06-25 20:00:00,20,3,San Jose Centro,27.4,52,4.5,9.9331,-84.0792,17.6,10.3,1.7,71.0,9.9358,-84.0558,9.9567,-84.1132,824.0,1065.0,1.2924757281553398,1.2924757281553398,Leve
2026-06-25 21:00:00,21,3,San Jose Centro,24.9,63,6.6,9.9331,-84.0792,15.9,9.7,3.3,66.0,9.9358,-84.0558,9.9567,-84.1132,824.0,1030.0,1.25,1.25,Leve
2026-06-25 22:00:00,22,3,San Jose Centro,24.1,68,4.5,9.9331,-84.0792,15.5,10.3,7.7,56.0,9.9358,-84.0558,9.9567,-84.1132,824.0,1092.0,1.325242718446602,1.325242718446602,Moderado
2026-06-25 23:00:00,23,3,San Jose Centro,23.5,71,4.3,9.9331,-84.0792,15.1,10.7,13.5,43.0,9.9358,-84.0558,9.9567,-84.1132,824.0,1245.0,1.5109223300970873,1.5109223300970873,Moderado
2026-06-26 00:00:00,0,4,San Jose Centro,22.8,74,3.7,9.9331,-84.0792,13.6,10.0,14.3,31.0,9.9358,-84.0558,9.9567,-84.1132,824.0,1031.0,1.2512135922330097,1.2512135922330097,Leve
2026-06-26 01:00:00,1,4,San Jose Centro,22.1,77,7.9,9.9331,-84.0792,10.6,7.2,13.6,29.0,9.9358,-84.0558,9.9567,-84.1132,824.0,837.0,1.0157766990291262,1.0157766990291262,Leve
2026-06-26 02:00:00,2,4,San Jose Centro,21.6,78,11.4,9.9331,-84.0792,8.6,6.4,12.7,25.0,9.9358,-84.0558,9.9567,-84.1132,824.0,813.0,0.9866504854368932,1.0,Fluido
2026-06-26 03:00:00,3,4,San Jose Centro,21.0,79,11.5,9.9331,-84.0792,6.7,5.1,11.7,23.0,9.9358,-84.0558,9.9567,-84.1132,824.0,791.0,0.9599514563106796,1.0,Fluido
2026-06-26 04:00:00,4,4,San Jose Centro,20.8,78,10.8,9.9331,-84.0792,5.9,4.5,10.8,23.0,9.9358,-84.0558,9.9567,-84.1132,824.0,776.0,0.941747572815534,1.0,Fluido
2026-06-26 05:00:00,5,4,San Jose Centro,20.5,79,11.9,9.9331,-84.0792,6.4,4.9,9.9,24.0,9.9358,-84.0558,9.9567,-84.1132,824.0,717.0,0.8701456310679612,1.0,Fluido
2026-06-26 06:00:00,6,4,San Jose Centro,20.1,78,10.1,9.9331,-84.0792,7.0,4.9,9.0,26.0,9.9358,-84.0558,9.9567,-84.1132,824.0,691.0,0.8385922330097088,1.0,Fluido
2026-06-26 07:00:00,7,4,San Jose Centro,19.6,80,8.7,9.9331,-84.0792,6.2,4.0,7.8,28.0,9.9358,-84.0558,9.9567,-84.1132,824.0,666.0,0.808252427184466,1.0,Fluido
2026-06-26 08:00:00,8,4,San Jose Centro,19.0,83,8.8,9.9331,-84.0792,3.3,2.2,6.6,30.0,9.9358,-84.0558,9.9567,-84.1132,824.0,628.0,0.7621359223300971,1.0,Fluido
2026-06-26 09:00:00,9,4,San Jose Centro,18.8,84,8.9,9.9331,-84.0792,2.7,1.9,6.1,31.0,9.9358,-84.0558,9.9567,-84.1132,824.0,641.0,0.7779126213592233,1.0,Fluido
2026-06-26 10:00:00,10,4,San Jose Centro,18.9,82,9.5,9.9331,-84.0792,2.9,2.2,7.2,28.0,9.9358,-84.0558,9.9567,-84.1132,824.0,674.0,0.8179611650485437,1.0,Fluido
2026-06-26 11:00:00,11,4,San Jose Centro,19.9,78,9.4,9.9331,-84.0792,3.7,2.9,8.9,23.0,9.9358,-84.0558,9.9567,-84.1132,824.0,741.0,0.8992718446601942,1.0,Fluido
2026-06-26 12:00:00,12,4,San Jose Centro,20.8,78,7.9,9.9331,-84.0792,6.2,5.0,9.7,26.0,9.9358,-84.0558,9.9567,-84.1132,824.0,887.0,1.0764563106796117,1.0764563106796117,Leve
2026-06-26 13:00:00,13,4,San Jose Centro,21.9,74,8.6,9.9331,-84.0792,7.7,6.1,8.1,37.0,9.9358,-84.0558,9.9567,-84.1132,824.0,977.0,1.1856796116504855,1.1856796116504855,Leve
2026-06-26 14:00:00,14,4,San Jose Centro,23.7,68,8.8,9.9331,-84.0792,9.8,7.9,5.9,52.0,9.9358,-84.0558,9.9567,-84.1132,824.0,970.0,1.1771844660194175,1.1771844660194175,Leve
2026-06-26 15:00:00,15,4,San Jose Centro,25.6,62,13.7,9.9331,-84.0792,8.6,6.4,4.1,63.0,9.9358,-84.0558,9.9567,-84.1132,824.0,1005.0,1.2196601941747574,1.2196601941747574,Leve
2026-06-26 16:00:00,16,4,San Jose Centro,25.8,59,14.8,9.9331,-84.0792,8.0,6.2,3.0,68.0,9.9358,-84.0558,9.9567,-84.1132,824.0,970.0,1.1771844660194175,1.1771844660194175,Leve
2026-06-26 17:00:00,17,4,San Jose Centro,26.5,58,12.6,9.9331,-84.0792,6.4,5.0,2.3,70.0,9.9358,-84.0558,9.9567,-84.1132,824.0,1001.0,1.2148058252427185,1.2148058252427185,Leve
2026-06-26 18:00:00,18,4,San Jose Centro,26.9,54,10.6,9.9331,-84.0792,6.0,4.6,2.0,70.0,9.9358,-84.0558,9.9567,-84.1132,824.0,1021.0,1.2390776699029127,1.2390776699029127,Leve
2026-06-26 19:00:00,19,4,San Jose Centro,27.1,53,7.7,9.9331,-84.0792,6.3,4.7,2.0,69.0,9.9358,-84.0558,9.9567,-84.1132,824.0,1054.0,1.279126213592233,1.279126213592233,Leve
2026-06-26 20:00:00,20,4,San Jose Centro,26.3,56,6.4,9.9331,-84.0792,7.2,5.5,2.3,67.0,9.9358,-84.0558,9.9567,-84.1132,824.0,1069.0,1.2973300970873787,1.2973300970873787,Leve
2026-06-26 21:00:00,21,4,San Jose Centro,25.6,60,8.4,9.9331,-84.0792,7.7,6.0,3.5,63.0,9.9358,-84.0558,9.9567,-84.1132,824.0,1060.0,1.2864077669902914,1.2864077669902914,Leve
2026-06-26 22:00:00,22,4,San Jose Centro,24.5,64,7.8,9.9331,-84.0792,9.4,7.6,6.3,56.0,9.9358,-84.0558,9.9567,-84.1132,824.0,1089.0,1.3216019417475728,1.3216019417475728,Moderado
2026-06-26 23:00:00,23,4,San Jose Centro,23.3,71,11.0,9.9331,-84.0792,11.9,9.7,10.0,48.0,9.9358,-84.0558,9.9567,-84.1132,824.0,1172.0,1.4223300970873787,1.4223300970873787,Moderado
2026-06-27 00:00:00,0,5,San Jose Centro,23.6,71,6.0,9.9331,-84.0792,15.3,13.0,17.2,34.0,9.9358,-84.0558,9.9567,-84.1132,824.0,967.0,1.1735436893203883,1.1735436893203883,Leve
2026-06-27 01:00:00,1,5,San Jose Centro,22.8,75,7.3,9.9331,-84.0792,13.9,12.5,16.0,30.0,9.9358,-84.0558,9.9567,-84.1132,824.0,817.0,0.991504854368932,1.0,Fluido
2026-06-27 02:00:00,2,5,San Jose Centro,22.1,78,9.6,9.9331,-84.0792,10.7,9.2,14.3,26.0,9.9358,-84.0558,9.9567,-84.1132,824.0,803.0,0.9745145631067961,1.0,Fluido
2026-06-27 03:00:00,3,5,San Jose Centro,21.1,80,10.5,9.9331,-84.0792,9.5,8.2,12.8,22.0,9.9358,-84.0558,9.9567,-84.1132,824.0,797.0,0.9672330097087378,1.0,Fluido
2026-06-27 04:00:00,4,5,San Jose Centro,20.8,80,11.2,9.9331,-84.0792,9.3,7.9,12.0,21.0,9.9358,-84.0558,9.9567,-84.1132,824.0,765.0,0.9283980582524272,1.0,Fluido
2026-06-27 05:00:00,5,5,San Jose Centro,21.0,77,11.4,9.9331,-84.0792,10.4,8.4,11.5,20.0,9.9358,-84.0558,9.9567,-84.1132,824.0,737.0,0.8944174757281553,1.0,Fluido
2026-06-27 06:00:00,6,5,San Jose Centro,20.8,75,11.7,9.9331,-84.0792,10.3,8.5,10.8,21.0,9.9358,-84.0558,9.9567,-84.1132,824.0,713.0,0.8652912621359223,1.0,Fluido
2026-06-27 07:00:00,7,5,San Jose Centro,20.4,77,11.6,9.9331,-84.0792,9.9,8.0,9.7,22.0,9.9358,-84.0558,9.9567,-84.1132,824.0,685.0,0.8313106796116505,1.0,Fluido
2026-06-27 08:00:00,8,5,San Jose Centro,20.6,76,10.9,9.9331,-84.0792,9.4,7.6,8.5,24.0,9.9358,-84.0558,9.9567,-84.1132,824.0,662.0,0.8033980582524272,1.0,Fluido
2026-06-27 09:00:00,9,5,San Jose Centro,20.8,75,11.3,9.9331,-84.0792,8.5,6.7,7.5,26.0,9.9358,-84.0558,9.9567,-84.1132,824.0,637.0,0.7730582524271845,1.0,Fluido
2026-06-27 10:00:00,10,5,San Jose Centro,20.7,76,11.8,9.9331,-84.0792,5.6,4.5,7.1,28.0,9.9358,-84.0558,9.9567,-84.1132,824.0,657.0,0.7973300970873787,1.0,Fluido
2026-06-27 11:00:00,11,5,San Jose Centro,20.5,77,11.3,9.9331,-84.0792,4.5,3.5,6.9,30.0,9.9358,-84.0558,9.9567,-84.1132,824.0,702.0,0.8519417475728155,1.0,Fluido
2026-06-27 12:00:00,12,5,San Jose Centro,20.6,78,11.7,9.9331,-84.0792,8.9,7.2,7.6,29.0,9.9358,-84.0558,9.9567,-84.1132,824.0,733.0,0.8895631067961165,1.0,Fluido
2026-06-27 13:00:00,13,5,San Jose Centro,22.0,71,11.4,9.9331,-84.0792,8.2,6.4,6.1,39.0,9.9358,-84.0558,9.9567,-84.1132,824.0,724.0,0.8786407766990292,1.0,Fluido
2026-06-27 14:00:00,14,5,San Jose Centro,23.2,67,11.2,9.9331,-84.0792,8.7,5.6,4.1,54.0,9.9358,-84.0558,9.9567,-84.1132,824.0,765.0,0.9283980582524272,1.0,Fluido
2026-06-27 15:00:00,15,5,San Jose Centro,25.8,57,11.5,9.9331,-84.0792,10.9,6.0,2.5,65.0,9.9358,-84.0558,9.9567,-84.1132,824.0,833.0,1.0109223300970873,1.0109223300970873,Leve
2026-06-27 16:00:00,16,5,San Jose Centro,26.6,55,11.8,9.9331,-84.0792,10.8,6.1,1.8,70.0,9.9358,-84.0558,9.9567,-84.1132,824.0,848.0,1.029126213592233,1.029126213592233,Leve
2026-06-27 17:00:00,17,5,San Jose Centro,27.2,54,12.5,9.9331,-84.0792,12.0,6.9,1.6,71.0,9.9358,-84.0558,9.9567,-84.1132,824.0,867.0,1.0521844660194175,1.0521844660194175,Leve
2026-06-27 18:00:00,18,5,San Jose Centro,27.6,52,13.9,9.9331,-84.0792,16.2,8.4,1.5,72.0,9.9358,-84.0558,9.9567,-84.1132,824.0,1030.0,1.25,1.25,Leve
2026-06-27 19:00:00,19,5,San Jose Centro,26.2,56,11.6,9.9331,-84.0792,23.3,11.0,1.3,72.0,9.9358,-84.0558,9.9567,-84.1132,824.0,1024.0,1.2427184466019416,1.2427184466019416,Leve
2026-06-27 20:00:00,20,5,San Jose Centro,26.4,53,12.2,9.9331,-84.0792,30.2,13.9,1.3,72.0,9.9358,-84.0558,9.9567,-84.1132,824.0,1063.0,1.2900485436893203,1.2900485436893203,Leve
2026-06-27 21:00:00,21,5,San Jose Centro,25.6,57,10.1,9.9331,-84.0792,35.3,16.2,1.8,69.0,9.9358,-84.0558,9.9567,-84.1132,824.0,943.0,1.1444174757281553,1.1444174757281553,Leve
2026-06-27 22:00:00,22,5,San Jose Centro,24.9,61,10.7,9.9331,-84.0792,36.3,17.2,3.4,63.0,9.9358,-84.0558,9.9567,-84.1132,824.0,822.0,0.9975728155339806,1.0,Fluido
2026-06-27 23:00:00,23,5,San Jose Centro,23.4,66,9.3,9.9331,-84.0792,32.5,16.5,5.4,55.0,9.9358,-84.0558,9.9567,-84.1132,824.0,833.0,1.0109223300970873,1.0109223300970873,Leve
2026-06-28 00:00:00,0,6,San Jose Centro,22.6,68,10.4,9.9331,-84.0792,24.3,12.6,5.5,49.0,9.9358,-84.0558,9.9567,-84.1132,824.0,848.0,1.029126213592233,1.029126213592233,Leve
2026-06-28 01:00:00,1,6,San Jose Centro,22.0,68,13.6,9.9331,-84.0792,20.0,12.1,5.6,46.0,9.9358,-84.0558,9.9567,-84.1132,824.0,793.0,0.962378640776699,1.0,Fluido
2026-06-28 02:00:00,2,6,San Jose Centro,21.6,67,17.2,9.9331,-84.0792,17.8,11.4,5.7,41.0,9.9358,-84.0558,9.9567,-84.1132,824.0,775.0,0.9405339805825242,1.0,Fluido
2026-06-28 03:00:00,3,6,San Jose Centro,21.0,67,16.4,9.9331,-84.0792,19.5,10.7,5.8,37.0,9.9358,-84.0558,9.9567,-84.1132,824.0,783.0,0.9502427184466019,1.0,Fluido
2026-06-28 04:00:00,4,6,San Jose Centro,20.9,64,17.5,9.9331,-84.0792,19.6,10.6,6.1,34.0,9.9358,-84.0558,9.9567,-84.1132,824.0,759.0,0.9211165048543689,1.0,Fluido
2026-06-28 05:00:00,5,6,San Jose Centro,20.3,67,18.1,9.9331,-84.0792,19.0,10.8,6.4,31.0,9.9358,-84.0558,9.9567,-84.1132,824.0,744.0,0.9029126213592233,1.0,Fluido
2026-06-28 06:00:00,6,6,San Jose Centro,19.6,68,17.5,9.9331,-84.0792,18.3,10.7,6.5,29.0,9.9358,-84.0558,9.9567,-84.1132,824.0,704.0,0.8543689320388349,1.0,Fluido
2026-06-28 07:00:00,7,6,San Jose Centro,19.4,67,17.4,9.9331,-84.0792,17.2,10.2,6.2,28.0,9.9358,-84.0558,9.9567,-84.1132,824.0,676.0,0.8203883495145631,1.0,Fluido
2026-06-28 08:00:00,8,6,San Jose Centro,19.5,68,17.8,9.9331,-84.0792,16.2,9.7,5.8,29.0,9.9358,-84.0558,9.9567,-84.1132,824.0,663.0,0.8046116504854369,1.0,Fluido
2026-06-28 09:00:00,9,6,San Jose Centro,19.2,70,19.0,9.9331,-84.0792,15.1,9.2,5.5,29.0,9.9358,-84.0558,9.9567,-84.1132,824.0,635.0,0.7706310679611651,1.0,Fluido
2026-06-28 10:00:00,10,6,San Jose Centro,19.2,72,17.7,9.9331,-84.0792,13.8,8.7,5.6,28.0,9.9358,-84.0558,9.9567,-84.1132,824.0,644.0,0.7815533980582524,1.0,Fluido
2026-06-28 11:00:00,11,6,San Jose Centro,19.7,74,17.2,9.9331,-84.0792,12.9,8.5,5.9,27.0,9.9358,-84.0558,9.9567,-84.1132,824.0,672.0,0.8155339805825242,1.0,Fluido
2026-06-28 12:00:00,12,6,San Jose Centro,19.9,73,16.4,9.9331,-84.0792,12.6,8.8,5.7,30.0,9.9358,-84.0558,9.9567,-84.1132,824.0,708.0,0.8592233009708737,1.0,Fluido
2026-06-28 13:00:00,13,6,San Jose Centro,21.3,65,15.3,9.9331,-84.0792,15.3,9.9,4.5,39.0,9.9358,-84.0558,9.9567,-84.1132,824.0,690.0,0.837378640776699,1.0,Fluido
2026-06-28 14:00:00,14,6,San Jose Centro,23.5,52,17.2,9.9331,-84.0792,28.1,12.1,2.7,52.0,9.9358,-84.0558,9.9567,-84.1132,824.0,711.0,0.8628640776699029,1.0,Fluido
2026-06-28 15:00:00,15,6,San Jose Centro,25.5,43,17.5,9.9331,-84.0792,38.0,14.2,1.4,61.0,9.9358,-84.0558,9.9567,-84.1132,824.0,714.0,0.866504854368932,1.0,Fluido
2026-06-28 16:00:00,16,6,San Jose Centro,26.4,42,17.6,9.9331,-84.0792,39.7,14.5,0.9,62.0,9.9358,-84.0558,9.9567,-84.1132,824.0,722.0,0.8762135922330098,1.0,Fluido
2026-06-28 17:00:00,17,6,San Jose Centro,26.9,43,14.5,9.9331,-84.0792,38.2,14.4,0.7,60.0,9.9358,-84.0558,9.9567,-84.1132,824.0,737.0,0.8944174757281553,1.0,Fluido
2026-06-28 18:00:00,18,6,San Jose Centro,27.3,45,11.9,9.9331,-84.0792,37.4,14.6,0.7,58.0,9.9358,-84.0558,9.9567,-84.1132,824.0,763.0,0.9259708737864077,1.0,Fluido
2026-06-28 19:00:00,19,6,San Jose Centro,27.6,45,13.7,9.9331,-84.0792,34.9,14.2,0.6,58.0,9.9358,-84.0558,9.9567,-84.1132,824.0,786.0,0.9538834951456311,1.0,Fluido
2026-06-28 20:00:00,20,6,San Jose Centro,27.1,46,13.6,9.9331,-84.0792,33.2,14.1,0.6,58.0,9.9358,-84.0558,9.9567,-84.1132,824.0,771.0,0.9356796116504854,1.0,Fluido
2026-06-28 21:00:00,21,6,San Jose Centro,26.3,49,13.9,9.9331,-84.0792,29.7,13.4,1.1,56.0,9.9358,-84.0558,9.9567,-84.1132,824.0,764.0,0.9271844660194175,1.0,Fluido
2026-06-28 22:00:00,22,6,San Jose Centro,25.1,52,14.5,9.9331,-84.0792,26.8,12.8,1.9,51.0,9.9358,-84.0558,9.9567,-84.1132,824.0,743.0,0.9016990291262136,1.0,Fluido
2026-06-28 23:00:00,23,6,San Jose Centro,23.8,57,12.4,9.9331,-84.0792,24.7,12.7,3.2,44.0,9.9358,-84.0558,9.9567,-84.1132,824.0,770.0,0.9344660194174758,1.0,Fluido
2026-06-29 00:00:00,0,0,San Jose Centro,22.1,66,11.8,9.9331,-84.0792,35.2,17.2,3.2,42.0,9.9358,-84.0558,9.9567,-84.1132,824.0,814.0,0.9878640776699029,1.0,Fluido
2026-06-29 01:00:00,1,0,San Jose Centro,21.6,67,13.9,9.9331,-84.0792,29.8,16.8,6.9,33.0,9.9358,-84.0558,9.9567,-84.1132,824.0,792.0,0.9611650485436893,1.0,Fluido
2026-06-29 02:00:00,2,0,San Jose Centro,21.0,67,14.3,9.9331,-84.0792,23.6,15.7,12.0,22.0,9.9358,-84.0558,9.9567,-84.1132,824.0,763.0,0.9259708737864077,1.0,Fluido
2026-06-29 03:00:00,3,0,San Jose Centro,20.6,67,13.4,9.9331,-84.0792,20.9,14.6,15.6,13.0,9.9358,-84.0558,9.9567,-84.1132,824.0,770.0,0.9344660194174758,1.0,Fluido
2026-06-29 04:00:00,4,0,San Jose Centro,20.1,68,12.8,9.9331,-84.0792,21.9,14.1,16.4,11.0,9.9358,-84.0558,9.9567,-84.1132,824.0,733.0,0.8895631067961165,1.0,Fluido
2026-06-29 05:00:00,5,0,San Jose Centro,19.3,69,12.6,9.9331,-84.0792,22.8,14.3,15.7,12.0,9.9358,-84.0558,9.9567,-84.1132,824.0,695.0,0.8434466019417476,1.0,Fluido
2026-06-29 06:00:00,6,0,San Jose Centro,19.6,65,13.6,9.9331,-84.0792,24.5,14.6,14.6,13.0,9.9358,-84.0558,9.9567,-84.1132,824.0,675.0,0.8191747572815534,1.0,Fluido
2026-06-29 07:00:00,7,0,San Jose Centro,19.4,63,14.0,9.9331,-84.0792,23.9,14.2,13.3,14.0,9.9358,-84.0558,9.9567,-84.1132,824.0,660.0,0.8009708737864077,1.0,Fluido
2026-06-29 08:00:00,8,0,San Jose Centro,18.9,63,11.6,9.9331,-84.0792,25.0,14.0,11.8,15.0,9.9358,-84.0558,9.9567,-84.1132,824.0,637.0,0.7730582524271845,1.0,Fluido
2026-06-29 09:00:00,9,0,San Jose Centro,18.3,66,11.0,9.9331,-84.0792,27.5,14.3,10.6,16.0,9.9358,-84.0558,9.9567,-84.1132,824.0,649.0,0.787621359223301,1.0,Fluido
2026-06-29 10:00:00,10,0,San Jose Centro,17.8,70,11.9,9.9331,-84.0792,28.8,14.6,10.6,14.0,9.9358,-84.0558,9.9567,-84.1132,824.0,684.0,0.8300970873786407,1.0,Fluido
2026-06-29 11:00:00,11,0,San Jose Centro,17.6,73,12.5,9.9331,-84.0792,29.5,15.0,10.9,13.0,9.9358,-84.0558,9.9567,-84.1132,824.0,760.0,0.9223300970873787,1.0,Fluido
2026-06-29 12:00:00,12,0,San Jose Centro,18.8,74,11.6,9.9331,-84.0792,27.9,15.4,9.9,17.0,9.9358,-84.0558,9.9567,-84.1132,824.0,1133.0,1.375,1.375,Moderado
2026-06-29 13:00:00,13,0,San Jose Centro,21.5,67,11.9,9.9331,-84.0792,36.6,17.2,7.8,31.0,9.9358,-84.0558,9.9567,-84.1132,824.0,1230.0,1.4927184466019416,1.4927184466019416,Moderado
2026-06-29 14:00:00,14,0,San Jose Centro,24.2,61,14.1,9.9331,-84.0792,32.9,15.3,4.9,50.0,9.9358,-84.0558,9.9567,-84.1132,824.0,1106.0,1.3422330097087378,1.3422330097087378,Moderado
2026-06-29 15:00:00,15,0,San Jose Centro,26.1,54,13.1,9.9331,-84.0792,27.5,13.7,2.7,64.0,9.9358,-84.0558,9.9567,-84.1132,824.0,1030.0,1.25,1.25,Leve
2026-06-29 16:00:00,16,0,San Jose Centro,27.1,51,11.3,9.9331,-84.0792,25.2,13.3,1.8,70.0,9.9358,-84.0558,9.9567,-84.1132,824.0,936.0,1.1359223300970873,1.1359223300970873,Leve
2026-06-29 17:00:00,17,0,San Jose Centro,28.1,50,10.7,9.9331,-84.0792,23.1,12.5,1.5,71.0,9.9358,-84.0558,9.9567,-84.1132,824.0,913.0,1.108009708737864,1.108009708737864,Leve
2026-06-29 18:00:00,18,0,San Jose Centro,28.1,50,10.5,9.9331,-84.0792,20.5,11.5,1.6,71.0,9.9358,-84.0558,9.9567,-84.1132,824.0,896.0,1.087378640776699,1.087378640776699,Leve
2026-06-29 19:00:00,19,0,San Jose Centro,27.7,52,12.5,9.9331,-84.0792,17.6,10.3,1.6,71.0,9.9358,-84.0558,9.9567,-84.1132,824.0,889.0,1.078883495145631,1.078883495145631,Leve
2026-06-29 20:00:00,20,0,San Jose Centro,26.3,57,13.1,9.9331,-84.0792,14.0,9.0,2.0,71.0,9.9358,-84.0558,9.9567,-84.1132,824.0,868.0,1.0533980582524272,1.0533980582524272,Leve
2026-06-29 21:00:00,21,0,San Jose Centro,25.4,62,11.9,9.9331,-84.0792,12.6,8.6,3.2,67.0,9.9358,-84.0558,9.9567,-84.1132,824.0,888.0,1.0776699029126213,1.0776699029126213,Leve
2026-06-29 22:00:00,22,0,San Jose Centro,25.0,64,9.9,9.9331,-84.0792,11.1,7.9,6.3,58.0,9.9358,-84.0558,9.9567,-84.1132,824.0,916.0,1.1116504854368932,1.1116504854368932,Leve
2026-06-29 23:00:00,23,0,San Jose Centro,24.0,69,10.8,9.9331,-84.0792,11.7,9.7,10.4,46.0,9.9358,-84.0558,9.9567,-84.1132,824.0,1042.0,1.2645631067961165,1.2645631067961165,Leve
2026-06-30 00:00:00,0,1,San Jose Centro,22.9,73,9.4,9.9331,-84.0792,12.8,9.1,9.1,41.0,9.9358,-84.0558,9.9567,-84.1132,824.0,923.0,1.1201456310679612,1.1201456310679612,Leve
2026-06-30 01:00:00,1,1,San Jose Centro,21.7,78,11.0,9.9331,-84.0792,13.0,10.8,11.0,35.0,9.9358,-84.0558,9.9567,-84.1132,824.0,792.0,0.9611650485436893,1.0,Fluido
2026-06-30 02:00:00,2,1,San Jose Centro,21.2,78,11.2,9.9331,-84.0792,13.0,10.7,13.6,27.0,9.9358,-84.0558,9.9567,-84.1132,824.0,768.0,0.9320388349514563,1.0,Fluido
2026-06-30 03:00:00,3,1,San Jose Centro,20.9,76,13.5,9.9331,-84.0792,12.1,9.5,15.2,21.0,9.9358,-84.0558,9.9567,-84.1132,824.0,771.0,0.9356796116504854,1.0,Fluido
2026-06-30 04:00:00,4,1,San Jose Centro,20.8,74,15.0,9.9331,-84.0792,11.4,8.8,15.0,19.0,9.9358,-84.0558,9.9567,-84.1132,824.0,732.0,0.8883495145631068,1.0,Fluido
2026-06-30 05:00:00,5,1,San Jose Centro,20.8,74,15.3,9.9331,-84.0792,11.4,8.8,13.8,20.0,9.9358,-84.0558,9.9567,-84.1132,824.0,690.0,0.837378640776699,1.0,Fluido
2026-06-30 06:00:00,6,1,San Jose Centro,20.8,75,14.1,9.9331,-84.0792,11.3,8.7,12.4,21.0,9.9358,-84.0558,9.9567,-84.1132,824.0,668.0,0.8106796116504854,1.0,Fluido
2026-06-30 07:00:00,7,1,San Jose Centro,20.6,76,13.9,9.9331,-84.0792,11.3,8.4,10.9,22.0,9.9358,-84.0558,9.9567,-84.1132,824.0,632.0,0.7669902912621359,1.0,Fluido
2026-06-30 08:00:00,8,1,San Jose Centro,20.1,78,12.8,9.9331,-84.0792,10.8,8.0,9.3,22.0,9.9358,-84.0558,9.9567,-84.1132,824.0,656.0,0.7961165048543689,1.0,Fluido
2026-06-30 09:00:00,9,1,San Jose Centro,20.1,77,11.2,9.9331,-84.0792,10.0,7.5,8.2,23.0,9.9358,-84.0558,9.9567,-84.1132,824.0,652.0,0.7912621359223301,1.0,Fluido
2026-06-30 10:00:00,10,1,San Jose Centro,20.1,78,10.2,9.9331,-84.0792,9.9,7.4,8.4,22.0,9.9358,-84.0558,9.9567,-84.1132,824.0,662.0,0.8033980582524272,1.0,Fluido
2026-06-30 11:00:00,11,1,San Jose Centro,20.4,78,11.0,9.9331,-84.0792,9.0,6.9,9.2,21.0,9.9358,-84.0558,9.9567,-84.1132,824.0,738.0,0.8956310679611651,1.0,Fluido
2026-06-30 12:00:00,12,1,San Jose Centro,20.8,79,9.8,9.9331,-84.0792,9.6,7.7,9.5,23.0,9.9358,-84.0558,9.9567,-84.1132,824.0,1117.0,1.3555825242718447,1.3555825242718447,Moderado
2026-06-30 13:00:00,13,1,San Jose Centro,21.9,74,11.0,9.9331,-84.0792,9.5,7.3,7.8,34.0,9.9358,-84.0558,9.9567,-84.1132,824.0,1379.0,1.6735436893203883,1.6735436893203883,Moderado
2026-06-30 14:00:00,14,1,San Jose Centro,23.7,67,10.6,9.9331,-84.0792,8.5,6.6,5.5,49.0,9.9358,-84.0558,9.9567,-84.1132,824.0,1285.0,1.5594660194174756,1.5594660194174756,Moderado
2026-06-30 15:00:00,15,1,San Jose Centro,25.8,58,11.1,9.9331,-84.0792,8.4,6.5,3.6,61.0,9.9358,-84.0558,9.9567,-84.1132,824.0,1182.0,1.4344660194174756,1.4344660194174756,Moderado
2026-06-30 16:00:00,16,1,San Jose Centro,27.4,50,11.8,9.9331,-84.0792,8.1,6.2,2.6,68.0,9.9358,-84.0558,9.9567,-84.1132,824.0,1161.0,1.4089805825242718,1.4089805825242718,Moderado
2026-06-30 17:00:00,17,1,San Jose Centro,28.0,49,11.2,9.9331,-84.0792,8.2,6.4,2.1,72.0,9.9358,-84.0558,9.9567,-84.1132,824.0,985.0,1.1953883495145632,1.1953883495145632,Leve
2026-06-30 18:00:00,18,1,San Jose Centro,28.6,49,9.0,9.9331,-84.0792,8.0,6.3,1.9,74.0,9.9358,-84.0558,9.9567,-84.1132,824.0,969.0,1.1759708737864079,1.1759708737864079,Leve
2026-06-30 19:00:00,19,1,San Jose Centro,27.6,52,8.7,9.9331,-84.0792,7.9,6.3,1.9,73.0,9.9358,-84.0558,9.9567,-84.1132,824.0,918.0,1.1140776699029127,1.1140776699029127,Leve
2026-06-30 20:00:00,20,1,San Jose Centro,26.8,56,10.4,9.9331,-84.0792,8.1,6.6,2.2,70.0,9.9358,-84.0558,9.9567,-84.1132,824.0,922.0,1.1189320388349515,1.1189320388349515,Leve
2026-06-30 21:00:00,21,1,San Jose Centro,26.2,58,10.1,9.9331,-84.0792,8.0,6.4,3.0,65.0,9.9358,-84.0558,9.9567,-84.1132,824.0,929.0,1.1274271844660195,1.1274271844660195,Leve
2026-06-30 22:00:00,22,1,San Jose Centro,25.2,61,10.1,9.9331,-84.0792,7.3,5.8,4.7,57.0,9.9358,-84.0558,9.9567,-84.1132,824.0,1045.0,1.2682038834951457,1.2682038834951457,Leve
2026-06-30 23:00:00,23,1,San Jose Centro,24.0,66,9.2,9.9331,-84.0792,6.4,5.0,6.8,47.0,9.9358,-84.0558,9.9567,-84.1132,824.0,1221.0,1.4817961165048543,1.4817961165048543,Moderado
2026-07-01 00:00:00,0,2,San Jose Centro,23.4,66,7.3,9.9331,-84.0792,12.8,9.8,7.5,46.0,9.9358,-84.0558,9.9567,-84.1132,824.0,978.0,1.1868932038834952,1.1868932038834952,Leve
2026-07-01 01:00:00,1,2,San Jose Centro,22.3,70,7.8,9.9331,-84.0792,11.9,9.7,8.0,43.0,9.9358,-84.0558,9.9567,-84.1132,824.0,806.0,0.9781553398058253,1.0,Fluido
2026-07-01 02:00:00,2,2,San Jose Centro,22.1,72,8.3,9.9331,-84.0792,12.2,10.4,8.7,40.0,9.9358,-84.0558,9.9567,-84.1132,824.0,766.0,0.9296116504854369,1.0,Fluido
2026-07-01 03:00:00,3,2,San Jose Centro,21.8,73,10.1,9.9331,-84.0792,11.5,9.2,9.1,37.0,9.9358,-84.0558,9.9567,-84.1132,824.0,785.0,0.9526699029126213,1.0,Fluido
2026-07-01 04:00:00,4,2,San Jose Centro,21.6,75,10.7,9.9331,-84.0792,10.7,8.6,8.9,36.0,9.9358,-84.0558,9.9567,-84.1132,824.0,749.0,0.9089805825242718,1.0,Fluido
2026-07-01 05:00:00,5,2,San Jose Centro,21.4,77,10.9,9.9331,-84.0792,10.1,7.6,8.3,36.0,9.9358,-84.0558,9.9567,-84.1132,824.0,711.0,0.8628640776699029,1.0,Fluido
2026-07-01 06:00:00,6,2,San Jose Centro,21.4,75,7.5,9.9331,-84.0792,8.7,6.6,7.6,36.0,9.9358,-84.0558,9.9567,-84.1132,824.0,684.0,0.8300970873786407,1.0,Fluido
2026-07-01 07:00:00,7,2,San Jose Centro,21.2,76,8.3,9.9331,-84.0792,7.0,5.3,6.5,37.0,9.9358,-84.0558,9.9567,-84.1132,824.0,643.0,0.7803398058252428,1.0,Fluido
2026-07-01 08:00:00,8,2,San Jose Centro,21.0,77,9.2,9.9331,-84.0792,4.8,3.6,5.2,38.0,9.9358,-84.0558,9.9567,-84.1132,824.0,638.0,0.7742718446601942,1.0,Fluido
2026-07-01 09:00:00,9,2,San Jose Centro,21.0,77,8.8,9.9331,-84.0792,2.2,1.7,4.6,38.0,9.9358,-84.0558,9.9567,-84.1132,824.0,631.0,0.7657766990291263,1.0,Fluido
2026-07-01 10:00:00,10,2,San Jose Centro,21.0,77,8.6,9.9331,-84.0792,1.2,1.0,5.4,34.0,9.9358,-84.0558,9.9567,-84.1132,824.0,660.0,0.8009708737864077,1.0,Fluido
2026-07-01 11:00:00,11,2,San Jose Centro,21.0,78,10.3,9.9331,-84.0792,1.2,1.0,7.0,30.0,9.9358,-84.0558,9.9567,-84.1132,824.0,737.0,0.8944174757281553,1.0,Fluido
2026-07-01 12:00:00,12,2,San Jose Centro,21.2,77,6.2,9.9331,-84.0792,1.9,1.9,7.2,30.0,9.9358,-84.0558,9.9567,-84.1132,824.0,1132.0,1.3737864077669903,1.3737864077669903,Moderado
2026-07-01 13:00:00,13,2,San Jose Centro,21.8,75,7.1,9.9331,-84.0792,4.3,3.9,6.6,39.0,9.9358,-84.0558,9.9567,-84.1132,824.0,1320.0,1.6019417475728155,1.6019417475728155,Moderado
2026-07-01 14:00:00,14,2,San Jose Centro,23.9,65,7.7,9.9331,-84.0792,10.0,9.2,5.6,52.0,9.9358,-84.0558,9.9567,-84.1132,824.0,1219.0,1.479368932038835,1.479368932038835,Moderado
2026-07-01 15:00:00,15,2,San Jose Centro,25.6,57,9.6,9.9331,-84.0792,8.9,6.7,4.7,62.0,9.9358,-84.0558,9.9567,-84.1132,824.0,1120.0,1.3592233009708738,1.3592233009708738,Moderado
2026-07-01 16:00:00,16,2,San Jose Centro,26.9,52,12.8,9.9331,-84.0792,11.1,8.1,3.7,67.0,9.9358,-84.0558,9.9567,-84.1132,824.0,1051.0,1.2754854368932038,1.2754854368932038,Leve
2026-07-01 17:00:00,17,2,San Jose Centro,27.5,50,11.1,9.9331,-84.0792,11.0,7.5,2.6,68.0,9.9358,-84.0558,9.9567,-84.1132,824.0,1006.0,1.220873786407767,1.220873786407767,Leve
2026-07-01 18:00:00,18,2,San Jose Centro,28.8,43,10.6,9.9331,-84.0792,10.3,6.9,2.0,67.0,9.9358,-84.0558,9.9567,-84.1132,824.0,1045.0,1.2682038834951457,1.2682038834951457,Leve
2026-07-01 19:00:00,19,2,San Jose Centro,28.1,46,7.5,9.9331,-84.0792,10.1,6.8,1.4,63.0,9.9358,-84.0558,9.9567,-84.1132,824.0,959.0,1.1638349514563107,1.1638349514563107,Leve
2026-07-01 20:00:00,20,2,San Jose Centro,26.8,52,10.0,9.9331,-84.0792,8.4,5.5,1.1,56.0,9.9358,-84.0558,9.9567,-84.1132,824.0,936.0,1.1359223300970873,1.1359223300970873,Leve
2026-07-01 21:00:00,21,2,San Jose Centro,25.9,57,10.4,9.9331,-84.0792,6.9,4.5,2.8,48.0,9.9358,-84.0558,9.9567,-84.1132,824.0,921.0,1.1177184466019416,1.1177184466019416,Leve
2026-07-01 22:00:00,22,2,San Jose Centro,24.9,60,11.0,9.9331,-84.0792,7.2,5.4,8.4,37.0,9.9358,-84.0558,9.9567,-84.1132,824.0,1041.0,1.2633495145631068,1.2633495145631068,Leve
2026-07-01 23:00:00,23,2,San Jose Centro,23.7,65,9.0,9.9331,-84.0792,8.3,6.9,15.9,25.0,9.9358,-84.0558,9.9567,-84.1132,824.0,1184.0,1.4368932038834952,1.4368932038834952,Moderado
2026-07-02 00:00:00,0,3,San Jose Centro,22.6,72,8.1,9.9331,-84.0792,10.5,7.6,11.6,30.0,9.9358,-84.0558,9.9567,-84.1132,824.0,1004.0,1.2184466019417475,1.2184466019417475,Leve
2026-07-02 01:00:00,1,3,San Jose Centro,21.8,76,9.0,9.9331,-84.0792,8.6,7.1,11.4,28.0,9.9358,-84.0558,9.9567,-84.1132,824.0,820.0,0.9951456310679612,1.0,Fluido
2026-07-02 02:00:00,2,3,San Jose Centro,21.1,79,8.3,9.9331,-84.0792,7.3,6.1,11.0,25.0,9.9358,-84.0558,9.9567,-84.1132,824.0,785.0,0.9526699029126213,1.0,Fluido
2026-07-02 03:00:00,3,3,San Jose Centro,20.9,79,8.9,9.9331,-84.0792,3.2,2.8,10.4,24.0,9.9358,-84.0558,9.9567,-84.1132,824.0,798.0,0.9684466019417476,1.0,Fluido
2026-07-02 04:00:00,4,3,San Jose Centro,20.8,78,6.4,9.9331,-84.0792,2.8,2.5,9.5,25.0,9.9358,-84.0558,9.9567,-84.1132,824.0,752.0,0.912621359223301,1.0,Fluido
2026-07-02 05:00:00,5,3,San Jose Centro,20.7,79,6.6,9.9331,-84.0792,3.3,2.9,8.4,26.0,9.9358,-84.0558,9.9567,-84.1132,824.0,708.0,0.8592233009708737,1.0,Fluido
2026-07-02 06:00:00,6,3,San Jose Centro,21.0,78,6.0,9.9331,-84.0792,3.0,2.6,7.4,28.0,9.9358,-84.0558,9.9567,-84.1132,824.0,674.0,0.8179611650485437,1.0,Fluido
2026-07-02 07:00:00,7,3,San Jose Centro,20.8,79,7.6,9.9331,-84.0792,2.7,2.4,6.6,29.0,9.9358,-84.0558,9.9567,-84.1132,824.0,634.0,0.7694174757281553,1.0,Fluido
2026-07-02 08:00:00,8,3,San Jose Centro,20.6,80,6.9,9.9331,-84.0792,2.2,2.0,6.0,30.0,9.9358,-84.0558,9.9567,-84.1132,824.0,649.0,0.787621359223301,1.0,Fluido
2026-07-02 09:00:00,9,3,San Jose Centro,20.5,80,8.4,9.9331,-84.0792,1.8,1.6,5.9,30.0,9.9358,-84.0558,9.9567,-84.1132,824.0,645.0,0.7827669902912622,1.0,Fluido
2026-07-02 10:00:00,10,3,San Jose Centro,20.6,78,10.4,9.9331,-84.0792,1.4,1.2,6.5,29.0,9.9358,-84.0558,9.9567,-84.1132,824.0,664.0,0.8058252427184466,1.0,Fluido
2026-07-02 11:00:00,11,3,San Jose Centro,20.6,79,11.4,9.9331,-84.0792,1.5,1.3,7.5,28.0,9.9358,-84.0558,9.9567,-84.1132,824.0,752.0,0.912621359223301,1.0,Fluido
2026-07-02 12:00:00,12,3,San Jose Centro,21.4,77,6.6,9.9331,-84.0792,2.5,2.2,6.6,40.0,9.9358,-84.0558,9.9567,-84.1132,824.0,1087.0,1.3191747572815533,1.3191747572815533,Moderado
2026-07-02 13:00:00,13,3,San Jose Centro,22.0,74,9.2,9.9331,-84.0792,3.3,3.1,5.7,46.0,9.9358,-84.0558,9.9567,-84.1132,824.0,1299.0,1.5764563106796117,1.5764563106796117,Moderado
2026-07-02 14:00:00,14,3,San Jose Centro,23.4,68,9.9,9.9331,-84.0792,5.7,5.5,4.4,53.0,9.9358,-84.0558,9.9567,-84.1132,824.0,1180.0,1.4320388349514563,1.4320388349514563,Moderado
2026-07-02 15:00:00,15,3,San Jose Centro,25.1,63,9.5,9.9331,-84.0792,3.1,2.4,3.5,59.0,9.9358,-84.0558,9.9567,-84.1132,824.0,1196.0,1.4514563106796117,1.4514563106796117,Moderado
2026-07-02 16:00:00,16,3,San Jose Centro,26.0,60,9.7,9.9331,-84.0792,4.6,3.3,2.9,61.0,9.9358,-84.0558,9.9567,-84.1132,824.0,1098.0,1.3325242718446602,1.3325242718446602,Moderado
2026-07-02 17:00:00,17,3,San Jose Centro,25.2,65,4.3,9.9331,-84.0792,5.0,3.8,2.8,61.0,9.9358,-84.0558,9.9567,-84.1132,824.0,1028.0,1.2475728155339805,1.2475728155339805,Leve
2026-07-02 18:00:00,18,3,San Jose Centro,22.2,88,7.0,9.9331,-84.0792,5.3,4.2,3.8,58.0,9.9358,-84.0558,9.9567,-84.1132,824.0,972.0,1.1796116504854368,1.1796116504854368,Leve
2026-07-02 19:00:00,19,3,San Jose Centro,21.6,92,9.4,9.9331,-84.0792,5.6,4.5,7.0,51.0,9.9358,-84.0558,9.9567,-84.1132,824.0,1026.0,1.2451456310679612,1.2451456310679612,Leve
2026-07-02 20:00:00,20,3,San Jose Centro,21.6,91,4.6,9.9331,-84.0792,6.4,6.0,11.4,41.0,9.9358,-84.0558,9.9567,-84.1132,824.0,1065.0,1.2924757281553398,1.2924757281553398,Leve
2026-07-02 21:00:00,21,3,San Jose Centro,22.3,86,3.2,9.9331,-84.0792,8.4,8.1,14.9,33.0,9.9358,-84.0558,9.9567,-84.1132,824.0,1030.0,1.25,1.25,Leve
2026-07-02 22:00:00,22,3,San Jose Centro,22.4,83,4.9,9.9331,-84.0792,7.6,7.3,16.8,31.0,9.9358,-84.0558,9.9567,-84.1132,824.0,1092.0,1.325242718446602,1.325242718446602,Moderado
2026-07-02 23:00:00,23,3,San Jose Centro,21.7,85,6.2,9.9331,-84.0792,6.0,5.4,17.8,31.0,9.9358,-84.0558,9.9567,-84.1132,824.0,1245.0,1.5109223300970873,1.5109223300970873,Moderado
2026-07-03 00:00:00,0,4,San Jose Centro,22.9,73,6.8,9.9331,-84.0792,6.4,5.6,16.1,32.0,9.9358,-84.0558,9.9567,-84.1132,824.0,1031.0,1.2512135922330097,1.2512135922330097,Leve
2026-07-03 01:00:00,1,4,San Jose Centro,21.8,80,8.7,9.9331,-84.0792,7.8,7.3,14.2,34.0,9.9358,-84.0558,9.9567,-84.1132,824.0,837.0,1.0157766990291262,1.0157766990291262,Leve
2026-07-03 02:00:00,2,4,San Jose Centro,21.3,81,9.9,9.9331,-84.0792,4.1,3.9,11.6,38.0,9.9358,-84.0558,9.9567,-84.1132,824.0,813.0,0.9866504854368932,1.0,Fluido
2026-07-03 03:00:00,3,4,San Jose Centro,20.8,83,13.3,9.9331,-84.0792,2.0,1.9,9.4,40.0,9.9358,-84.0558,9.9567,-84.1132,824.0,791.0,0.9599514563106796,1.0,Fluido
2026-07-03 04:00:00,4,4,San Jose Centro,20.6,81,13.5,9.9331,-84.0792,2.1,2.0,8.1,41.0,9.9358,-84.0558,9.9567,-84.1132,824.0,776.0,0.941747572815534,1.0,Fluido
2026-07-03 05:00:00,5,4,San Jose Centro,20.4,81,14.6,9.9331,-84.0792,1.7,1.6,7.2,41.0,9.9358,-84.0558,9.9567,-84.1132,824.0,717.0,0.8701456310679612,1.0,Fluido
2026-07-03 06:00:00,6,4,San Jose Centro,20.8,81,13.9,9.9331,-84.0792,1.2,1.1,6.4,41.0,9.9358,-84.0558,9.9567,-84.1132,824.0,691.0,0.8385922330097088,1.0,Fluido
2026-07-03 07:00:00,7,4,San Jose Centro,20.5,83,12.9,9.9331,-84.0792,0.9,0.9,5.4,40.0,9.9358,-84.0558,9.9567,-84.1132,824.0,666.0,0.808252427184466,1.0,Fluido
2026-07-03 08:00:00,8,4,San Jose Centro,20.2,84,12.1,9.9331,-84.0792,0.8,0.8,4.5,38.0,9.9358,-84.0558,9.9567,-84.1132,824.0,628.0,0.7621359223300971,1.0,Fluido
2026-07-03 09:00:00,9,4,San Jose Centro,19.9,86,10.3,9.9331,-84.0792,0.8,0.8,4.2,36.0,9.9358,-84.0558,9.9567,-84.1132,824.0,641.0,0.7779126213592233,1.0,Fluido
2026-07-03 10:00:00,10,4,San Jose Centro,20.0,86,9.2,9.9331,-84.0792,0.8,0.8,5.3,33.0,9.9358,-84.0558,9.9567,-84.1132,824.0,674.0,0.8179611650485437,1.0,Fluido
2026-07-03 11:00:00,11,4,San Jose Centro,19.9,86,11.7,9.9331,-84.0792,0.8,0.8,7.0,31.0,9.9358,-84.0558,9.9567,-84.1132,824.0,741.0,0.8992718446601942,1.0,Fluido
2026-07-03 12:00:00,12,4,San Jose Centro,20.9,82,6.8,9.9331,-84.0792,7.9,6.3,7.5,34.0,9.9358,-84.0558,9.9567,-84.1132,824.0,887.0,1.0764563106796117,1.0764563106796117,Leve
2026-07-03 13:00:00,13,4,San Jose Centro,21.6,77,9.8,9.9331,-84.0792,9.0,7.5,7.1,41.0,9.9358,-84.0558,9.9567,-84.1132,824.0,977.0,1.1856796116504855,1.1856796116504855,Leve
2026-07-03 14:00:00,14,4,San Jose Centro,22.2,76,10.7,9.9331,-84.0792,10.3,8.6,6.6,52.0,9.9358,-84.0558,9.9567,-84.1132,824.0,970.0,1.1771844660194175,1.1771844660194175,Leve
2026-07-03 15:00:00,15,4,San Jose Centro,23.0,73,10.1,9.9331,-84.0792,9.8,8.0,5.9,61.0,9.9358,-84.0558,9.9567,-84.1132,824.0,1005.0,1.2196601941747574,1.2196601941747574,Leve
2026-07-03 16:00:00,16,4,San Jose Centro,25.1,64,10.9,9.9331,-84.0792,10.7,8.6,4.8,69.0,9.9358,-84.0558,9.9567,-84.1132,824.0,970.0,1.1771844660194175,1.1771844660194175,Leve
2026-07-03 17:00:00,17,4,San Jose Centro,24.8,66,11.3,9.9331,-84.0792,10.9,8.7,3.5,75.0,9.9358,-84.0558,9.9567,-84.1132,824.0,1001.0,1.2148058252427185,1.2148058252427185,Leve
2026-07-03 18:00:00,18,4,San Jose Centro,25.4,62,8.8,9.9331,-84.0792,9.7,7.9,2.7,77.0,9.9358,-84.0558,9.9567,-84.1132,824.0,1021.0,1.2390776699029127,1.2390776699029127,Leve
2026-07-03 19:00:00,19,4,San Jose Centro,24.3,69,8.6,9.9331,-84.0792,8.7,7.4,2.3,73.0,9.9358,-84.0558,9.9567,-84.1132,824.0,1054.0,1.279126213592233,1.279126213592233,Leve
2026-07-03 20:00:00,20,4,San Jose Centro,24.2,68,8.3,9.9331,-84.0792,6.2,5.1,2.3,65.0,9.9358,-84.0558,9.9567,-84.1132,824.0,1069.0,1.2973300970873787,1.2973300970873787,Leve
2026-07-03 21:00:00,21,4,San Jose Centro,24.2,67,7.3,9.9331,-84.0792,5.9,4.6,3.7,56.0,9.9358,-84.0558,9.9567,-84.1132,824.0,1060.0,1.2864077669902914,1.2864077669902914,Leve
2026-07-03 22:00:00,22,4,San Jose Centro,23.9,69,2.7,9.9331,-84.0792,6.1,4.8,7.7,47.0,9.9358,-84.0558,9.9567,-84.1132,824.0,1089.0,1.3216019417475728,1.3216019417475728,Moderado
2026-07-03 23:00:00,23,4,San Jose Centro,21.6,80,4.5,9.9331,-84.0792,9.3,7.9,13.0,37.0,9.9358,-84.0558,9.9567,-84.1132,824.0,1172.0,1.4223300970873787,1.4223300970873787,Moderado
2026-07-04 00:00:00,0,5,San Jose Centro,22.4,70,7.8,9.9331,-84.0792,6.4,5.5,14.4,34.0,9.9358,-84.0558,9.9567,-84.1132,824.0,967.0,1.1735436893203883,1.1735436893203883,Leve
2026-07-04 01:00:00,1,5,San Jose Centro,21.0,76,9.4,9.9331,-84.0792,5.8,5.0,12.9,34.0,9.9358,-84.0558,9.9567,-84.1132,824.0,817.0,0.991504854368932,1.0,Fluido
2026-07-04 02:00:00,2,5,San Jose Centro,19.6,85,11.0,9.9331,-84.0792,5.2,4.4,10.8,33.0,9.9358,-84.0558,9.9567,-84.1132,824.0,803.0,0.9745145631067961,1.0,Fluido
2026-07-04 03:00:00,3,5,San Jose Centro,19.2,92,11.0,9.9331,-84.0792,4.3,3.7,9.0,33.0,9.9358,-84.0558,9.9567,-84.1132,824.0,797.0,0.9672330097087378,1.0,Fluido
2026-07-04 04:00:00,4,5,San Jose Centro,19.6,90,9.9,9.9331,-84.0792,3.9,3.2,7.9,33.0,9.9358,-84.0558,9.9567,-84.1132,824.0,765.0,0.9283980582524272,1.0,Fluido
2026-07-04 05:00:00,5,5,San Jose Centro,19.6,89,9.6,9.9331,-84.0792,3.8,3.1,7.1,33.0,9.9358,-84.0558,9.9567,-84.1132,824.0,737.0,0.8944174757281553,1.0,Fluido
2026-07-04 06:00:00,6,5,San Jose Centro,19.4,90,11.0,9.9331,-84.0792,3.5,2.8,6.3,33.0,9.9358,-84.0558,9.9567,-84.1132,824.0,713.0,0.8652912621359223,1.0,Fluido
2026-07-04 07:00:00,7,5,San Jose Centro,19.3,88,11.9,9.9331,-84.0792,3.0,2.4,5.4,33.0,9.9358,-84.0558,9.9567,-84.1132,824.0,685.0,0.8313106796116505,1.0,Fluido
2026-07-04 08:00:00,8,5,San Jose Centro,19.5,84,12.3,9.9331,-84.0792,3.1,2.4,4.6,34.0,9.9358,-84.0558,9.9567,-84.1132,824.0,662.0,0.8033980582524272,1.0,Fluido
2026-07-04 09:00:00,9,5,San Jose Centro,19.4,85,13.3,9.9331,-84.0792,2.5,2.0,4.2,34.0,9.9358,-84.0558,9.9567,-84.1132,824.0,637.0,0.7730582524271845,1.0,Fluido
2026-07-04 10:00:00,10,5,San Jose Centro,18.7,92,12.2,9.9331,-84.0792,1.7,1.4,4.8,32.0,9.9358,-84.0558,9.9567,-84.1132,824.0,657.0,0.7973300970873787,1.0,Fluido
2026-07-04 11:00:00,11,5,San Jose Centro,18.8,92,13.2,9.9331,-84.0792,1.5,1.3,5.9,30.0,9.9358,-84.0558,9.9567,-84.1132,824.0,702.0,0.8519417475728155,1.0,Fluido
2026-07-04 12:00:00,12,5,San Jose Centro,18.9,93,10.1,9.9331,-84.0792,0.7,0.7,6.0,36.0,9.9358,-84.0558,9.9567,-84.1132,824.0,733.0,0.8895631067961165,1.0,Fluido
2026-07-04 13:00:00,13,5,San Jose Centro,19.0,93,12.1,9.9331,-84.0792,2.3,2.3,6.6,36.0,9.9358,-84.0558,9.9567,-84.1132,824.0,724.0,0.8786407766990292,1.0,Fluido
2026-07-04 14:00:00,14,5,San Jose Centro,20.2,91,13.3,9.9331,-84.0792,2.7,2.7,7.4,37.0,9.9358,-84.0558,9.9567,-84.1132,824.0,765.0,0.9283980582524272,1.0,Fluido
2026-07-04 15:00:00,15,5,San Jose Centro,22.7,75,11.2,9.9331,-84.0792,1.6,1.6,8.0,37.0,9.9358,-84.0558,9.9567,-84.1132,824.0,833.0,1.0109223300970873,1.0109223300970873,Leve
2026-07-04 16:00:00,16,5,San Jose Centro,23.1,72,11.0,9.9331,-84.0792,2.7,2.7,8.1,36.0,9.9358,-84.0558,9.9567,-84.1132,824.0,848.0,1.029126213592233,1.029126213592233,Leve
2026-07-04 17:00:00,17,5,San Jose Centro,23.3,71,11.0,9.9331,-84.0792,3.4,3.4,8.1,34.0,9.9358,-84.0558,9.9567,-84.1132,824.0,867.0,1.0521844660194175,1.0521844660194175,Leve
2026-07-04 18:00:00,18,5,San Jose Centro,23.2,72,12.5,9.9331,-84.0792,3.4,3.4,8.2,32.0,9.9358,-84.0558,9.9567,-84.1132,824.0,1030.0,1.25,1.25,Leve
2026-07-04 19:00:00,19,5,San Jose Centro,21.8,82,12.9,9.9331,-84.0792,4.7,4.6,8.7,31.0,9.9358,-84.0558,9.9567,-84.1132,824.0,1024.0,1.2427184466019416,1.2427184466019416,Leve
2026-07-04 20:00:00,20,5,San Jose Centro,21.4,86,9.9,9.9331,-84.0792,2.5,2.4,9.4,30.0,9.9358,-84.0558,9.9567,-84.1132,824.0,1063.0,1.2900485436893203,1.2900485436893203,Leve
2026-07-04 21:00:00,21,5,San Jose Centro,21.8,83,9.6,9.9331,-84.0792,2.7,2.7,10.3,30.0,9.9358,-84.0558,9.9567,-84.1132,824.0,943.0,1.1444174757281553,1.1444174757281553,Leve
2026-07-04 22:00:00,22,5,San Jose Centro,21.6,83,9.6,9.9331,-84.0792,3.8,3.8,11.9,30.0,9.9358,-84.0558,9.9567,-84.1132,824.0,822.0,0.9975728155339806,1.0,Fluido
2026-07-04 23:00:00,23,5,San Jose Centro,21.4,82,8.5,9.9331,-84.0792,3.3,3.2,13.7,30.0,9.9358,-84.0558,9.9567,-84.1132,824.0,833.0,1.0109223300970873,1.0109223300970873,Leve
2026-07-05 00:00:00,0,6,San Jose Centro,20.6,85,9.0,9.9331,-84.0792,4.3,4.1,11.8,34.0,9.9358,-84.0558,9.9567,-84.1132,824.0,848.0,1.029126213592233,1.029126213592233,Leve
2026-07-05 01:00:00,1,6,San Jose Centro,19.3,84,10.0,9.9331,-84.0792,3.4,3.4,11.6,31.0,9.9358,-84.0558,9.9567,-84.1132,824.0,793.0,0.962378640776699,1.0,Fluido
2026-07-05 02:00:00,2,6,San Jose Centro,18.8,85,11.1,9.9331,-84.0792,2.9,2.8,11.2,26.0,9.9358,-84.0558,9.9567,-84.1132,824.0,775.0,0.9405339805825242,1.0,Fluido
2026-07-05 03:00:00,3,6,San Jose Centro,18.7,84,10.6,9.9331,-84.0792,2.6,2.6,11.1,21.0,9.9358,-84.0558,9.9567,-84.1132,824.0,783.0,0.9502427184466019,1.0,Fluido
2026-07-05 04:00:00,4,6,San Jose Centro,18.7,81,9.7,9.9331,-84.0792,3.1,3.1,11.5,17.0,9.9358,-84.0558,9.9567,-84.1132,824.0,759.0,0.9211165048543689,1.0,Fluido
2026-07-05 05:00:00,5,6,San Jose Centro,18.7,79,9.0,9.9331,-84.0792,3.3,3.3,12.2,13.0,9.9358,-84.0558,9.9567,-84.1132,824.0,744.0,0.9029126213592233,1.0,Fluido
2026-07-05 06:00:00,6,6,San Jose Centro,18.6,83,2.3,9.9331,-84.0792,3.1,3.1,12.2,11.0,9.9358,-84.0558,9.9567,-84.1132,824.0,704.0,0.8543689320388349,1.0,Fluido
2026-07-05 07:00:00,7,6,San Jose Centro,18.3,86,5.8,9.9331,-84.0792,2.1,2.0,10.8,14.0,9.9358,-84.0558,9.9567,-84.1132,824.0,676.0,0.8203883495145631,1.0,Fluido
2026-07-05 08:00:00,8,6,San Jose Centro,18.1,84,7.6,9.9331,-84.0792,1.4,1.3,8.8,19.0,9.9358,-84.0558,9.9567,-84.1132,824.0,663.0,0.8046116504854369,1.0,Fluido
2026-07-05 09:00:00,9,6,San Jose Centro,18.2,78,9.7,9.9331,-84.0792,1.2,1.1,7.5,22.0,9.9358,-84.0558,9.9567,-84.1132,824.0,635.0,0.7706310679611651,1.0,Fluido
2026-07-05 10:00:00,10,6,San Jose Centro,18.2,75,10.5,9.9331,-84.0792,1.2,1.1,7.8,18.0,9.9358,-84.0558,9.9567,-84.1132,824.0,644.0,0.7815533980582524,1.0,Fluido
2026-07-05 11:00:00,11,6,San Jose Centro,18.1,75,10.5,9.9331,-84.0792,1.7,1.6,8.9,12.0,9.9358,-84.0558,9.9567,-84.1132,824.0,672.0,0.8155339805825242,1.0,Fluido
2026-07-05 12:00:00,12,6,San Jose Centro,18.9,79,9.6,9.9331,-84.0792,1.2,1.2,9.9,11.0,9.9358,-84.0558,9.9567,-84.1132,824.0,708.0,0.8592233009708737,1.0,Fluido
2026-07-05 13:00:00,13,6,San Jose Centro,19.3,75,8.4,9.9331,-84.0792,2.6,2.3,8.6,25.0,9.9358,-84.0558,9.9567,-84.1132,824.0,690.0,0.837378640776699,1.0,Fluido
2026-07-05 14:00:00,14,6,San Jose Centro,19.6,76,7.4,9.9331,-84.0792,4.8,4.2,6.7,45.0,9.9358,-84.0558,9.9567,-84.1132,824.0,711.0,0.8628640776699029,1.0,Fluido
2026-07-05 15:00:00,15,6,San Jose Centro,21.9,69,4.3,9.9331,-84.0792,6.3,5.3,5.0,61.0,9.9358,-84.0558,9.9567,-84.1132,824.0,714.0,0.866504854368932,1.0,Fluido
2026-07-05 16:00:00,16,6,San Jose Centro,24.4,61,2.8,9.9331,-84.0792,5.7,4.7,3.5,70.0,9.9358,-84.0558,9.9567,-84.1132,824.0,722.0,0.8762135922330098,1.0,Fluido
2026-07-05 17:00:00,17,6,San Jose Centro,24.9,60,4.0,9.9331,-84.0792,5.7,4.8,2.1,76.0,9.9358,-84.0558,9.9567,-84.1132,824.0,737.0,0.8944174757281553,1.0,Fluido
2026-07-05 18:00:00,18,6,San Jose Centro,27.1,51,5.4,9.9331,-84.0792,6.4,5.4,1.3,78.0,9.9358,-84.0558,9.9567,-84.1132,824.0,763.0,0.9259708737864077,1.0,Fluido
2026-07-05 19:00:00,19,6,San Jose Centro,27.1,52,4.9,9.9331,-84.0792,6.7,5.5,1.2,75.0,9.9358,-84.0558,9.9567,-84.1132,824.0,786.0,0.9538834951456311,1.0,Fluido
2026-07-05 20:00:00,20,6,San Jose Centro,24.4,64,4.3,9.9331,-84.0792,6.9,5.8,1.7,68.0,9.9358,-84.0558,9.9567,-84.1132,824.0,771.0,0.9356796116504854,1.0,Fluido
2026-07-05 21:00:00,21,6,San Jose Centro,24.1,68,5.1,9.9331,-84.0792,7.4,6.3,2.6,60.0,9.9358,-84.0558,9.9567,-84.1132,824.0,764.0,0.9271844660194175,1.0,Fluido
2026-07-05 22:00:00,22,6,San Jose Centro,24.0,68,1.0,9.9331,-84.0792,8.7,7.8,3.9,53.0,9.9358,-84.0558,9.9567,-84.1132,824.0,743.0,0.9016990291262136,1.0,Fluido
2026-07-05 23:00:00,23,6,San Jose Centro,22.7,76,2.2,9.9331,-84.0792,8.4,7.3,5.6,45.0,9.9358,-84.0558,9.9567,-84.1132,824.0,770.0,0.9344660194174758,1.0,Fluido
2026-07-06 00:00:00,0,0,San Jose Centro,22.2,82,2.0,9.9331,-84.0792,5.9,5.3,7.0,38.0,9.9358,-84.0558,9.9567,-84.1132,824.0,814.0,0.9878640776699029,1.0,Fluido
2026-07-06 01:00:00,1,0,San Jose Centro,21.2,86,6.7,9.9331,-84.0792,5.1,4.7,8.5,34.0,9.9358,-84.0558,9.9567,-84.1132,824.0,792.0,0.9611650485436893,1.0,Fluido
2026-07-06 02:00:00,2,0,San Jose Centro,21.0,83,8.7,9.9331,-84.0792,4.8,4.5,10.6,29.0,9.9358,-84.0558,9.9567,-84.1132,824.0,763.0,0.9259708737864077,1.0,Fluido
2026-07-06 03:00:00,3,0,San Jose Centro,20.6,82,9.6,9.9331,-84.0792,5.6,5.1,12.2,25.0,9.9358,-84.0558,9.9567,-84.1132,824.0,770.0,0.9344660194174758,1.0,Fluido
2026-07-06 04:00:00,4,0,San Jose Centro,20.4,82,10.1,9.9331,-84.0792,6.7,6.1,12.8,23.0,9.9358,-84.0558,9.9567,-84.1132,824.0,733.0,0.8895631067961165,1.0,Fluido
2026-07-06 05:00:00,5,0,San Jose Centro,20.1,83,9.6,9.9331,-84.0792,7.4,6.7,12.9,21.0,9.9358,-84.0558,9.9567,-84.1132,824.0,695.0,0.8434466019417476,1.0,Fluido
2026-07-06 06:00:00,6,0,San Jose Centro,20.0,79,10.3,9.9331,-84.0792,7.6,6.8,12.5,20.0,9.9358,-84.0558,9.9567,-84.1132,824.0,675.0,0.8191747572815534,1.0,Fluido
2026-07-06 07:00:00,7,0,San Jose Centro,19.9,77,10.9,9.9331,-84.0792,7.5,6.6,11.4,20.0,9.9358,-84.0558,9.9567,-84.1132,824.0,660.0,0.8009708737864077,1.0,Fluido
2026-07-06 08:00:00,8,0,San Jose Centro,19.6,80,10.3,9.9331,-84.0792,6.4,5.6,9.9,21.0,9.9358,-84.0558,9.9567,-84.1132,824.0,637.0,0.7730582524271845,1.0,Fluido
2026-07-06 09:00:00,9,0,San Jose Centro,19.8,81,10.5,9.9331,-84.0792,6.0,5.2,9.0,21.0,9.9358,-84.0558,9.9567,-84.1132,824.0,649.0,0.787621359223301,1.0,Fluido
2026-07-06 10:00:00,10,0,San Jose Centro,19.9,79,11.0,9.9331,-84.0792,5.6,4.8,9.4,18.0,9.9358,-84.0558,9.9567,-84.1132,824.0,684.0,0.8300970873786407,1.0,Fluido
2026-07-06 11:00:00,11,0,San Jose Centro,19.8,79,10.8,9.9331,-84.0792,5.3,4.6,10.4,15.0,9.9358,-84.0558,9.9567,-84.1132,824.0,760.0,0.9223300970873787,1.0,Fluido
2026-07-06 12:00:00,12,0,San Jose Centro,19.9,82,10.9,9.9331,-84.0792,2.3,2.2,7.2,27.0,9.9358,-84.0558,9.9567,-84.1132,824.0,1133.0,1.375,1.375,Moderado
2026-07-06 13:00:00,13,0,San Jose Centro,20.9,78,12.3,9.9331,-84.0792,3.4,3.3,6.3,38.0,9.9358,-84.0558,9.9567,-84.1132,824.0,1230.0,1.4927184466019416,1.4927184466019416,Moderado
2026-07-06 14:00:00,14,0,San Jose Centro,22.2,72,12.3,9.9331,-84.0792,6.6,6.5,5.0,53.0,9.9358,-84.0558,9.9567,-84.1132,824.0,1106.0,1.3422330097087378,1.3422330097087378,Moderado
2026-07-06 15:00:00,15,0,San Jose Centro,24.9,61,14.7,9.9331,-84.0792,4.2,3.6,3.9,64.0,9.9358,-84.0558,9.9567,-84.1132,824.0,1030.0,1.25,1.25,Leve
2026-07-06 16:00:00,16,0,San Jose Centro,26.3,56,12.4,9.9331,-84.0792,9.1,5.3,3.0,67.0,9.9358,-84.0558,9.9567,-84.1132,824.0,936.0,1.1359223300970873,1.1359223300970873,Leve
2026-07-06 17:00:00,17,0,San Jose Centro,27.6,54,11.0,9.9331,-84.0792,17.0,8.1,2.4,66.0,9.9358,-84.0558,9.9567,-84.1132,824.0,913.0,1.108009708737864,1.108009708737864,Leve
2026-07-06 18:00:00,18,0,San Jose Centro,25.6,59,8.2,9.9331,-84.0792,22.2,9.9,2.2,64.0,9.9358,-84.0558,9.9567,-84.1132,824.0,896.0,1.087378640776699,1.087378640776699,Leve
2026-07-06 19:00:00,19,0,San Jose Centro,25.4,62,7.9,9.9331,-84.0792,23.0,10.6,2.8,63.0,9.9358,-84.0558,9.9567,-84.1132,824.0,889.0,1.078883495145631,1.078883495145631,Leve
2026-07-06 20:00:00,20,0,San Jose Centro,25.6,63,9.8,9.9331,-84.0792,21.9,11.3,4.0,61.0,9.9358,-84.0558,9.9567,-84.1132,824.0,868.0,1.0533980582524272,1.0533980582524272,Leve
2026-07-06 21:00:00,21,0,San Jose Centro,24.6,68,10.9,9.9331,-84.0792,20.8,11.7,5.2,57.0,9.9358,-84.0558,9.9567,-84.1132,824.0,888.0,1.0776699029126213,1.0776699029126213,Leve
2026-07-06 22:00:00,22,0,San Jose Centro,23.7,72,11.3,9.9331,-84.0792,20.0,12.7,6.4,51.0,9.9358,-84.0558,9.9567,-84.1132,824.0,916.0,1.1116504854368932,1.1116504854368932,Leve
2026-07-06 23:00:00,23,0,San Jose Centro,22.9,76,11.8,9.9331,-84.0792,18.7,11.2,7.8,43.0,9.9358,-84.0558,9.9567,-84.1132,824.0,1042.0,1.2645631067961165,1.2645631067961165,Leve
2026-07-07 00:00:00,0,1,San Jose Centro,22.6,75,11.3,9.9331,-84.0792,25.4,13.7,8.1,38.0,9.9358,-84.0558,9.9567,-84.1132,824.0,923.0,1.1201456310679612,1.1201456310679612,Leve
2026-07-07 01:00:00,1,1,San Jose Centro,22.1,75,12.6,9.9331,-84.0792,16.8,12.0,11.8,29.0,9.9358,-84.0558,9.9567,-84.1132,824.0,792.0,0.9611650485436893,1.0,Fluido
2026-07-07 02:00:00,2,1,San Jose Centro,22.0,75,14.1,9.9331,-84.0792,14.7,11.0,16.9,18.0,9.9358,-84.0558,9.9567,-84.1132,824.0,768.0,0.9320388349514563,1.0,Fluido
2026-07-07 03:00:00,3,1,San Jose Centro,21.6,77,14.6,9.9331,-84.0792,15.8,10.9,19.9,10.0,9.9358,-84.0558,9.9567,-84.1132,824.0,771.0,0.9356796116504854,1.0,Fluido
2026-07-07 04:00:00,4,1,San Jose Centro,21.5,78,14.6,9.9331,-84.0792,18.0,11.6,19.1,10.0,9.9358,-84.0558,9.9567,-84.1132,824.0,732.0,0.8883495145631068,1.0,Fluido
2026-07-07 05:00:00,5,1,San Jose Centro,21.2,78,14.1,9.9331,-84.0792,18.6,11.7,16.4,13.0,9.9358,-84.0558,9.9567,-84.1132,824.0,690.0,0.837378640776699,1.0,Fluido
2026-07-07 06:00:00,6,1,San Jose Centro,20.7,75,14.3,9.9331,-84.0792,18.5,11.5,13.7,16.0,9.9358,-84.0558,9.9567,-84.1132,824.0,668.0,0.8106796116504854,1.0,Fluido
2026-07-07 07:00:00,7,1,San Jose Centro,20.1,75,14.8,9.9331,-84.0792,17.8,10.9,11.6,18.0,9.9358,-84.0558,9.9567,-84.1132,824.0,632.0,0.7669902912621359,1.0,Fluido
2026-07-07 08:00:00,8,1,San Jose Centro,19.5,75,14.6,9.9331,-84.0792,17.6,10.5,9.6,20.0,9.9358,-84.0558,9.9567,-84.1132,824.0,656.0,0.7961165048543689,1.0,Fluido
2026-07-07 09:00:00,9,1,San Jose Centro,19.4,75,14.6,9.9331,-84.0792,17.1,9.9,8.4,21.0,9.9358,-84.0558,9.9567,-84.1132,824.0,652.0,0.7912621359223301,1.0,Fluido
2026-07-07 10:00:00,10,1,San Jose Centro,19.6,76,13.7,9.9331,-84.0792,16.5,9.3,8.6,20.0,9.9358,-84.0558,9.9567,-84.1132,824.0,662.0,0.8033980582524272,1.0,Fluido
2026-07-07 11:00:00,11,1,San Jose Centro,19.9,77,12.4,9.9331,-84.0792,15.4,8.6,9.5,18.0,9.9358,-84.0558,9.9567,-84.1132,824.0,738.0,0.8956310679611651,1.0,Fluido
2026-07-07 12:00:00,12,1,San Jose Centro,20.6,75,10.2,9.9331,-84.0792,12.4,8.0,9.2,22.0,9.9358,-84.0558,9.9567,-84.1132,824.0,1117.0,1.3555825242718447,1.3555825242718447,Moderado
2026-07-07 13:00:00,13,1,San Jose Centro,21.8,73,10.1,9.9331,-84.0792,11.5,7.9,7.6,35.0,9.9358,-84.0558,9.9567,-84.1132,824.0,1379.0,1.6735436893203883,1.6735436893203883,Moderado
2026-07-07 14:00:00,14,1,San Jose Centro,23.3,69,11.8,9.9331,-84.0792,10.1,6.9,5.4,53.0,9.9358,-84.0558,9.9567,-84.1132,824.0,1285.0,1.5594660194174756,1.5594660194174756,Moderado
2026-07-07 15:00:00,15,1,San Jose Centro,24.6,65,12.4,9.9331,-84.0792,12.6,8.0,3.6,68.0,9.9358,-84.0558,9.9567,-84.1132,824.0,1182.0,1.4344660194174756,1.4344660194174756,Moderado
2026-07-07 16:00:00,16,1,San Jose Centro,26.9,55,12.7,9.9331,-84.0792,17.4,10.4,2.5,76.0,9.9358,-84.0558,9.9567,-84.1132,824.0,1161.0,1.4089805825242718,1.4089805825242718,Moderado
2026-07-07 17:00:00,17,1,San Jose Centro,27.3,55,10.4,9.9331,-84.0792,22.9,13.1,1.9,80.0,9.9358,-84.0558,9.9567,-84.1132,824.0,985.0,1.1953883495145632,1.1953883495145632,Leve
2026-07-07 18:00:00,18,1,San Jose Centro,27.7,53,9.0,9.9331,-84.0792,25.1,14.1,1.5,82.0,9.9358,-84.0558,9.9567,-84.1132,824.0,969.0,1.1759708737864079,1.1759708737864079,Leve
2026-07-07 19:00:00,19,1,San Jose Centro,28.0,53,8.4,9.9331,-84.0792,26.9,14.8,1.3,82.0,9.9358,-84.0558,9.9567,-84.1132,824.0,918.0,1.1140776699029127,1.1140776699029127,Leve
2026-07-07 20:00:00,20,1,San Jose Centro,28.2,53,10.6,9.9331,-84.0792,27.3,15.0,1.3,79.0,9.9358,-84.0558,9.9567,-84.1132,824.0,922.0,1.1189320388349515,1.1189320388349515,Leve
2026-07-07 21:00:00,21,1,San Jose Centro,26.8,58,11.1,9.9331,-84.0792,26.9,14.8,2.0,74.0,9.9358,-84.0558,9.9567,-84.1132,824.0,929.0,1.1274271844660195,1.1274271844660195,Leve
2026-07-07 22:00:00,22,1,San Jose Centro,25.5,63,11.8,9.9331,-84.0792,26.1,14.7,3.6,66.0,9.9358,-84.0558,9.9567,-84.1132,824.0,1045.0,1.2682038834951457,1.2682038834951457,Leve
2026-07-07 23:00:00,23,1,San Jose Centro,24.3,67,11.9,9.9331,-84.0792,24.5,14.1,5.9,56.0,9.9358,-84.0558,9.9567,-84.1132,824.0,1221.0,1.4817961165048543,1.4817961165048543,Moderado
2026-07-08 00:00:00,0,2,San Jose Centro,22.9,74,9.8,9.9331,-84.0792,21.7,12.9,7.0,47.0,9.9358,-84.0558,9.9567,-84.1132,824.0,978.0,1.1868932038834952,1.1868932038834952,Leve
2026-07-08 01:00:00,1,2,San Jose Centro,22.0,74,10.6,9.9331,-84.0792,18.7,14.2,8.0,42.0,9.9358,-84.0558,9.9567,-84.1132,824.0,806.0,0.9781553398058253,1.0,Fluido
2026-07-08 02:00:00,2,2,San Jose Centro,22.0,69,11.7,9.9331,-84.0792,17.0,13.2,9.4,35.0,9.9358,-84.0558,9.9567,-84.1132,824.0,766.0,0.9296116504854369,1.0,Fluido
2026-07-08 03:00:00,3,2,San Jose Centro,21.4,70,13.2,9.9331,-84.0792,17.5,11.3,10.7,29.0,9.9358,-84.0558,9.9567,-84.1132,824.0,785.0,0.9526699029126213,1.0,Fluido
2026-07-08 04:00:00,4,2,San Jose Centro,20.9,69,13.3,9.9331,-84.0792,16.0,11.1,11.9,24.0,9.9358,-84.0558,9.9567,-84.1132,824.0,749.0,0.9089805825242718,1.0,Fluido
2026-07-08 05:00:00,5,2,San Jose Centro,20.6,69,13.0,9.9331,-84.0792,15.1,11.1,13.0,21.0,9.9358,-84.0558,9.9567,-84.1132,824.0,711.0,0.8628640776699029,1.0,Fluido
2026-07-08 06:00:00,6,2,San Jose Centro,20.7,70,9.7,9.9331,-84.0792,14.8,10.7,13.2,19.0,9.9358,-84.0558,9.9567,-84.1132,824.0,684.0,0.8300970873786407,1.0,Fluido
2026-07-08 07:00:00,7,2,San Jose Centro,20.7,72,10.8,9.9331,-84.0792,13.9,10.1,11.8,20.0,9.9358,-84.0558,9.9567,-84.1132,824.0,643.0,0.7803398058252428,1.0,Fluido
2026-07-08 08:00:00,8,2,San Jose Centro,20.3,74,11.5,9.9331,-84.0792,13.6,9.6,9.5,23.0,9.9358,-84.0558,9.9567,-84.1132,824.0,638.0,0.7742718446601942,1.0,Fluido
2026-07-08 09:00:00,9,2,San Jose Centro,20.1,77,12.0,9.9331,-84.0792,11.5,8.2,8.0,25.0,9.9358,-84.0558,9.9567,-84.1132,824.0,631.0,0.7657766990291263,1.0,Fluido
2026-07-08 10:00:00,10,2,San Jose Centro,20.2,78,11.4,9.9331,-84.0792,10.2,7.3,8.3,24.0,9.9358,-84.0558,9.9567,-84.1132,824.0,660.0,0.8009708737864077,1.0,Fluido
2026-07-08 11:00:00,11,2,San Jose Centro,20.4,78,10.8,9.9331,-84.0792,9.1,6.6,9.3,23.0,9.9358,-84.0558,9.9567,-84.1132,824.0,737.0,0.8944174757281553,1.0,Fluido
2026-07-08 12:00:00,12,2,San Jose Centro,21.0,77,8.4,9.9331,-84.0792,4.6,4.5,10.0,22.0,9.9358,-84.0558,9.9567,-84.1132,824.0,1132.0,1.3737864077669903,1.3737864077669903,Moderado
2026-07-08 13:00:00,13,2,San Jose Centro,22.0,74,9.2,9.9331,-84.0792,5.6,4.8,8.3,30.0,9.9358,-84.0558,9.9567,-84.1132,824.0,1320.0,1.6019417475728155,1.6019417475728155,Moderado
2026-07-08 14:00:00,14,2,San Jose Centro,23.9,67,9.7,9.9331,-84.0792,5.1,4.4,5.9,41.0,9.9358,-84.0558,9.9567,-84.1132,824.0,1219.0,1.479368932038835,1.479368932038835,Moderado
2026-07-08 15:00:00,15,2,San Jose Centro,26.2,58,9.1,9.9331,-84.0792,4.6,3.8,4.0,52.0,9.9358,-84.0558,9.9567,-84.1132,824.0,1120.0,1.3592233009708738,1.3592233009708738,Moderado
2026-07-08 16:00:00,16,2,San Jose Centro,27.5,53,7.9,9.9331,-84.0792,4.9,4.2,3.0,62.0,9.9358,-84.0558,9.9567,-84.1132,824.0,1051.0,1.2754854368932038,1.2754854368932038,Leve
2026-07-08 17:00:00,17,2,San Jose Centro,28.3,52,8.1,9.9331,-84.0792,6.0,5.0,2.4,70.0,9.9358,-84.0558,9.9567,-84.1132,824.0,1006.0,1.220873786407767,1.220873786407767,Leve
2026-07-08 18:00:00,18,2,San Jose Centro,28.6,52,8.8,9.9331,-84.0792,6.1,5.1,2.2,74.0,9.9358,-84.0558,9.9567,-84.1132,824.0,1045.0,1.2682038834951457,1.2682038834951457,Leve
2026-07-08 19:00:00,19,2,San Jose Centro,29.0,53,9.0,9.9331,-84.0792,4.7,3.8,1.8,70.0,9.9358,-84.0558,9.9567,-84.1132,824.0,959.0,1.1638349514563107,1.1638349514563107,Leve
2026-07-08 20:00:00,20,2,San Jose Centro,28.4,53,7.0,9.9331,-84.0792,4.7,3.8,1.7,60.0,9.9358,-84.0558,9.9567,-84.1132,824.0,936.0,1.1359223300970873,1.1359223300970873,Leve
2026-07-08 21:00:00,21,2,San Jose Centro,26.9,58,3.7,9.9331,-84.0792,4.7,3.9,3.7,50.0,9.9358,-84.0558,9.9567,-84.1132,824.0,921.0,1.1177184466019416,1.1177184466019416,Leve
2026-07-08 22:00:00,22,2,San Jose Centro,26.5,60,5.7,9.9331,-84.0792,5.9,5.0,10.3,38.0,9.9358,-84.0558,9.9567,-84.1132,824.0,1041.0,1.2633495145631068,1.2633495145631068,Leve
2026-07-08 23:00:00,23,2,San Jose Centro,25.5,64,5.2,9.9331,-84.0792,8.0,7.0,19.0,25.0,9.9358,-84.0558,9.9567,-84.1132,824.0,1184.0,1.4368932038834952,1.4368932038834952,Moderado
2026-07-09 00:00:00,0,3,San Jose Centro,24.2,69,3.1,9.9331,-84.0792,9.6,8.3,14.6,29.0,9.9358,-84.0558,9.9567,-84.1132,824.0,1004.0,1.2184466019417475,1.2184466019417475,Leve
2026-07-09 01:00:00,1,3,San Jose Centro,23.6,72,4.7,9.9331,-84.0792,8.5,7.5,14.1,27.0,9.9358,-84.0558,9.9567,-84.1132,824.0,820.0,0.9951456310679612,1.0,Fluido
2026-07-09 02:00:00,2,3,San Jose Centro,23.1,75,5.8,9.9331,-84.0792,7.1,6.3,13.5,24.0,9.9358,-84.0558,9.9567,-84.1132,824.0,785.0,0.9526699029126213,1.0,Fluido
2026-07-09 03:00:00,3,3,San Jose Centro,22.7,76,7.4,9.9331,-84.0792,5.6,4.9,12.8,22.0,9.9358,-84.0558,9.9567,-84.1132,824.0,798.0,0.9684466019417476,1.0,Fluido
2026-07-09 04:00:00,4,3,San Jose Centro,22.2,77,9.3,9.9331,-84.0792,5.5,4.7,12.3,21.0,9.9358,-84.0558,9.9567,-84.1132,824.0,752.0,0.912621359223301,1.0,Fluido
2026-07-09 05:00:00,5,3,San Jose Centro,21.7,78,8.1,9.9331,-84.0792,6.2,5.3,11.7,21.0,9.9358,-84.0558,9.9567,-84.1132,824.0,708.0,0.8592233009708737,1.0,Fluido
2026-07-09 06:00:00,6,3,San Jose Centro,21.6,77,7.2,9.9331,-84.0792,6.4,5.4,10.9,21.0,9.9358,-84.0558,9.9567,-84.1132,824.0,674.0,0.8179611650485437,1.0,Fluido
2026-07-09 07:00:00,7,3,San Jose Centro,21.2,79,7.2,9.9331,-84.0792,6.2,5.0,9.4,22.0,9.9358,-84.0558,9.9567,-84.1132,824.0,634.0,0.7694174757281553,1.0,Fluido
2026-07-09 08:00:00,8,3,San Jose Centro,20.9,81,7.7,9.9331,-84.0792,5.6,4.4,7.6,24.0,9.9358,-84.0558,9.9567,-84.1132,824.0,649.0,0.787621359223301,1.0,Fluido
2026-07-09 09:00:00,9,3,San Jose Centro,20.9,80,6.7,9.9331,-84.0792,4.8,3.8,6.5,26.0,9.9358,-84.0558,9.9567,-84.1132,824.0,645.0,0.7827669902912622,1.0,Fluido
2026-07-09 10:00:00,10,3,San Jose Centro,21.0,79,7.4,9.9331,-84.0792,3.9,3.1,6.7,27.0,9.9358,-84.0558,9.9567,-84.1132,824.0,664.0,0.8058252427184466,1.0,Fluido
2026-07-09 11:00:00,11,3,San Jose Centro,21.1,78,9.0,9.9331,-84.0792,3.0,2.5,7.5,27.0,9.9358,-84.0558,9.9567,-84.1132,824.0,752.0,0.912621359223301,1.0,Fluido
2026-07-09 12:00:00,12,3,San Jose Centro,21.6,77,9.4,9.9331,-84.0792,4.9,4.2,9.7,21.0,9.9358,-84.0558,9.9567,-84.1132,824.0,1087.0,1.3191747572815533,1.3191747572815533,Moderado
2026-07-09 13:00:00,13,3,San Jose Centro,22.4,76,10.1,9.9331,-84.0792,5.0,4.4,7.8,29.0,9.9358,-84.0558,9.9567,-84.1132,824.0,1299.0,1.5764563106796117,1.5764563106796117,Moderado
2026-07-09 14:00:00,14,3,San Jose Centro,23.5,73,11.7,9.9331,-84.0792,2.6,2.2,5.3,40.0,9.9358,-84.0558,9.9567,-84.1132,824.0,1180.0,1.4320388349514563,1.4320388349514563,Moderado
2026-07-09 15:00:00,15,3,San Jose Centro,24.7,69,9.9,9.9331,-84.0792,2.3,2.0,3.4,49.0,9.9358,-84.0558,9.9567,-84.1132,824.0,1196.0,1.4514563106796117,1.4514563106796117,Moderado
2026-07-09 16:00:00,16,3,San Jose Centro,25.5,64,11.1,9.9331,-84.0792,2.0,1.7,2.9,55.0,9.9358,-84.0558,9.9567,-84.1132,824.0,1098.0,1.3325242718446602,1.3325242718446602,Moderado
2026-07-09 17:00:00,17,3,San Jose Centro,26.3,61,10.9,9.9331,-84.0792,2.9,2.5,3.0,60.0,9.9358,-84.0558,9.9567,-84.1132,824.0,1028.0,1.2475728155339805,1.2475728155339805,Leve
2026-07-09 18:00:00,18,3,San Jose Centro,26.6,60,8.2,9.9331,-84.0792,4.6,4.0,3.2,62.0,9.9358,-84.0558,9.9567,-84.1132,824.0,972.0,1.1796116504854368,1.1796116504854368,Leve
2026-07-09 19:00:00,19,3,San Jose Centro,26.3,61,11.7,9.9331,-84.0792,4.2,3.6,2.5,63.0,9.9358,-84.0558,9.9567,-84.1132,824.0,1026.0,1.2451456310679612,1.2451456310679612,Leve
2026-07-09 20:00:00,20,3,San Jose Centro,26.4,62,8.7,9.9331,-84.0792,4.4,3.6,1.8,61.0,9.9358,-84.0558,9.9567,-84.1132,824.0,1065.0,1.2924757281553398,1.2924757281553398,Leve
2026-07-09 21:00:00,21,3,San Jose Centro,26.2,63,8.8,9.9331,-84.0792,4.8,3.9,2.9,57.0,9.9358,-84.0558,9.9567,-84.1132,824.0,1030.0,1.25,1.25,Leve
2026-07-09 22:00:00,22,3,San Jose Centro,25.4,65,6.7,9.9331,-84.0792,6.0,5.2,7.9,47.0,9.9358,-84.0558,9.9567,-84.1132,824.0,1092.0,1.325242718446602,1.325242718446602,Moderado
2026-07-09 23:00:00,23,3,San Jose Centro,24.4,69,4.9,9.9331,-84.0792,7.8,6.9,14.7,34.0,9.9358,-84.0558,9.9567,-84.1132,824.0,1245.0,1.5109223300970873,1.5109223300970873,Moderado
2026-07-10 00:00:00,0,4,San Jose Centro,23.7,70,6.5,9.9331,-84.0792,11.6,9.7,13.3,34.0,9.9358,-84.0558,9.9567,-84.1132,824.0,1031.0,1.2512135922330097,1.2512135922330097,Leve
2026-07-10 01:00:00,1,4,San Jose Centro,22.9,73,6.6,9.9331,-84.0792,10.4,9.2,13.3,31.0,9.9358,-84.0558,9.9567,-84.1132,824.0,837.0,1.0157766990291262,1.0157766990291262,Leve
2026-07-10 02:00:00,2,4,San Jose Centro,22.3,75,7.4,9.9331,-84.0792,8.2,7.2,13.2,27.0,9.9358,-84.0558,9.9567,-84.1132,824.0,813.0,0.9866504854368932,1.0,Fluido
2026-07-10 03:00:00,3,4,San Jose Centro,21.9,77,8.7,9.9331,-84.0792,6.6,5.7,12.8,24.0,9.9358,-84.0558,9.9567,-84.1132,824.0,791.0,0.9599514563106796,1.0,Fluido
2026-07-10 04:00:00,4,4,San Jose Centro,21.6,78,9.3,9.9331,-84.0792,6.4,5.6,12.0,24.0,9.9358,-84.0558,9.9567,-84.1132,824.0,776.0,0.941747572815534,1.0,Fluido
2026-07-10 05:00:00,5,4,San Jose Centro,21.0,81,9.6,9.9331,-84.0792,5.0,4.3,10.9,25.0,9.9358,-84.0558,9.9567,-84.1132,824.0,717.0,0.8701456310679612,1.0,Fluido
2026-07-10 06:00:00,6,4,San Jose Centro,20.9,80,8.5,9.9331,-84.0792,4.6,3.9,9.6,26.0,9.9358,-84.0558,9.9567,-84.1132,824.0,691.0,0.8385922330097088,1.0,Fluido
2026-07-10 07:00:00,7,4,San Jose Centro,20.7,80,9.4,9.9331,-84.0792,4.9,4.1,7.8,29.0,9.9358,-84.0558,9.9567,-84.1132,824.0,666.0,0.808252427184466,1.0,Fluido
2026-07-10 08:00:00,8,4,San Jose Centro,20.4,81,9.2,9.9331,-84.0792,5.2,4.1,5.9,32.0,9.9358,-84.0558,9.9567,-84.1132,824.0,628.0,0.7621359223300971,1.0,Fluido
2026-07-10 09:00:00,9,4,San Jose Centro,20.6,79,8.3,9.9331,-84.0792,5.4,4.3,4.9,33.0,9.9358,-84.0558,9.9567,-84.1132,824.0,641.0,0.7779126213592233,1.0,Fluido
2026-07-10 10:00:00,10,4,San Jose Centro,20.6,80,8.4,9.9331,-84.0792,5.9,4.7,5.9,30.0,9.9358,-84.0558,9.9567,-84.1132,824.0,674.0,0.8179611650485437,1.0,Fluido
2026-07-10 11:00:00,11,4,San Jose Centro,20.6,80,9.2,9.9331,-84.0792,6.9,5.4,7.8,24.0,9.9358,-84.0558,9.9567,-84.1132,824.0,741.0,0.8992718446601942,1.0,Fluido
2026-07-10 12:00:00,12,4,San Jose Centro,21.0,80,7.6,9.9331,-84.0792,6.2,5.1,8.2,26.0,9.9358,-84.0558,9.9567,-84.1132,824.0,887.0,1.0764563106796117,1.0764563106796117,Leve
2026-07-10 13:00:00,13,4,San Jose Centro,22.1,74,8.1,9.9331,-84.0792,6.4,5.5,7.4,34.0,9.9358,-84.0558,9.9567,-84.1132,824.0,977.0,1.1856796116504855,1.1856796116504855,Leve
2026-07-10 14:00:00,14,4,San Jose Centro,24.3,65,7.0,9.9331,-84.0792,6.6,5.6,6.3,46.0,9.9358,-84.0558,9.9567,-84.1132,824.0,970.0,1.1771844660194175,1.1771844660194175,Leve
2026-07-10 15:00:00,15,4,San Jose Centro,26.0,60,3.5,9.9331,-84.0792,5.8,4.9,5.2,55.0,9.9358,-84.0558,9.9567,-84.1132,824.0,1005.0,1.2196601941747574,1.2196601941747574,Leve
2026-07-10 16:00:00,16,4,San Jose Centro,26.3,60,3.1,9.9331,-84.0792,4.9,4.0,4.0,58.0,9.9358,-84.0558,9.9567,-84.1132,824.0,970.0,1.1771844660194175,1.1771844660194175,Leve
2026-07-10 17:00:00,17,4,San Jose Centro,24.4,68,3.8,9.9331,-84.0792,4.7,3.8,2.9,58.0,9.9358,-84.0558,9.9567,-84.1132,824.0,1001.0,1.2148058252427185,1.2148058252427185,Leve
2026-07-10 18:00:00,18,4,San Jose Centro,25.8,62,3.2,9.9331,-84.0792,4.4,3.7,2.7,58.0,9.9358,-84.0558,9.9567,-84.1132,824.0,1021.0,1.2390776699029127,1.2390776699029127,Leve
2026-07-10 19:00:00,19,4,San Jose Centro,22.8,76,4.4,9.9331,-84.0792,5.1,4.5,3.7,58.0,9.9358,-84.0558,9.9567,-84.1132,824.0,1054.0,1.279126213592233,1.279126213592233,Leve
2026-07-10 20:00:00,20,4,San Jose Centro,22.4,81,0.2,9.9331,-84.0792,7.2,6.7,5.6,58.0,9.9358,-84.0558,9.9567,-84.1132,824.0,1069.0,1.2973300970873787,1.2973300970873787,Leve
2026-07-10 21:00:00,21,4,San Jose Centro,23.2,79,1.0,9.9331,-84.0792,6.5,6.1,8.6,54.0,9.9358,-84.0558,9.9567,-84.1132,824.0,1060.0,1.2864077669902914,1.2864077669902914,Leve
2026-07-10 22:00:00,22,4,San Jose Centro,23.6,76,1.9,9.9331,-84.0792,7.4,7.1,14.0,43.0,9.9358,-84.0558,9.9567,-84.1132,824.0,1089.0,1.3216019417475728,1.3216019417475728,Moderado
2026-07-10 23:00:00,23,4,San Jose Centro,23.5,75,2.2,9.9331,-84.0792,7.9,7.8,20.6,28.0,9.9358,-84.0558,9.9567,-84.1132,824.0,1172.0,1.4223300970873787,1.4223300970873787,Moderado
2026-07-11 00:00:00,0,5,San Jose Centro,22.6,75,9.7,9.9331,-84.0792,6.5,6.0,16.5,26.0,9.9358,-84.0558,9.9567,-84.1132,824.0,967.0,1.1735436893203883,1.1735436893203883,Leve
2026-07-11 01:00:00,1,5,San Jose Centro,21.9,78,7.9,9.9331,-84.0792,4.0,3.8,16.7,23.0,9.9358,-84.0558,9.9567,-84.1132,824.0,817.0,0.991504854368932,1.0,Fluido
2026-07-11 02:00:00,2,5,San Jose Centro,21.7,78,2.0,9.9331,-84.0792,5.0,4.7,16.9,18.0,9.9358,-84.0558,9.9567,-84.1132,824.0,803.0,0.9745145631067961,1.0,Fluido
2026-07-11 03:00:00,3,5,San Jose Centro,21.6,80,5.8,9.9331,-84.0792,6.2,5.8,16.7,15.0,9.9358,-84.0558,9.9567,-84.1132,824.0,797.0,0.9672330097087378,1.0,Fluido
2026-07-11 04:00:00,4,5,San Jose Centro,21.3,82,7.0,9.9331,-84.0792,6.8,6.3,15.9,15.0,9.9358,-84.0558,9.9567,-84.1132,824.0,765.0,0.9283980582524272,1.0,Fluido
2026-07-11 05:00:00,5,5,San Jose Centro,21.2,82,6.7,9.9331,-84.0792,7.7,7.1,14.7,16.0,9.9358,-84.0558,9.9567,-84.1132,824.0,737.0,0.8944174757281553,1.0,Fluido
2026-07-11 06:00:00,6,5,San Jose Centro,20.5,89,5.4,9.9331,-84.0792,8.0,7.2,13.6,17.0,9.9358,-84.0558,9.9567,-84.1132,824.0,713.0,0.8652912621359223,1.0,Fluido
2026-07-11 07:00:00,7,5,San Jose Centro,20.1,90,5.9,9.9331,-84.0792,7.7,7.0,12.8,16.0,9.9358,-84.0558,9.9567,-84.1132,824.0,685.0,0.8313106796116505,1.0,Fluido
2026-07-11 08:00:00,8,5,San Jose Centro,19.4,93,5.6,9.9331,-84.0792,7.4,6.5,12.2,14.0,9.9358,-84.0558,9.9567,-84.1132,824.0,662.0,0.8033980582524272,1.0,Fluido
2026-07-11 09:00:00,9,5,San Jose Centro,19.2,93,6.5,9.9331,-84.0792,7.3,6.5,11.6,14.0,9.9358,-84.0558,9.9567,-84.1132,824.0,637.0,0.7730582524271845,1.0,Fluido
2026-07-11 10:00:00,10,5,San Jose Centro,19.1,90,9.7,9.9331,-84.0792,7.4,6.4,11.1,15.0,9.9358,-84.0558,9.9567,-84.1132,824.0,657.0,0.7973300970873787,1.0,Fluido
2026-07-11 11:00:00,11,5,San Jose Centro,19.0,88,10.1,9.9331,-84.0792,7.6,6.4,10.6,18.0,9.9358,-84.0558,9.9567,-84.1132,824.0,702.0,0.8519417475728155,1.0,Fluido
2026-07-11 12:00:00,12,5,San Jose Centro,19.9,83,8.5,9.9331,-84.0792,4.0,3.6,8.4,30.0,9.9358,-84.0558,9.9567,-84.1132,824.0,733.0,0.8895631067961165,1.0,Fluido
2026-07-11 13:00:00,13,5,San Jose Centro,21.0,78,8.2,9.9331,-84.0792,5.5,5.1,7.2,39.0,9.9358,-84.0558,9.9567,-84.1132,824.0,724.0,0.8786407766990292,1.0,Fluido
2026-07-11 14:00:00,14,5,San Jose Centro,22.6,73,6.8,9.9331,-84.0792,6.2,5.9,5.6,52.0,9.9358,-84.0558,9.9567,-84.1132,824.0,765.0,0.9283980582524272,1.0,Fluido
2026-07-11 15:00:00,15,5,San Jose Centro,24.7,65,5.2,9.9331,-84.0792,4.4,4.2,4.2,61.0,9.9358,-84.0558,9.9567,-84.1132,824.0,833.0,1.0109223300970873,1.0109223300970873,Leve
2026-07-11 16:00:00,16,5,San Jose Centro,25.1,64,6.0,9.9331,-84.0792,4.5,4.3,3.2,64.0,9.9358,-84.0558,9.9567,-84.1132,824.0,848.0,1.029126213592233,1.029126213592233,Leve
2026-07-11 17:00:00,17,5,San Jose Centro,26.6,59,2.6,9.9331,-84.0792,3.6,3.3,2.5,65.0,9.9358,-84.0558,9.9567,-84.1132,824.0,867.0,1.0521844660194175,1.0521844660194175,Leve
2026-07-11 18:00:00,18,5,San Jose Centro,26.4,58,2.4,9.9331,-84.0792,3.2,3.0,2.4,63.0,9.9358,-84.0558,9.9567,-84.1132,824.0,1030.0,1.25,1.25,Leve
2026-07-11 19:00:00,19,5,San Jose Centro,23.3,71,4.7,9.9331,-84.0792,5.0,4.6,2.7,60.0,9.9358,-84.0558,9.9567,-84.1132,824.0,1024.0,1.2427184466019416,1.2427184466019416,Leve
2026-07-11 20:00:00,20,5,San Jose Centro,22.8,78,3.6,9.9331,-84.0792,4.6,4.1,3.6,55.0,9.9358,-84.0558,9.9567,-84.1132,824.0,1063.0,1.2900485436893203,1.2900485436893203,Leve
2026-07-11 21:00:00,21,5,San Jose Centro,22.9,77,2.8,9.9331,-84.0792,4.2,3.9,5.5,49.0,9.9358,-84.0558,9.9567,-84.1132,824.0,943.0,1.1444174757281553,1.1444174757281553,Leve
2026-07-11 22:00:00,22,5,San Jose Centro,22.6,77,1.5,9.9331,-84.0792,4.9,4.7,9.9,40.0,9.9358,-84.0558,9.9567,-84.1132,824.0,822.0,0.9975728155339806,1.0,Fluido
2026-07-11 23:00:00,23,5,San Jose Centro,21.8,82,2.2,9.9331,-84.0792,6.9,6.7,15.3,29.0,9.9358,-84.0558,9.9567,-84.1132,824.0,833.0,1.0109223300970873,1.0109223300970873,Leve
2026-07-12 00:00:00,0,6,San Jose Centro,21.8,77,6.2,9.9331,-84.0792,6.7,6.0,11.5,34.0,9.9358,-84.0558,9.9567,-84.1132,824.0,848.0,1.029126213592233,1.029126213592233,Leve
2026-07-12 01:00:00,1,6,San Jose Centro,21.2,80,8.0,9.9331,-84.0792,6.2,5.4,11.3,30.0,9.9358,-84.0558,9.9567,-84.1132,824.0,793.0,0.962378640776699,1.0,Fluido
2026-07-12 02:00:00,2,6,San Jose Centro,21.0,81,8.2,9.9331,-84.0792,7.0,6.4,10.9,26.0,9.9358,-84.0558,9.9567,-84.1132,824.0,775.0,0.9405339805825242,1.0,Fluido
2026-07-12 03:00:00,3,6,San Jose Centro,20.7,81,8.5,9.9331,-84.0792,7.0,6.3,10.3,23.0,9.9358,-84.0558,9.9567,-84.1132,824.0,783.0,0.9502427184466019,1.0,Fluido
2026-07-12 04:00:00,4,6,San Jose Centro,20.6,81,7.6,9.9331,-84.0792,6.9,6.2,9.1,25.0,9.9358,-84.0558,9.9567,-84.1132,824.0,759.0,0.9211165048543689,1.0,Fluido
2026-07-12 05:00:00,5,6,San Jose Centro,20.2,81,8.3,9.9331,-84.0792,6.9,6.0,7.6,29.0,9.9358,-84.0558,9.9567,-84.1132,824.0,744.0,0.9029126213592233,1.0,Fluido
2026-07-12 06:00:00,6,6,San Jose Centro,19.9,81,8.5,9.9331,-84.0792,6.0,5.1,6.4,32.0,9.9358,-84.0558,9.9567,-84.1132,824.0,704.0,0.8543689320388349,1.0,Fluido
2026-07-12 07:00:00,7,6,San Jose Centro,19.8,80,8.0,9.9331,-84.0792,5.9,4.7,5.7,33.0,9.9358,-84.0558,9.9567,-84.1132,824.0,676.0,0.8203883495145631,1.0,Fluido
2026-07-12 08:00:00,8,6,San Jose Centro,19.6,80,7.9,9.9331,-84.0792,5.8,4.7,5.3,33.0,9.9358,-84.0558,9.9567,-84.1132,824.0,663.0,0.8046116504854369,1.0,Fluido
2026-07-12 09:00:00,9,6,San Jose Centro,19.6,80,8.6,9.9331,-84.0792,6.1,5.0,5.2,32.0,9.9358,-84.0558,9.9567,-84.1132,824.0,635.0,0.7706310679611651,1.0,Fluido
2026-07-12 10:00:00,10,6,San Jose Centro,19.7,80,8.1,9.9331,-84.0792,6.4,5.2,5.8,28.0,9.9358,-84.0558,9.9567,-84.1132,824.0,644.0,0.7815533980582524,1.0,Fluido
2026-07-12 11:00:00,11,6,San Jose Centro,19.4,82,7.7,9.9331,-84.0792,7.1,5.8,6.7,24.0,9.9358,-84.0558,9.9567,-84.1132,824.0,672.0,0.8155339805825242,1.0,Fluido
2026-07-12 12:00:00,12,6,San Jose Centro,19.6,85,9.7,9.9331,-84.0792,5.6,4.3,6.8,30.0,9.9358,-84.0558,9.9567,-84.1132,824.0,708.0,0.8592233009708737,1.0,Fluido
2026-07-12 13:00:00,13,6,San Jose Centro,20.5,78,8.0,9.9331,-84.0792,8.9,6.4,5.9,38.0,9.9358,-84.0558,9.9567,-84.1132,824.0,690.0,0.837378640776699,1.0,Fluido
2026-07-12 14:00:00,14,6,San Jose Centro,21.9,73,5.8,9.9331,-84.0792,13.7,9.3,4.8,49.0,9.9358,-84.0558,9.9567,-84.1132,824.0,711.0,0.8628640776699029,1.0,Fluido
2026-07-12 15:00:00,15,6,San Jose Centro,23.7,66,6.1,9.9331,-84.0792,15.9,8.9,3.7,57.0,9.9358,-84.0558,9.9567,-84.1132,824.0,714.0,0.866504854368932,1.0,Fluido
2026-07-12 16:00:00,16,6,San Jose Centro,24.7,61,6.6,9.9331,-84.0792,19.6,10.3,2.9,60.0,9.9358,-84.0558,9.9567,-84.1132,824.0,722.0,0.8762135922330098,1.0,Fluido
2026-07-12 17:00:00,17,6,San Jose Centro,25.8,58,4.5,9.9331,-84.0792,19.0,10.2,2.2,60.0,9.9358,-84.0558,9.9567,-84.1132,824.0,737.0,0.8944174757281553,1.0,Fluido
2026-07-12 18:00:00,18,6,San Jose Centro,25.0,60,6.2,9.9331,-84.0792,18.5,9.3,1.9,59.0,9.9358,-84.0558,9.9567,-84.1132,824.0,763.0,0.9259708737864077,1.0,Fluido
2026-07-12 19:00:00,19,6,San Jose Centro,24.2,64,6.0,9.9331,-84.0792,17.2,8.5,2.0,58.0,9.9358,-84.0558,9.9567,-84.1132,824.0,786.0,0.9538834951456311,1.0,Fluido
2026-07-12 20:00:00,20,6,San Jose Centro,24.3,64,6.4,9.9331,-84.0792,16.0,8.1,2.4,55.0,9.9358,-84.0558,9.9567,-84.1132,824.0,771.0,0.9356796116504854,1.0,Fluido
2026-07-12 21:00:00,21,6,San Jose Centro,24.3,64,6.7,9.9331,-84.0792,15.0,8.1,3.4,51.0,9.9358,-84.0558,9.9567,-84.1132,824.0,764.0,0.9271844660194175,1.0,Fluido
2026-07-12 22:00:00,22,6,San Jose Centro,23.8,67,7.2,9.9331,-84.0792,14.8,9.0,5.1,45.0,9.9358,-84.0558,9.9567,-84.1132,824.0,743.0,0.9016990291262136,1.0,Fluido
2026-07-12 23:00:00,23,6,San Jose Centro,23.0,71,8.2,9.9331,-84.0792,15.5,9.2,7.4,37.0,9.9358,-84.0558,9.9567,-84.1132,824.0,770.0,0.9344660194174758,1.0,Fluido
2026-07-13 00:00:00,0,0,San Jose Centro,22.5,72,5.7,9.9331,-84.0792,8.2,5.0,6.7,36.0,9.9358,-84.0558,9.9567,-84.1132,824.0,814.0,0.9878640776699029,1.0,Fluido
2026-07-13 01:00:00,1,0,San Jose Centro,21.6,74,7.8,9.9331,-84.0792,10.2,7.1,8.6,32.0,9.9358,-84.0558,9.9567,-84.1132,824.0,792.0,0.9611650485436893,1.0,Fluido
2026-07-13 02:00:00,2,0,San Jose Centro,20.9,79,8.7,9.9331,-84.0792,11.6,8.3,11.3,26.0,9.9358,-84.0558,9.9567,-84.1132,824.0,763.0,0.9259708737864077,1.0,Fluido
2026-07-13 03:00:00,3,0,San Jose Centro,20.6,80,8.9,9.9331,-84.0792,13.0,8.7,13.2,22.0,9.9358,-84.0558,9.9567,-84.1132,824.0,770.0,0.9344660194174758,1.0,Fluido
2026-07-13 04:00:00,4,0,San Jose Centro,20.3,81,7.4,9.9331,-84.0792,14.2,9.3,13.7,20.0,9.9358,-84.0558,9.9567,-84.1132,824.0,733.0,0.8895631067961165,1.0,Fluido
2026-07-13 05:00:00,5,0,San Jose Centro,19.9,82,7.7,9.9331,-84.0792,14.4,9.1,13.3,19.0,9.9358,-84.0558,9.9567,-84.1132,824.0,695.0,0.8434466019417476,1.0,Fluido
2026-07-13 06:00:00,6,0,San Jose Centro,19.5,82,7.1,9.9331,-84.0792,14.5,9.3,12.7,18.0,9.9358,-84.0558,9.9567,-84.1132,824.0,675.0,0.8191747572815534,1.0,Fluido
2026-07-13 07:00:00,7,0,San Jose Centro,19.3,80,7.6,9.9331,-84.0792,14.9,9.0,11.7,18.0,9.9358,-84.0558,9.9567,-84.1132,824.0,660.0,0.8009708737864077,1.0,Fluido
2026-07-13 08:00:00,8,0,San Jose Centro,19.3,79,7.0,9.9331,-84.0792,15.0,8.9,10.3,19.0,9.9358,-84.0558,9.9567,-84.1132,824.0,637.0,0.7730582524271845,1.0,Fluido
2026-07-13 09:00:00,9,0,San Jose Centro,19.2,79,7.0,9.9331,-84.0792,15.1,8.9,9.4,20.0,9.9358,-84.0558,9.9567,-84.1132,824.0,649.0,0.787621359223301,1.0,Fluido
2026-07-13 10:00:00,10,0,San Jose Centro,19.1,80,7.3,9.9331,-84.0792,15.6,8.9,9.3,20.0,9.9358,-84.0558,9.9567,-84.1132,824.0,684.0,0.8300970873786407,1.0,Fluido
2026-07-13 11:00:00,11,0,San Jose Centro,19.1,80,8.9,9.9331,-84.0792,15.4,8.7,9.7,20.0,9.9358,-84.0558,9.9567,-84.1132,824.0,760.0,0.9223300970873787,1.0,Fluido
2026-07-13 12:00:00,12,0,San Jose Centro,19.9,81,6.5,9.9331,-84.0792,16.8,9.6,8.9,26.0,9.9358,-84.0558,9.9567,-84.1132,824.0,1133.0,1.375,1.375,Moderado
2026-07-13 13:00:00,13,0,San Jose Centro,21.3,74,5.3,9.9331,-84.0792,16.4,10.1,8.7,29.0,9.9358,-84.0558,9.9567,-84.1132,824.0,1230.0,1.4927184466019416,1.4927184466019416,Moderado
2026-07-13 14:00:00,14,0,San Jose Centro,23.2,67,3.6,9.9331,-84.0792,14.7,9.4,8.4,34.0,9.9358,-84.0558,9.9567,-84.1132,824.0,1106.0,1.3422330097087378,1.3422330097087378,Moderado
2026-07-13 15:00:00,15,0,San Jose Centro,24.6,63,6.3,9.9331,-84.0792,12.0,7.2,7.8,39.0,9.9358,-84.0558,9.9567,-84.1132,824.0,1030.0,1.25,1.25,Leve
2026-07-13 16:00:00,16,0,San Jose Centro,24.6,63,7.3,9.9331,-84.0792,11.8,7.0,6.5,45.0,9.9358,-84.0558,9.9567,-84.1132,824.0,936.0,1.1359223300970873,1.1359223300970873,Leve
2026-07-13 17:00:00,17,0,San Jose Centro,25.8,59,4.2,9.9331,-84.0792,11.1,6.4,4.8,50.0,9.9358,-84.0558,9.9567,-84.1132,824.0,913.0,1.108009708737864,1.108009708737864,Leve
2026-07-13 18:00:00,18,0,San Jose Centro,27.6,48,4.7,9.9331,-84.0792,10.3,6.3,3.8,54.0,9.9358,-84.0558,9.9567,-84.1132,824.0,896.0,1.087378640776699,1.087378640776699,Leve
2026-07-13 19:00:00,19,0,San Jose Centro,23.4,71,5.9,9.9331,-84.0792,8.8,6.2,3.7,54.0,9.9358,-84.0558,9.9567,-84.1132,824.0,889.0,1.078883495145631,1.078883495145631,Leve
2026-07-13 20:00:00,20,0,San Jose Centro,24.1,66,4.9,9.9331,-84.0792,5.5,3.6,4.2,53.0,9.9358,-84.0558,9.9567,-84.1132,824.0,868.0,1.0533980582524272,1.0533980582524272,Leve
2026-07-13 21:00:00,21,0,San Jose Centro,23.6,66,7.7,9.9331,-84.0792,6.1,4.4,5.7,49.0,9.9358,-84.0558,9.9567,-84.1132,824.0,888.0,1.0776699029126213,1.0776699029126213,Leve
2026-07-13 22:00:00,22,0,San Jose Centro,23.3,67,8.9,9.9331,-84.0792,3.8,3.2,8.9,42.0,9.9358,-84.0558,9.9567,-84.1132,824.0,916.0,1.1116504854368932,1.1116504854368932,Leve
2026-07-13 23:00:00,23,0,San Jose Centro,22.8,70,9.0,9.9331,-84.0792,4.5,4.2,13.0,33.0,9.9358,-84.0558,9.9567,-84.1132,824.0,1042.0,1.2645631067961165,1.2645631067961165,Leve
2026-07-14 00:00:00,0,1,San Jose Centro,21.0,75,11.2,9.9331,-84.0792,4.1,2.9,14.1,28.0,9.9358,-84.0558,9.9567,-84.1132,824.0,923.0,1.1201456310679612,1.1201456310679612,Leve
2026-07-14 01:00:00,1,1,San Jose Centro,20.4,73,11.7,9.9331,-84.0792,4.9,4.2,16.6,24.0,9.9358,-84.0558,9.9567,-84.1132,824.0,792.0,0.9611650485436893,1.0,Fluido
2026-07-14 02:00:00,2,1,San Jose Centro,20.3,73,10.7,9.9331,-84.0792,6.4,5.5,19.9,19.0,9.9358,-84.0558,9.9567,-84.1132,824.0,768.0,0.9320388349514563,1.0,Fluido
2026-07-14 03:00:00,3,1,San Jose Centro,19.9,75,10.3,9.9331,-84.0792,7.7,6.6,21.9,15.0,9.9358,-84.0558,9.9567,-84.1132,824.0,771.0,0.9356796116504854,1.0,Fluido
2026-07-14 04:00:00,4,1,San Jose Centro,19.4,78,11.2,9.9331,-84.0792,9.1,8.0,21.5,15.0,9.9358,-84.0558,9.9567,-84.1132,824.0,732.0,0.8883495145631068,1.0,Fluido
2026-07-14 05:00:00,5,1,San Jose Centro,18.9,83,10.6,9.9331,-84.0792,9.5,8.4,19.8,16.0,9.9358,-84.0558,9.9567,-84.1132,824.0,690.0,0.837378640776699,1.0,Fluido
2026-07-14 06:00:00,6,1,San Jose Centro,18.7,80,11.3,9.9331,-84.0792,8.2,7.1,17.5,18.0,9.9358,-84.0558,9.9567,-84.1132,824.0,668.0,0.8106796116504854,1.0,Fluido
2026-07-14 07:00:00,7,1,San Jose Centro,18.6,81,11.2,9.9331,-84.0792,6.9,5.7,14.5,20.0,9.9358,-84.0558,9.9567,-84.1132,824.0,632.0,0.7669902912621359,1.0,Fluido
2026-07-14 08:00:00,8,1,San Jose Centro,18.5,81,10.6,9.9331,-84.0792,6.5,5.2,10.9,23.0,9.9358,-84.0558,9.9567,-84.1132,824.0,656.0,0.7961165048543689,1.0,Fluido
2026-07-14 09:00:00,9,1,San Jose Centro,18.5,82,11.3,9.9331,-84.0792,6.9,5.1,8.6,25.0,9.9358,-84.0558,9.9567,-84.1132,824.0,652.0,0.7912621359223301,1.0,Fluido
2026-07-14 10:00:00,10,1,San Jose Centro,19.0,78,12.1,9.9331,-84.0792,8.0,5.5,8.6,24.0,9.9358,-84.0558,9.9567,-84.1132,824.0,662.0,0.8033980582524272,1.0,Fluido
2026-07-14 11:00:00,11,1,San Jose Centro,19.0,77,11.2,9.9331,-84.0792,9.4,6.5,9.7,22.0,9.9358,-84.0558,9.9567,-84.1132,824.0,738.0,0.8956310679611651,1.0,Fluido
2026-07-14 12:00:00,12,1,San Jose Centro,19.0,80,10.1,9.9331,-84.0792,12.3,9.1,10.6,22.0,9.9358,-84.0558,9.9567,-84.1132,824.0,1117.0,1.3555825242718447,1.3555825242718447,Moderado
2026-07-14 13:00:00,13,1,San Jose Centro,20.4,72,10.8,9.9331,-84.0792,14.3,11.4,9.3,32.0,9.9358,-84.0558,9.9567,-84.1132,824.0,1379.0,1.6735436893203883,1.6735436893203883,Moderado
2026-07-14 14:00:00,14,1,San Jose Centro,23.4,58,10.8,9.9331,-84.0792,14.6,11.0,7.5,46.0,9.9358,-84.0558,9.9567,-84.1132,824.0,1285.0,1.5594660194174756,1.5594660194174756,Moderado
2026-07-14 15:00:00,15,1,San Jose Centro,25.8,53,12.2,9.9331,-84.0792,10.9,7.9,6.1,56.0,9.9358,-84.0558,9.9567,-84.1132,824.0,1182.0,1.4344660194174756,1.4344660194174756,Moderado
2026-07-14 16:00:00,16,1,San Jose Centro,26.8,51,10.7,9.9331,-84.0792,10.9,8.1,5.5,58.0,9.9358,-84.0558,9.9567,-84.1132,824.0,1161.0,1.4089805825242718,1.4089805825242718,Moderado
2026-07-14 17:00:00,17,1,San Jose Centro,27.2,50,8.6,9.9331,-84.0792,9.2,7.1,5.4,56.0,9.9358,-84.0558,9.9567,-84.1132,824.0,985.0,1.1953883495145632,1.1953883495145632,Leve
2026-07-14 18:00:00,18,1,San Jose Centro,26.0,55,8.3,9.9331,-84.0792,7.2,5.8,5.4,54.0,9.9358,-84.0558,9.9567,-84.1132,824.0,969.0,1.1759708737864079,1.1759708737864079,Leve
2026-07-14 19:00:00,19,1,San Jose Centro,25.1,60,11.1,9.9331,-84.0792,6.9,5.7,5.1,56.0,9.9358,-84.0558,9.9567,-84.1132,824.0,918.0,1.1140776699029127,1.1140776699029127,Leve
2026-07-14 20:00:00,20,1,San Jose Centro,24.7,61,8.5,9.9331,-84.0792,7.5,6.5,5.0,59.0,9.9358,-84.0558,9.9567,-84.1132,824.0,922.0,1.1189320388349515,1.1189320388349515,Leve
2026-07-14 21:00:00,21,1,San Jose Centro,24.6,63,10.1,9.9331,-84.0792,8.4,6.9,6.3,58.0,9.9358,-84.0558,9.9567,-84.1132,824.0,929.0,1.1274271844660195,1.1274271844660195,Leve
2026-07-14 22:00:00,22,1,San Jose Centro,24.1,67,13.3,9.9331,-84.0792,8.1,6.5,10.8,50.0,9.9358,-84.0558,9.9567,-84.1132,824.0,1045.0,1.2682038834951457,1.2682038834951457,Leve
2026-07-14 23:00:00,23,1,San Jose Centro,23.0,70,11.7,9.9331,-84.0792,11.6,10.5,16.8,37.0,9.9358,-84.0558,9.9567,-84.1132,824.0,1221.0,1.4817961165048543,1.4817961165048543,Moderado
2026-07-15 00:00:00,0,2,San Jose Centro,22.8,67,11.6,9.9331,-84.0792,7.5,6.5,13.5,29.0,9.9358,-84.0558,9.9567,-84.1132,824.0,978.0,1.1868932038834952,1.1868932038834952,Leve
2026-07-15 01:00:00,1,2,San Jose Centro,21.9,71,12.0,9.9331,-84.0792,9.0,8.3,14.1,26.0,9.9358,-84.0558,9.9567,-84.1132,824.0,806.0,0.9781553398058253,1.0,Fluido
2026-07-15 02:00:00,2,2,San Jose Centro,21.6,73,13.1,9.9331,-84.0792,8.8,7.5,15.0,22.0,9.9358,-84.0558,9.9567,-84.1132,824.0,766.0,0.9296116504854369,1.0,Fluido
2026-07-15 03:00:00,3,2,San Jose Centro,21.4,75,13.0,9.9331,-84.0792,9.3,7.8,15.4,19.0,9.9358,-84.0558,9.9567,-84.1132,824.0,785.0,0.9526699029126213,1.0,Fluido
2026-07-15 04:00:00,4,2,San Jose Centro,21.3,74,13.4,9.9331,-84.0792,10.0,8.7,15.3,17.0,9.9358,-84.0558,9.9567,-84.1132,824.0,749.0,0.9089805825242718,1.0,Fluido
2026-07-15 05:00:00,5,2,San Jose Centro,20.9,75,13.1,9.9331,-84.0792,9.4,7.8,14.7,16.0,9.9358,-84.0558,9.9567,-84.1132,824.0,711.0,0.8628640776699029,1.0,Fluido
2026-07-15 06:00:00,6,2,San Jose Centro,20.7,74,12.7,9.9331,-84.0792,7.7,6.6,13.6,16.0,9.9358,-84.0558,9.9567,-84.1132,824.0,684.0,0.8300970873786407,1.0,Fluido
2026-07-15 07:00:00,7,2,San Jose Centro,20.2,76,11.6,9.9331,-84.0792,5.5,4.5,11.4,19.0,9.9358,-84.0558,9.9567,-84.1132,824.0,643.0,0.7803398058252428,1.0,Fluido
2026-07-15 08:00:00,8,2,San Jose Centro,20.2,76,9.7,9.9331,-84.0792,4.0,3.1,8.6,23.0,9.9358,-84.0558,9.9567,-84.1132,824.0,638.0,0.7742718446601942,1.0,Fluido
2026-07-15 09:00:00,9,2,San Jose Centro,20.3,78,10.2,9.9331,-84.0792,4.0,3.2,6.9,26.0,9.9358,-84.0558,9.9567,-84.1132,824.0,631.0,0.7657766990291263,1.0,Fluido
2026-07-15 10:00:00,10,2,San Jose Centro,20.6,76,12.4,9.9331,-84.0792,4.2,3.4,7.3,23.0,9.9358,-84.0558,9.9567,-84.1132,824.0,660.0,0.8009708737864077,1.0,Fluido
2026-07-15 11:00:00,11,2,San Jose Centro,19.8,79,13.7,9.9331,-84.0792,4.7,3.8,8.7,19.0,9.9358,-84.0558,9.9567,-84.1132,824.0,737.0,0.8944174757281553,1.0,Fluido
2026-07-15 12:00:00,12,2,San Jose Centro,20.7,75,11.3,9.9331,-84.0792,2.5,2.3,8.0,29.0,9.9358,-84.0558,9.9567,-84.1132,824.0,1132.0,1.3737864077669903,1.3737864077669903,Moderado
2026-07-15 13:00:00,13,2,San Jose Centro,21.8,70,11.2,9.9331,-84.0792,3.4,3.2,7.0,37.0,9.9358,-84.0558,9.9567,-84.1132,824.0,1320.0,1.6019417475728155,1.6019417475728155,Moderado
2026-07-15 14:00:00,14,2,San Jose Centro,24.0,63,11.5,9.9331,-84.0792,6.0,5.7,5.6,49.0,9.9358,-84.0558,9.9567,-84.1132,824.0,1219.0,1.479368932038835,1.479368932038835,Moderado
2026-07-15 15:00:00,15,2,San Jose Centro,25.8,57,11.2,9.9331,-84.0792,3.7,3.5,4.4,59.0,9.9358,-84.0558,9.9567,-84.1132,824.0,1120.0,1.3592233009708738,1.3592233009708738,Moderado
2026-07-15 16:00:00,16,2,San Jose Centro,26.7,54,11.3,9.9331,-84.0792,3.7,3.5,3.4,66.0,9.9358,-84.0558,9.9567,-84.1132,824.0,1051.0,1.2754854368932038,1.2754854368932038,Leve
2026-07-15 17:00:00,17,2,San Jose Centro,27.6,51,7.5,9.9331,-84.0792,4.0,3.7,2.7,71.0,9.9358,-84.0558,9.9567,-84.1132,824.0,1006.0,1.220873786407767,1.220873786407767,Leve
2026-07-15 18:00:00,18,2,San Jose Centro,28.2,50,7.8,9.9331,-84.0792,4.3,4.0,2.4,74.0,9.9358,-84.0558,9.9567,-84.1132,824.0,1045.0,1.2682038834951457,1.2682038834951457,Leve
2026-07-15 19:00:00,19,2,San Jose Centro,27.8,52,8.4,9.9331,-84.0792,4.6,4.3,2.3,75.0,9.9358,-84.0558,9.9567,-84.1132,824.0,959.0,1.1638349514563107,1.1638349514563107,Leve
2026-07-15 20:00:00,20,2,San Jose Centro,27.4,52,10.7,9.9331,-84.0792,5.4,5.1,2.7,73.0,9.9358,-84.0558,9.9567,-84.1132,824.0,936.0,1.1359223300970873,1.1359223300970873,Leve
2026-07-15 21:00:00,21,2,San Jose Centro,26.5,56,4.7,9.9331,-84.0792,6.1,5.7,5.2,67.0,9.9358,-84.0558,9.9567,-84.1132,824.0,921.0,1.1177184466019416,1.1177184466019416,Leve
2026-07-15 22:00:00,22,2,San Jose Centro,26.1,57,5.5,9.9331,-84.0792,7.4,6.8,12.2,52.0,9.9358,-84.0558,9.9567,-84.1132,824.0,1041.0,1.2633495145631068,1.2633495145631068,Leve
2026-07-15 23:00:00,23,2,San Jose Centro,25.3,61,7.6,9.9331,-84.0792,10.2,9.5,21.2,33.0,9.9358,-84.0558,9.9567,-84.1132,824.0,1184.0,1.4368932038834952,1.4368932038834952,Moderado
2026-07-16 00:00:00,0,3,San Jose Centro,23.5,68,6.3,9.9331,-84.0792,13.2,11.8,20.9,26.0,9.9358,-84.0558,9.9567,-84.1132,824.0,1004.0,1.2184466019417475,1.2184466019417475,Leve
2026-07-16 01:00:00,1,3,San Jose Centro,22.4,72,6.9,9.9331,-84.0792,14.6,13.6,23.3,19.0,9.9358,-84.0558,9.9567,-84.1132,824.0,820.0,0.9951456310679612,1.0,Fluido
2026-07-16 02:00:00,2,3,San Jose Centro,22.1,73,8.1,9.9331,-84.0792,13.4,12.6,26.5,9.0,9.9358,-84.0558,9.9567,-84.1132,824.0,785.0,0.9526699029126213,1.0,Fluido
2026-07-16 03:00:00,3,3,San Jose Centro,21.9,73,8.8,9.9331,-84.0792,10.3,9.7,27.3,4.0,9.9358,-84.0558,9.9567,-84.1132,824.0,798.0,0.9684466019417476,1.0,Fluido
2026-07-16 04:00:00,4,3,San Jose Centro,21.6,75,10.1,9.9331,-84.0792,8.3,7.7,23.7,7.0,9.9358,-84.0558,9.9567,-84.1132,824.0,752.0,0.912621359223301,1.0,Fluido
2026-07-16 05:00:00,5,3,San Jose Centro,21.2,76,10.7,9.9331,-84.0792,7.5,6.8,17.8,13.0,9.9358,-84.0558,9.9567,-84.1132,824.0,708.0,0.8592233009708737,1.0,Fluido
2026-07-16 06:00:00,6,3,San Jose Centro,21.2,73,9.6,9.9331,-84.0792,6.5,5.6,12.8,19.0,9.9358,-84.0558,9.9567,-84.1132,824.0,674.0,0.8179611650485437,1.0,Fluido
2026-07-16 07:00:00,7,3,San Jose Centro,20.7,75,9.9,9.9331,-84.0792,5.8,4.7,9.6,23.0,9.9358,-84.0558,9.9567,-84.1132,824.0,634.0,0.7694174757281553,1.0,Fluido
2026-07-16 08:00:00,8,3,San Jose Centro,20.7,75,11.5,9.9331,-84.0792,5.4,4.4,7.2,26.0,9.9358,-84.0558,9.9567,-84.1132,824.0,649.0,0.787621359223301,1.0,Fluido
2026-07-16 09:00:00,9,3,San Jose Centro,20.7,73,13.0,9.9331,-84.0792,5.1,4.1,6.0,27.0,9.9358,-84.0558,9.9567,-84.1132,824.0,645.0,0.7827669902912622,1.0,Fluido
2026-07-16 10:00:00,10,3,San Jose Centro,20.4,76,10.6,9.9331,-84.0792,5.0,4.1,6.7,24.0,9.9358,-84.0558,9.9567,-84.1132,824.0,664.0,0.8058252427184466,1.0,Fluido
2026-07-16 11:00:00,11,3,San Jose Centro,20.4,77,10.3,9.9331,-84.0792,5.0,4.2,8.6,19.0,9.9358,-84.0558,9.9567,-84.1132,824.0,752.0,0.912621359223301,1.0,Fluido
2026-07-16 12:00:00,12,3,San Jose Centro,21.1,76,11.6,9.9331,-84.0792,2.5,2.5,8.5,26.0,9.9358,-84.0558,9.9567,-84.1132,824.0,1087.0,1.3191747572815533,1.3191747572815533,Moderado
2026-07-16 13:00:00,13,3,San Jose Centro,22.0,73,13.6,9.9331,-84.0792,4.4,4.2,9.1,29.0,9.9358,-84.0558,9.9567,-84.1132,824.0,1299.0,1.5764563106796117,1.5764563106796117,Moderado
2026-07-16 14:00:00,14,3,San Jose Centro,23.1,69,13.4,9.9331,-84.0792,4.8,4.5,9.8,34.0,9.9358,-84.0558,9.9567,-84.1132,824.0,1180.0,1.4320388349514563,1.4320388349514563,Moderado
2026-07-16 15:00:00,15,3,San Jose Centro,25.6,59,13.8,9.9331,-84.0792,6.2,5.8,9.7,40.0,9.9358,-84.0558,9.9567,-84.1132,824.0,1196.0,1.4514563106796117,1.4514563106796117,Moderado
2026-07-16 16:00:00,16,3,San Jose Centro,27.5,51,11.9,9.9331,-84.0792,5.8,5.3,7.9,50.0,9.9358,-84.0558,9.9567,-84.1132,824.0,1098.0,1.3325242718446602,1.3325242718446602,Moderado
2026-07-16 17:00:00,17,3,San Jose Centro,28.0,49,9.9,9.9331,-84.0792,6.5,5.8,5.3,62.0,9.9358,-84.0558,9.9567,-84.1132,824.0,1028.0,1.2475728155339805,1.2475728155339805,Leve
2026-07-16 18:00:00,18,3,San Jose Centro,28.6,48,11.4,9.9331,-84.0792,6.4,5.6,3.6,70.0,9.9358,-84.0558,9.9567,-84.1132,824.0,972.0,1.1796116504854368,1.1796116504854368,Leve
2026-07-16 19:00:00,19,3,San Jose Centro,27.5,52,11.6,9.9331,-84.0792,7.5,6.5,3.2,71.0,9.9358,-84.0558,9.9567,-84.1132,824.0,1026.0,1.2451456310679612,1.2451456310679612,Leve
2026-07-16 20:00:00,20,3,San Jose Centro,26.1,58,10.9,9.9331,-84.0792,7.9,7.0,3.7,67.0,9.9358,-84.0558,9.9567,-84.1132,824.0,1065.0,1.2924757281553398,1.2924757281553398,Leve
2026-07-16 21:00:00,21,3,San Jose Centro,25.1,61,9.3,9.9331,-84.0792,7.2,6.2,5.5,60.0,9.9358,-84.0558,9.9567,-84.1132,824.0,1030.0,1.25,1.25,Leve
2026-07-16 22:00:00,22,3,San Jose Centro,24.6,64,7.3,9.9331,-84.0792,8.8,8.5,9.8,49.0,9.9358,-84.0558,9.9567,-84.1132,824.0,1092.0,1.325242718446602,1.325242718446602,Moderado
2026-07-16 23:00:00,23,3,San Jose Centro,23.9,67,7.9,9.9331,-84.0792,6.0,5.8,15.3,35.0,9.9358,-84.0558,9.9567,-84.1132,824.0,1245.0,1.5109223300970873,1.5109223300970873,Moderado
2026-07-17 00:00:00,0,4,San Jose Centro,23.4,72,9.7,9.9331,-84.0792,10.5,9.3,14.8,35.0,9.9358,-84.0558,9.9567,-84.1132,824.0,1031.0,1.2512135922330097,1.2512135922330097,Leve
2026-07-17 01:00:00,1,4,San Jose Centro,22.2,77,10.7,9.9331,-84.0792,8.5,7.5,14.0,33.0,9.9358,-84.0558,9.9567,-84.1132,824.0,837.0,1.0157766990291262,1.0157766990291262,Leve
2026-07-17 02:00:00,2,4,San Jose Centro,21.2,85,7.7,9.9331,-84.0792,6.8,6.0,13.0,30.0,9.9358,-84.0558,9.9567,-84.1132,824.0,813.0,0.9866504854368932,1.0,Fluido
2026-07-17 03:00:00,3,4,San Jose Centro,20.7,87,10.1,9.9331,-84.0792,6.1,5.3,12.0,28.0,9.9358,-84.0558,9.9567,-84.1132,824.0,791.0,0.9599514563106796,1.0,Fluido
2026-07-17 04:00:00,4,4,San Jose Centro,20.6,85,11.0,9.9331,-84.0792,5.8,4.9,11.3,27.0,9.9358,-84.0558,9.9567,-84.1132,824.0,776.0,0.941747572815534,1.0,Fluido
2026-07-17 05:00:00,5,4,San Jose Centro,21.1,78,14.0,9.9331,-84.0792,5.7,4.9,10.7,27.0,9.9358,-84.0558,9.9567,-84.1132,824.0,717.0,0.8701456310679612,1.0,Fluido
2026-07-17 06:00:00,6,4,San Jose Centro,20.9,77,12.3,9.9331,-84.0792,6.1,4.7,9.9,27.0,9.9358,-84.0558,9.9567,-84.1132,824.0,691.0,0.8385922330097088,1.0,Fluido
2026-07-17 07:00:00,7,4,San Jose Centro,20.6,78,11.5,9.9331,-84.0792,6.0,4.3,8.4,28.0,9.9358,-84.0558,9.9567,-84.1132,824.0,666.0,0.808252427184466,1.0,Fluido
2026-07-17 08:00:00,8,4,San Jose Centro,20.5,79,11.0,9.9331,-84.0792,5.6,3.8,6.6,30.0,9.9358,-84.0558,9.9567,-84.1132,824.0,628.0,0.7621359223300971,1.0,Fluido
2026-07-17 09:00:00,9,4,San Jose Centro,20.6,79,10.3,9.9331,-84.0792,4.8,3.2,5.5,31.0,9.9358,-84.0558,9.9567,-84.1132,824.0,641.0,0.7779126213592233,1.0,Fluido
2026-07-17 10:00:00,10,4,San Jose Centro,20.6,79,12.2,9.9331,-84.0792,3.2,2.1,5.9,31.0,9.9358,-84.0558,9.9567,-84.1132,824.0,674.0,0.8179611650485437,1.0,Fluido
2026-07-17 11:00:00,11,4,San Jose Centro,20.7,78,14.9,9.9331,-84.0792,2.3,1.6,7.1,32.0,9.9358,-84.0558,9.9567,-84.1132,824.0,741.0,0.8992718446601942,1.0,Fluido
2026-07-17 12:00:00,12,4,San Jose Centro,21.7,77,12.3,9.9331,-84.0792,1.0,1.0,7.7,31.0,9.9358,-84.0558,9.9567,-84.1132,824.0,887.0,1.0764563106796117,1.0764563106796117,Leve
2026-07-17 13:00:00,13,4,San Jose Centro,22.3,74,13.0,9.9331,-84.0792,2.5,2.4,8.4,39.0,9.9358,-84.0558,9.9567,-84.1132,824.0,977.0,1.1856796116504855,1.1856796116504855,Leve
2026-07-17 14:00:00,14,4,San Jose Centro,23.4,69,14.5,9.9331,-84.0792,6.8,6.3,9.4,50.0,9.9358,-84.0558,9.9567,-84.1132,824.0,970.0,1.1771844660194175,1.1771844660194175,Leve
2026-07-17 15:00:00,15,4,San Jose Centro,25.2,62,13.1,9.9331,-84.0792,6.2,5.6,9.5,58.0,9.9358,-84.0558,9.9567,-84.1132,824.0,1005.0,1.2196601941747574,1.2196601941747574,Leve
2026-07-17 16:00:00,16,4,San Jose Centro,26.5,56,13.1,9.9331,-84.0792,5.0,3.3,7.9,61.0,9.9358,-84.0558,9.9567,-84.1132,824.0,970.0,1.1771844660194175,1.1771844660194175,Leve
2026-07-17 17:00:00,17,4,San Jose Centro,26.9,54,14.1,9.9331,-84.0792,5.5,3.9,5.4,60.0,9.9358,-84.0558,9.9567,-84.1132,824.0,1001.0,1.2148058252427185,1.2148058252427185,Leve
2026-07-17 18:00:00,18,4,San Jose Centro,28.3,49,13.5,9.9331,-84.0792,5.4,4.2,3.7,59.0,9.9358,-84.0558,9.9567,-84.1132,824.0,1021.0,1.2390776699029127,1.2390776699029127,Leve
2026-07-17 19:00:00,19,4,San Jose Centro,27.1,55,14.6,9.9331,-84.0792,4.8,3.1,3.3,58.0,9.9358,-84.0558,9.9567,-84.1132,824.0,1054.0,1.279126213592233,1.279126213592233,Leve
2026-07-17 20:00:00,20,4,San Jose Centro,26.3,58,12.8,9.9331,-84.0792,5.1,3.2,3.8,57.0,9.9358,-84.0558,9.9567,-84.1132,824.0,1069.0,1.2973300970873787,1.2973300970873787,Leve
2026-07-17 21:00:00,21,4,San Jose Centro,25.3,62,12.4,9.9331,-84.0792,7.0,5.2,5.0,53.0,9.9358,-84.0558,9.9567,-84.1132,824.0,1060.0,1.2864077669902914,1.2864077669902914,Leve
2026-07-17 22:00:00,22,4,San Jose Centro,24.4,67,12.0,9.9331,-84.0792,6.8,5.8,7.8,46.0,9.9358,-84.0558,9.9567,-84.1132,824.0,1089.0,1.3216019417475728,1.3216019417475728,Moderado
2026-07-17 23:00:00,23,4,San Jose Centro,23.4,71,11.0,9.9331,-84.0792,3.1,2.8,11.3,37.0,9.9358,-84.0558,9.9567,-84.1132,824.0,1172.0,1.4223300970873787,1.4223300970873787,Moderado
2026-07-18 00:00:00,0,5,San Jose Centro,23.0,73,9.0,9.9331,-84.0792,13.2,10.2,15.6,33.0,9.9358,-84.0558,9.9567,-84.1132,824.0,967.0,1.1735436893203883,1.1735436893203883,Leve
2026-07-18 01:00:00,1,5,San Jose Centro,21.9,78,9.9,9.9331,-84.0792,8.3,6.6,13.4,33.0,9.9358,-84.0558,9.9567,-84.1132,824.0,817.0,0.991504854368932,1.0,Fluido
2026-07-18 02:00:00,2,5,San Jose Centro,21.5,79,8.4,9.9331,-84.0792,5.5,4.2,10.3,33.0,9.9358,-84.0558,9.9567,-84.1132,824.0,803.0,0.9745145631067961,1.0,Fluido
2026-07-18 03:00:00,3,5,San Jose Centro,21.3,80,8.0,9.9331,-84.0792,4.0,3.1,7.8,33.0,9.9358,-84.0558,9.9567,-84.1132,824.0,797.0,0.9672330097087378,1.0,Fluido
2026-07-18 04:00:00,4,5,San Jose Centro,21.0,81,8.5,9.9331,-84.0792,4.8,3.5,6.5,33.0,9.9358,-84.0558,9.9567,-84.1132,824.0,765.0,0.9283980582524272,1.0,Fluido
2026-07-18 05:00:00,5,5,San Jose Centro,21.0,80,9.4,9.9331,-84.0792,5.9,3.7,5.8,34.0,9.9358,-84.0558,9.9567,-84.1132,824.0,737.0,0.8944174757281553,1.0,Fluido
2026-07-18 06:00:00,6,5,San Jose Centro,21.2,79,10.6,9.9331,-84.0792,5.4,3.8,5.2,35.0,9.9358,-84.0558,9.9567,-84.1132,824.0,713.0,0.8652912621359223,1.0,Fluido
2026-07-18 07:00:00,7,5,San Jose Centro,20.6,80,9.8,9.9331,-84.0792,5.2,3.5,4.3,39.0,9.9358,-84.0558,9.9567,-84.1132,824.0,685.0,0.8313106796116505,1.0,Fluido
2026-07-18 08:00:00,8,5,San Jose Centro,20.6,79,9.0,9.9331,-84.0792,5.2,3.4,3.4,43.0,9.9358,-84.0558,9.9567,-84.1132,824.0,662.0,0.8033980582524272,1.0,Fluido
2026-07-18 09:00:00,9,5,San Jose Centro,20.4,79,8.7,9.9331,-84.0792,7.2,4.3,3.0,46.0,9.9358,-84.0558,9.9567,-84.1132,824.0,637.0,0.7730582524271845,1.0,Fluido
2026-07-18 10:00:00,10,5,San Jose Centro,20.5,78,9.6,9.9331,-84.0792,5.3,3.4,3.4,45.0,9.9358,-84.0558,9.9567,-84.1132,824.0,657.0,0.7973300970873787,1.0,Fluido
2026-07-18 11:00:00,11,5,San Jose Centro,20.4,79,10.3,9.9331,-84.0792,4.4,2.9,4.3,42.0,9.9358,-84.0558,9.9567,-84.1132,824.0,702.0,0.8519417475728155,1.0,Fluido
2026-07-18 12:00:00,12,5,San Jose Centro,21.2,76,8.8,9.9331,-84.0792,5.0,3.7,5.9,34.0,9.9358,-84.0558,9.9567,-84.1132,824.0,733.0,0.8895631067961165,1.0,Fluido
2026-07-18 13:00:00,13,5,San Jose Centro,21.7,74,8.8,9.9331,-84.0792,4.0,3.3,5.8,38.0,9.9358,-84.0558,9.9567,-84.1132,824.0,724.0,0.8786407766990292,1.0,Fluido
2026-07-18 14:00:00,14,5,San Jose Centro,23.1,69,9.0,9.9331,-84.0792,3.8,3.2,5.7,44.0,9.9358,-84.0558,9.9567,-84.1132,824.0,765.0,0.9283980582524272,1.0,Fluido
2026-07-18 15:00:00,15,5,San Jose Centro,24.5,63,9.4,9.9331,-84.0792,4.7,4.0,5.3,49.0,9.9358,-84.0558,9.9567,-84.1132,824.0,833.0,1.0109223300970873,1.0109223300970873,Leve
2026-07-18 16:00:00,16,5,San Jose Centro,25.7,57,7.9,9.9331,-84.0792,4.4,3.8,4.2,53.0,9.9358,-84.0558,9.9567,-84.1132,824.0,848.0,1.029126213592233,1.029126213592233,Leve
2026-07-18 17:00:00,17,5,San Jose Centro,26.9,53,9.1,9.9331,-84.0792,4.1,3.3,2.9,56.0,9.9358,-84.0558,9.9567,-84.1132,824.0,867.0,1.0521844660194175,1.0521844660194175,Leve
2026-07-18 18:00:00,18,5,San Jose Centro,27.7,49,10.9,9.9331,-84.0792,3.3,2.4,2.2,57.0,9.9358,-84.0558,9.9567,-84.1132,824.0,1030.0,1.25,1.25,Leve
2026-07-18 19:00:00,19,5,San Jose Centro,26.3,55,12.7,9.9331,-84.0792,2.9,2.1,2.3,56.0,9.9358,-84.0558,9.9567,-84.1132,824.0,1024.0,1.2427184466019416,1.2427184466019416,Leve
2026-07-18 20:00:00,20,5,San Jose Centro,25.9,56,11.0,9.9331,-84.0792,3.6,2.8,3.0,53.0,9.9358,-84.0558,9.9567,-84.1132,824.0,1063.0,1.2900485436893203,1.2900485436893203,Leve
2026-07-18 21:00:00,21,5,San Jose Centro,25.9,54,10.6,9.9331,-84.0792,3.3,2.8,4.7,48.0,9.9358,-84.0558,9.9567,-84.1132,824.0,943.0,1.1444174757281553,1.1444174757281553,Leve
2026-07-18 22:00:00,22,5,San Jose Centro,24.3,60,9.2,9.9331,-84.0792,4.6,4.4,8.5,40.0,9.9358,-84.0558,9.9567,-84.1132,824.0,822.0,0.9975728155339806,1.0,Fluido
2026-07-18 23:00:00,23,5,San Jose Centro,22.8,66,8.9,9.9331,-84.0792,4.8,4.5,13.2,31.0,9.9358,-84.0558,9.9567,-84.1132,824.0,833.0,1.0109223300970873,1.0109223300970873,Leve
2026-07-19 00:00:00,0,6,San Jose Centro,22.0,74,8.2,9.9331,-84.0792,9.7,7.2,8.8,38.0,9.9358,-84.0558,9.9567,-84.1132,824.0,848.0,1.029126213592233,1.029126213592233,Leve
2026-07-19 01:00:00,1,6,San Jose Centro,20.9,78,8.5,9.9331,-84.0792,4.8,3.7,8.2,35.0,9.9358,-84.0558,9.9567,-84.1132,824.0,793.0,0.962378640776699,1.0,Fluido
2026-07-19 02:00:00,2,6,San Jose Centro,20.7,77,9.7,9.9331,-84.0792,3.3,2.5,7.3,31.0,9.9358,-84.0558,9.9567,-84.1132,824.0,775.0,0.9405339805825242,1.0,Fluido
2026-07-19 03:00:00,3,6,San Jose Centro,20.3,77,10.4,9.9331,-84.0792,3.0,2.6,6.6,29.0,9.9358,-84.0558,9.9567,-84.1132,824.0,783.0,0.9502427184466019,1.0,Fluido
2026-07-19 04:00:00,4,6,San Jose Centro,20.0,78,9.6,9.9331,-84.0792,3.2,2.6,6.1,29.0,9.9358,-84.0558,9.9567,-84.1132,824.0,759.0,0.9211165048543689,1.0,Fluido
2026-07-19 05:00:00,5,6,San Jose Centro,19.7,80,10.2,9.9331,-84.0792,3.3,2.6,5.7,31.0,9.9358,-84.0558,9.9567,-84.1132,824.0,744.0,0.9029126213592233,1.0,Fluido
2026-07-19 06:00:00,6,6,San Jose Centro,20.7,77,6.8,9.9331,-84.0792,3.0,2.3,5.3,32.0,9.9358,-84.0558,9.9567,-84.1132,824.0,704.0,0.8543689320388349,1.0,Fluido
2026-07-19 07:00:00,7,6,San Jose Centro,20.1,79,8.1,9.9331,-84.0792,1.7,1.3,4.8,33.0,9.9358,-84.0558,9.9567,-84.1132,824.0,676.0,0.8203883495145631,1.0,Fluido
2026-07-19 08:00:00,8,6,San Jose Centro,19.9,80,7.2,9.9331,-84.0792,1.6,1.2,4.2,34.0,9.9358,-84.0558,9.9567,-84.1132,824.0,663.0,0.8046116504854369,1.0,Fluido
2026-07-19 09:00:00,9,6,San Jose Centro,19.6,80,8.5,9.9331,-84.0792,1.8,1.4,3.9,34.0,9.9358,-84.0558,9.9567,-84.1132,824.0,635.0,0.7706310679611651,1.0,Fluido
2026-07-19 10:00:00,10,6,San Jose Centro,19.6,78,9.4,9.9331,-84.0792,2.1,1.6,4.1,34.0,9.9358,-84.0558,9.9567,-84.1132,824.0,644.0,0.7815533980582524,1.0,Fluido
2026-07-19 11:00:00,11,6,San Jose Centro,19.7,77,9.1,9.9331,-84.0792,2.9,2.1,4.5,33.0,9.9358,-84.0558,9.9567,-84.1132,824.0,672.0,0.8155339805825242,1.0,Fluido
2026-07-19 12:00:00,12,6,San Jose Centro,20.0,77,7.6,9.9331,-84.0792,1.9,1.7,5.4,29.0,9.9358,-84.0558,9.9567,-84.1132,824.0,708.0,0.8592233009708737,1.0,Fluido
2026-07-19 13:00:00,13,6,San Jose Centro,20.5,76,7.1,9.9331,-84.0792,6.2,4.3,4.8,34.0,9.9358,-84.0558,9.9567,-84.1132,824.0,690.0,0.837378640776699,1.0,Fluido
2026-07-19 14:00:00,14,6,San Jose Centro,22.3,68,7.8,9.9331,-84.0792,8.1,5.2,3.9,40.0,9.9358,-84.0558,9.9567,-84.1132,824.0,711.0,0.8628640776699029,1.0,Fluido
2026-07-19 15:00:00,15,6,San Jose Centro,23.4,64,8.4,9.9331,-84.0792,10.1,6.2,3.1,45.0,9.9358,-84.0558,9.9567,-84.1132,824.0,714.0,0.866504854368932,1.0,Fluido
2026-07-19 16:00:00,16,6,San Jose Centro,24.1,63,8.2,9.9331,-84.0792,10.8,6.5,2.4,48.0,9.9358,-84.0558,9.9567,-84.1132,824.0,722.0,0.8762135922330098,1.0,Fluido
2026-07-19 17:00:00,17,6,San Jose Centro,25.7,55,9.4,9.9331,-84.0792,11.2,6.4,1.7,49.0,9.9358,-84.0558,9.9567,-84.1132,824.0,737.0,0.8944174757281553,1.0,Fluido
2026-07-19 18:00:00,18,6,San Jose Centro,25.8,54,9.5,9.9331,-84.0792,11.2,6.4,1.3,50.0,9.9358,-84.0558,9.9567,-84.1132,824.0,763.0,0.9259708737864077,1.0,Fluido
2026-07-19 19:00:00,19,6,San Jose Centro,25.8,53,9.6,9.9331,-84.0792,10.7,6.3,1.2,50.0,9.9358,-84.0558,9.9567,-84.1132,824.0,786.0,0.9538834951456311,1.0,Fluido
2026-07-19 20:00:00,20,6,San Jose Centro,25.8,52,11.0,9.9331,-84.0792,10.3,6.4,1.4,49.0,9.9358,-84.0558,9.9567,-84.1132,824.0,771.0,0.9356796116504854,1.0,Fluido
2026-07-19 21:00:00,21,6,San Jose Centro,24.2,60,13.5,9.9331,-84.0792,9.6,6.1,2.2,46.0,9.9358,-84.0558,9.9567,-84.1132,824.0,764.0,0.9271844660194175,1.0,Fluido
2026-07-19 22:00:00,22,6,San Jose Centro,23.1,65,13.0,9.9331,-84.0792,8.8,5.9,3.9,40.0,9.9358,-84.0558,9.9567,-84.1132,824.0,743.0,0.9016990291262136,1.0,Fluido
2026-07-19 23:00:00,23,6,San Jose Centro,22.0,71,10.6,9.9331,-84.0792,8.2,5.8,6.0,33.0,9.9358,-84.0558,9.9567,-84.1132,824.0,770.0,0.9344660194174758,1.0,Fluido
2026-07-20 00:00:00,0,0,San Jose Centro,21.8,72,7.6,9.9331,-84.0792,6.6,5.2,6.3,32.0,9.9358,-84.0558,9.9567,-84.1132,824.0,814.0,0.9878640776699029,1.0,Fluido
2026-07-20 01:00:00,1,0,San Jose Centro,20.9,76,10.1,9.9331,-84.0792,5.0,4.3,7.9,28.0,9.9358,-84.0558,9.9567,-84.1132,824.0,792.0,0.9611650485436893,1.0,Fluido
2026-07-20 02:00:00,2,0,San Jose Centro,20.4,77,9.5,9.9331,-84.0792,3.7,3.4,10.1,23.0,9.9358,-84.0558,9.9567,-84.1132,824.0,763.0,0.9259708737864077,1.0,Fluido
2026-07-20 03:00:00,3,0,San Jose Centro,20.1,79,8.5,9.9331,-84.0792,3.7,3.4,11.4,20.0,9.9358,-84.0558,9.9567,-84.1132,824.0,770.0,0.9344660194174758,1.0,Fluido
2026-07-20 04:00:00,4,0,San Jose Centro,19.1,94,7.4,9.9331,-84.0792,3.7,3.5,11.1,19.0,9.9358,-84.0558,9.9567,-84.1132,824.0,733.0,0.8895631067961165,1.0,Fluido
2026-07-20 05:00:00,5,0,San Jose Centro,19.2,94,7.5,9.9331,-84.0792,2.9,2.7,10.0,20.0,9.9358,-84.0558,9.9567,-84.1132,824.0,695.0,0.8434466019417476,1.0,Fluido
2026-07-20 06:00:00,6,0,San Jose Centro,19.0,93,8.1,9.9331,-84.0792,2.1,2.0,8.7,22.0,9.9358,-84.0558,9.9567,-84.1132,824.0,675.0,0.8191747572815534,1.0,Fluido
2026-07-20 07:00:00,7,0,San Jose Centro,18.5,92,9.4,9.9331,-84.0792,1.0,1.0,7.3,24.0,9.9358,-84.0558,9.9567,-84.1132,824.0,660.0,0.8009708737864077,1.0,Fluido
2026-07-20 08:00:00,8,0,San Jose Centro,18.5,92,8.1,9.9331,-84.0792,0.9,0.8,5.7,27.0,9.9358,-84.0558,9.9567,-84.1132,824.0,637.0,0.7730582524271845,1.0,Fluido
2026-07-20 09:00:00,9,0,San Jose Centro,18.3,96,7.5,9.9331,-84.0792,0.7,0.7,4.9,29.0,9.9358,-84.0558,9.9567,-84.1132,824.0,649.0,0.787621359223301,1.0,Fluido
2026-07-20 10:00:00,10,0,San Jose Centro,18.3,94,8.6,9.9331,-84.0792,0.8,0.7,5.5,28.0,9.9358,-84.0558,9.9567,-84.1132,824.0,684.0,0.8300970873786407,1.0,Fluido
2026-07-20 11:00:00,11,0,San Jose Centro,18.5,92,10.4,9.9331,-84.0792,0.9,0.9,6.9,26.0,9.9358,-84.0558,9.9567,-84.1132,824.0,760.0,0.9223300970873787,1.0,Fluido
2026-07-20 12:00:00,12,0,San Jose Centro,18.6,93,11.9,9.9331,-84.0792,3.4,2.6,6.7,36.0,9.9358,-84.0558,9.9567,-84.1132,824.0,1133.0,1.375,1.375,Moderado
2026-07-20 13:00:00,13,0,San Jose Centro,18.8,93,12.5,9.9331,-84.0792,2.1,1.9,7.9,36.0,9.9358,-84.0558,9.9567,-84.1132,824.0,1230.0,1.4927184466019416,1.4927184466019416,Moderado
2026-07-20 14:00:00,14,0,San Jose Centro,18.9,93,11.6,9.9331,-84.0792,2.5,2.4,9.4,36.0,9.9358,-84.0558,9.9567,-84.1132,824.0,1106.0,1.3422330097087378,1.3422330097087378,Moderado
2026-07-20 15:00:00,15,0,San Jose Centro,19.3,92,12.1,9.9331,-84.0792,2.2,2.2,10.4,37.0,9.9358,-84.0558,9.9567,-84.1132,824.0,1030.0,1.25,1.25,Leve
2026-07-20 16:00:00,16,0,San Jose Centro,20.2,89,10.8,9.9331,-84.0792,3.3,3.2,10.1,38.0,9.9358,-84.0558,9.9567,-84.1132,824.0,936.0,1.1359223300970873,1.1359223300970873,Leve
2026-07-20 17:00:00,17,0,San Jose Centro,20.8,89,10.3,9.9331,-84.0792,3.1,3.1,9.1,40.0,9.9358,-84.0558,9.9567,-84.1132,824.0,913.0,1.108009708737864,1.108009708737864,Leve
2026-07-20 18:00:00,18,0,San Jose Centro,22.3,83,9.1,9.9331,-84.0792,2.4,2.4,8.8,40.0,9.9358,-84.0558,9.9567,-84.1132,824.0,896.0,1.087378640776699,1.087378640776699,Leve
2026-07-20 19:00:00,19,0,San Jose Centro,21.7,83,9.9,9.9331,-84.0792,3.1,3.1,9.7,39.0,9.9358,-84.0558,9.9567,-84.1132,824.0,889.0,1.078883495145631,1.078883495145631,Leve
2026-07-20 20:00:00,20,0,San Jose Centro,21.4,86,9.7,9.9331,-84.0792,3.3,3.3,11.3,36.0,9.9358,-84.0558,9.9567,-84.1132,824.0,868.0,1.0533980582524272,1.0533980582524272,Leve
2026-07-20 21:00:00,21,0,San Jose Centro,21.3,88,9.7,9.9331,-84.0792,3.9,3.9,12.8,34.0,9.9358,-84.0558,9.9567,-84.1132,824.0,888.0,1.0776699029126213,1.0776699029126213,Leve
2026-07-20 22:00:00,22,0,San Jose Centro,20.6,92,10.8,9.9331,-84.0792,2.3,2.2,14.3,32.0,9.9358,-84.0558,9.9567,-84.1132,824.0,916.0,1.1116504854368932,1.1116504854368932,Leve
2026-07-20 23:00:00,23,0,San Jose Centro,20.0,94,11.2,9.9331,-84.0792,4.3,4.2,15.8,29.0,9.9358,-84.0558,9.9567,-84.1132,824.0,1042.0,1.2645631067961165,1.2645631067961165,Leve
2026-07-21 00:00:00,0,1,San Jose Centro,20.1,94,5.7,9.9331,-84.0792,5.6,4.8,15.4,32.0,9.9358,-84.0558,9.9567,-84.1132,824.0,923.0,1.1201456310679612,1.1201456310679612,Leve
2026-07-21 01:00:00,1,1,San Jose Centro,19.8,94,5.9,9.9331,-84.0792,3.5,3.2,15.1,30.0,9.9358,-84.0558,9.9567,-84.1132,824.0,792.0,0.9611650485436893,1.0,Fluido
2026-07-21 02:00:00,2,1,San Jose Centro,19.3,95,6.7,9.9331,-84.0792,2.8,2.6,14.7,27.0,9.9358,-84.0558,9.9567,-84.1132,824.0,768.0,0.9320388349514563,1.0,Fluido
2026-07-21 03:00:00,3,1,San Jose Centro,19.0,93,6.9,9.9331,-84.0792,2.7,2.6,14.6,24.0,9.9358,-84.0558,9.9567,-84.1132,824.0,771.0,0.9356796116504854,1.0,Fluido
2026-07-21 04:00:00,4,1,San Jose Centro,18.6,93,8.8,9.9331,-84.0792,2.4,2.3,15.3,20.0,9.9358,-84.0558,9.9567,-84.1132,824.0,732.0,0.8883495145631068,1.0,Fluido
2026-07-21 05:00:00,5,1,San Jose Centro,18.2,92,8.9,9.9331,-84.0792,2.5,2.4,16.3,17.0,9.9358,-84.0558,9.9567,-84.1132,824.0,690.0,0.837378640776699,1.0,Fluido
2026-07-21 06:00:00,6,1,San Jose Centro,18.1,92,8.3,9.9331,-84.0792,2.9,2.8,16.3,15.0,9.9358,-84.0558,9.9567,-84.1132,824.0,668.0,0.8106796116504854,1.0,Fluido
2026-07-21 07:00:00,7,1,San Jose Centro,17.6,91,9.0,9.9331,-84.0792,3.1,2.8,14.3,16.0,9.9358,-84.0558,9.9567,-84.1132,824.0,632.0,0.7669902912621359,1.0,Fluido
2026-07-21 08:00:00,8,1,San Jose Centro,17.4,89,9.2,9.9331,-84.0792,3.2,2.9,11.3,20.0,9.9358,-84.0558,9.9567,-84.1132,824.0,656.0,0.7961165048543689,1.0,Fluido
2026-07-21 09:00:00,9,1,San Jose Centro,17.8,87,9.0,9.9331,-84.0792,3.1,2.8,9.2,22.0,9.9358,-84.0558,9.9567,-84.1132,824.0,652.0,0.7912621359223301,1.0,Fluido
2026-07-21 10:00:00,10,1,San Jose Centro,17.7,86,9.4,9.9331,-84.0792,3.2,2.9,9.3,20.0,9.9358,-84.0558,9.9567,-84.1132,824.0,662.0,0.8033980582524272,1.0,Fluido
2026-07-21 11:00:00,11,1,San Jose Centro,17.5,86,10.1,9.9331,-84.0792,3.6,3.3,10.2,17.0,9.9358,-84.0558,9.9567,-84.1132,824.0,738.0,0.8956310679611651,1.0,Fluido
2026-07-21 12:00:00,12,1,San Jose Centro,18.8,85,10.5,9.9331,-84.0792,2.9,2.8,8.8,29.0,9.9358,-84.0558,9.9567,-84.1132,824.0,1117.0,1.3555825242718447,1.3555825242718447,Moderado
2026-07-21 13:00:00,13,1,San Jose Centro,20.1,79,11.0,9.9331,-84.0792,3.9,3.8,7.7,39.0,9.9358,-84.0558,9.9567,-84.1132,824.0,1379.0,1.6735436893203883,1.6735436893203883,Moderado
2026-07-21 14:00:00,14,1,San Jose Centro,21.7,72,11.0,9.9331,-84.0792,4.0,3.9,6.2,52.0,9.9358,-84.0558,9.9567,-84.1132,824.0,1285.0,1.5594660194174756,1.5594660194174756,Moderado
2026-07-21 15:00:00,15,1,San Jose Centro,22.6,69,10.3,9.9331,-84.0792,3.1,2.9,5.0,63.0,9.9358,-84.0558,9.9567,-84.1132,824.0,1182.0,1.4344660194174756,1.4344660194174756,Moderado
2026-07-21 16:00:00,16,1,San Jose Centro,23.0,67,9.2,9.9331,-84.0792,2.5,2.3,4.1,69.0,9.9358,-84.0558,9.9567,-84.1132,824.0,1161.0,1.4089805825242718,1.4089805825242718,Moderado
2026-07-21 17:00:00,17,1,San Jose Centro,24.1,63,7.7,9.9331,-84.0792,3.1,2.9,3.6,73.0,9.9358,-84.0558,9.9567,-84.1132,824.0,985.0,1.1953883495145632,1.1953883495145632,Leve
2026-07-21 18:00:00,18,1,San Jose Centro,25.3,58,5.2,9.9331,-84.0792,4.4,4.0,3.8,73.0,9.9358,-84.0558,9.9567,-84.1132,824.0,969.0,1.1759708737864079,1.1759708737864079,Leve
2026-07-21 19:00:00,19,1,San Jose Centro,25.4,60,6.4,9.9331,-84.0792,6.4,6.0,5.1,70.0,9.9358,-84.0558,9.9567,-84.1132,824.0,918.0,1.1140776699029127,1.1140776699029127,Leve
2026-07-21 20:00:00,20,1,San Jose Centro,23.8,70,4.7,9.9331,-84.0792,6.7,6.1,7.2,63.0,9.9358,-84.0558,9.9567,-84.1132,824.0,922.0,1.1189320388349515,1.1189320388349515,Leve
2026-07-21 21:00:00,21,1,San Jose Centro,20.9,88,4.6,9.9331,-84.0792,6.4,6.1,9.7,56.0,9.9358,-84.0558,9.9567,-84.1132,824.0,929.0,1.1274271844660195,1.1274271844660195,Leve
2026-07-21 22:00:00,22,1,San Jose Centro,21.1,92,2.9,9.9331,-84.0792,6.0,5.8,13.4,47.0,9.9358,-84.0558,9.9567,-84.1132,824.0,1045.0,1.2682038834951457,1.2682038834951457,Leve
2026-07-21 23:00:00,23,1,San Jose Centro,21.1,91,3.6,9.9331,-84.0792,6.3,6.0,17.5,37.0,9.9358,-84.0558,9.9567,-84.1132,824.0,1221.0,1.4817961165048543,1.4817961165048543,Moderado
2026-07-22 00:00:00,0,2,San Jose Centro,20.8,91,5.1,9.9331,-84.0792,5.6,5.2,16.1,35.0,9.9358,-84.0558,9.9567,-84.1132,824.0,978.0,1.1868932038834952,1.1868932038834952,Leve
2026-07-22 01:00:00,1,2,San Jose Centro,20.4,94,5.2,9.9331,-84.0792,6.8,6.3,15.6,34.0,9.9358,-84.0558,9.9567,-84.1132,824.0,806.0,0.9781553398058253,1.0,Fluido
2026-07-22 02:00:00,2,2,San Jose Centro,20.1,93,7.6,9.9331,-84.0792,7.1,6.3,14.8,32.0,9.9358,-84.0558,9.9567,-84.1132,824.0,766.0,0.9296116504854369,1.0,Fluido
2026-07-22 03:00:00,3,2,San Jose Centro,19.8,93,8.1,9.9331,-84.0792,7.6,6.7,13.9,31.0,9.9358,-84.0558,9.9567,-84.1132,824.0,785.0,0.9526699029126213,1.0,Fluido
2026-07-22 04:00:00,4,2,San Jose Centro,19.8,93,8.5,9.9331,-84.0792,8.3,7.3,12.9,31.0,9.9358,-84.0558,9.9567,-84.1132,824.0,749.0,0.9089805825242718,1.0,Fluido
2026-07-22 05:00:00,5,2,San Jose Centro,19.7,91,6.8,9.9331,-84.0792,7.3,6.2,11.8,32.0,9.9358,-84.0558,9.9567,-84.1132,824.0,711.0,0.8628640776699029,1.0,Fluido
2026-07-22 06:00:00,6,2,San Jose Centro,19.3,90,7.6,9.9331,-84.0792,4.4,3.8,10.9,32.0,9.9358,-84.0558,9.9567,-84.1132,824.0,684.0,0.8300970873786407,1.0,Fluido
2026-07-22 07:00:00,7,2,San Jose Centro,19.1,90,8.6,9.9331,-84.0792,3.0,2.7,10.2,29.0,9.9358,-84.0558,9.9567,-84.1132,824.0,643.0,0.7803398058252428,1.0,Fluido
2026-07-22 08:00:00,8,2,San Jose Centro,18.8,92,6.9,9.9331,-84.0792,3.1,2.8,9.6,24.0,9.9358,-84.0558,9.9567,-84.1132,824.0,638.0,0.7742718446601942,1.0,Fluido
2026-07-22 09:00:00,9,2,San Jose Centro,18.9,92,6.8,9.9331,-84.0792,3.3,2.9,9.4,21.0,9.9358,-84.0558,9.9567,-84.1132,824.0,631.0,0.7657766990291263,1.0,Fluido
2026-07-22 10:00:00,10,2,San Jose Centro,19.2,89,8.2,9.9331,-84.0792,3.4,3.0,9.8,20.0,9.9358,-84.0558,9.9567,-84.1132,824.0,660.0,0.8009708737864077,1.0,Fluido
2026-07-22 11:00:00,11,2,San Jose Centro,19.0,88,8.9,9.9331,-84.0792,3.8,3.3,10.6,20.0,9.9358,-84.0558,9.9567,-84.1132,824.0,737.0,0.8944174757281553,1.0,Fluido
2026-07-22 12:00:00,12,2,San Jose Centro,19.1,90,8.5,9.9331,-84.0792,1.4,1.4,7.3,35.0,9.9358,-84.0558,9.9567,-84.1132,824.0,1132.0,1.3737864077669903,1.3737864077669903,Moderado
2026-07-22 13:00:00,13,2,San Jose Centro,20.0,85,9.4,9.9331,-84.0792,1.6,1.6,7.6,37.0,9.9358,-84.0558,9.9567,-84.1132,824.0,1320.0,1.6019417475728155,1.6019417475728155,Moderado
2026-07-22 14:00:00,14,2,San Jose Centro,20.5,84,10.0,9.9331,-84.0792,2.2,2.2,8.0,39.0,9.9358,-84.0558,9.9567,-84.1132,824.0,1219.0,1.479368932038835,1.479368932038835,Moderado
2026-07-22 15:00:00,15,2,San Jose Centro,20.8,87,10.4,9.9331,-84.0792,2.1,2.1,8.0,42.0,9.9358,-84.0558,9.9567,-84.1132,824.0,1120.0,1.3592233009708738,1.3592233009708738,Moderado
2026-07-22 16:00:00,16,2,San Jose Centro,21.9,80,9.6,9.9331,-84.0792,2.8,2.8,6.9,47.0,9.9358,-84.0558,9.9567,-84.1132,824.0,1051.0,1.2754854368932038,1.2754854368932038,Leve
2026-07-22 17:00:00,17,2,San Jose Centro,23.4,72,9.0,9.9331,-84.0792,3.4,3.4,5.5,52.0,9.9358,-84.0558,9.9567,-84.1132,824.0,1006.0,1.220873786407767,1.220873786407767,Leve
2026-07-22 18:00:00,18,2,San Jose Centro,23.5,72,7.1,9.9331,-84.0792,3.8,3.5,5.6,53.0,9.9358,-84.0558,9.9567,-84.1132,824.0,1045.0,1.2682038834951457,1.2682038834951457,Leve
2026-07-22 19:00:00,19,2,San Jose Centro,23.1,72,5.3,9.9331,-84.0792,7.4,7.2,8.3,48.0,9.9358,-84.0558,9.9567,-84.1132,824.0,959.0,1.1638349514563107,1.1638349514563107,Leve
2026-07-22 20:00:00,20,2,San Jose Centro,22.7,76,2.3,9.9331,-84.0792,6.5,6.3,12.5,40.0,9.9358,-84.0558,9.9567,-84.1132,824.0,936.0,1.1359223300970873,1.1359223300970873,Leve
2026-07-22 21:00:00,21,2,San Jose Centro,22.4,79,0.7,9.9331,-84.0792,8.4,8.1,16.9,32.0,9.9358,-84.0558,9.9567,-84.1132,824.0,921.0,1.1177184466019416,1.1177184466019416,Leve
2026-07-22 22:00:00,22,2,San Jose Centro,21.1,88,1.3,9.9331,-84.0792,5.3,4.9,22.1,24.0,9.9358,-84.0558,9.9567,-84.1132,824.0,1041.0,1.2633495145631068,1.2633495145631068,Leve
2026-07-22 23:00:00,23,2,San Jose Centro,20.4,93,3.5,9.9331,-84.0792,6.2,5.9,27.4,16.0,9.9358,-84.0558,9.9567,-84.1132,824.0,1184.0,1.4368932038834952,1.4368932038834952,Moderado
2026-07-23 00:00:00,0,3,San Jose Centro,20.1,96,1.3,9.9331,-84.0792,6.0,5.1,22.7,20.0,9.9358,-84.0558,9.9567,-84.1132,824.0,1004.0,1.2184466019417475,1.2184466019417475,Leve
2026-07-23 01:00:00,1,3,San Jose Centro,20.0,95,0.4,9.9331,-84.0792,2.7,2.7,22.5,18.0,9.9358,-84.0558,9.9567,-84.1132,824.0,820.0,0.9951456310679612,1.0,Fluido
2026-07-23 02:00:00,2,3,San Jose Centro,20.1,95,0.8,9.9331,-84.0792,2.4,2.4,22.1,14.0,9.9358,-84.0558,9.9567,-84.1132,824.0,785.0,0.9526699029126213,1.0,Fluido
2026-07-23 03:00:00,3,3,San Jose Centro,19.9,95,2.4,9.9331,-84.0792,3.7,3.7,20.9,13.0,9.9358,-84.0558,9.9567,-84.1132,824.0,798.0,0.9684466019417476,1.0,Fluido
2026-07-23 04:00:00,4,3,San Jose Centro,20.0,94,2.9,9.9331,-84.0792,2.2,2.2,18.3,15.0,9.9358,-84.0558,9.9567,-84.1132,824.0,752.0,0.912621359223301,1.0,Fluido
2026-07-23 05:00:00,5,3,San Jose Centro,19.8,94,3.6,9.9331,-84.0792,1.9,1.9,15.0,20.0,9.9358,-84.0558,9.9567,-84.1132,824.0,708.0,0.8592233009708737,1.0,Fluido
2026-07-23 06:00:00,6,3,San Jose Centro,19.7,95,2.1,9.9331,-84.0792,1.5,1.4,12.3,23.0,9.9358,-84.0558,9.9567,-84.1132,824.0,674.0,0.8179611650485437,1.0,Fluido
2026-07-23 07:00:00,7,3,San Jose Centro,19.6,94,3.4,9.9331,-84.0792,1.1,1.1,10.5,24.0,9.9358,-84.0558,9.9567,-84.1132,824.0,634.0,0.7694174757281553,1.0,Fluido
2026-07-23 08:00:00,8,3,San Jose Centro,19.3,93,5.4,9.9331,-84.0792,0.9,0.9,9.4,24.0,9.9358,-84.0558,9.9567,-84.1132,824.0,649.0,0.787621359223301,1.0,Fluido
2026-07-23 09:00:00,9,3,San Jose Centro,19.3,93,3.1,9.9331,-84.0792,0.8,0.8,8.9,23.0,9.9358,-84.0558,9.9567,-84.1132,824.0,645.0,0.7827669902912622,1.0,Fluido
2026-07-23 10:00:00,10,3,San Jose Centro,19.1,93,5.2,9.9331,-84.0792,0.8,0.8,9.4,21.0,9.9358,-84.0558,9.9567,-84.1132,824.0,664.0,0.8058252427184466,1.0,Fluido
2026-07-23 11:00:00,11,3,San Jose Centro,18.9,93,5.4,9.9331,-84.0792,1.0,0.9,10.6,19.0,9.9358,-84.0558,9.9567,-84.1132,824.0,752.0,0.912621359223301,1.0,Fluido
2026-07-23 12:00:00,12,3,San Jose Centro,19.1,95,5.4,9.9331,-84.0792,6.8,4.0,10.0,24.0,9.9358,-84.0558,9.9567,-84.1132,824.0,1087.0,1.3191747572815533,1.3191747572815533,Moderado
2026-07-23 13:00:00,13,3,San Jose Centro,19.3,94,8.3,9.9331,-84.0792,8.6,5.5,10.9,23.0,9.9358,-84.0558,9.9567,-84.1132,824.0,1299.0,1.5764563106796117,1.5764563106796117,Moderado
2026-07-23 14:00:00,14,3,San Jose Centro,19.7,93,8.5,9.9331,-84.0792,9.9,5.8,12.1,23.0,9.9358,-84.0558,9.9567,-84.1132,824.0,1180.0,1.4320388349514563,1.4320388349514563,Moderado
2026-07-23 15:00:00,15,3,San Jose Centro,20.2,93,9.6,9.9331,-84.0792,10.8,7.3,12.3,24.0,9.9358,-84.0558,9.9567,-84.1132,824.0,1196.0,1.4514563106796117,1.4514563106796117,Moderado
2026-07-23 16:00:00,16,3,San Jose Centro,20.0,92,11.0,9.9331,-84.0792,6.3,4.0,10.4,29.0,9.9358,-84.0558,9.9567,-84.1132,824.0,1098.0,1.3325242718446602,1.3325242718446602,Moderado
2026-07-23 17:00:00,17,3,San Jose Centro,20.1,92,10.2,9.9331,-84.0792,5.2,3.1,7.5,36.0,9.9358,-84.0558,9.9567,-84.1132,824.0,1028.0,1.2475728155339805,1.2475728155339805,Leve
2026-07-23 18:00:00,18,3,San Jose Centro,20.4,92,7.0,9.9331,-84.0792,5.9,3.4,6.1,40.0,9.9358,-84.0558,9.9567,-84.1132,824.0,972.0,1.1796116504854368,1.1796116504854368,Leve
2026-07-23 19:00:00,19,3,San Jose Centro,20.5,89,10.7,9.9331,-84.0792,4.2,2.6,7.3,38.0,9.9358,-84.0558,9.9567,-84.1132,824.0,1026.0,1.2451456310679612,1.2451456310679612,Leve
2026-07-23 20:00:00,20,3,San Jose Centro,20.8,88,10.1,9.9331,-84.0792,5.1,3.5,10.1,34.0,9.9358,-84.0558,9.9567,-84.1132,824.0,1065.0,1.2924757281553398,1.2924757281553398,Leve
2026-07-23 21:00:00,21,3,San Jose Centro,19.7,92,8.5,9.9331,-84.0792,8.9,6.7,13.4,29.0,9.9358,-84.0558,9.9567,-84.1132,824.0,1030.0,1.25,1.25,Leve
2026-07-23 22:00:00,22,3,San Jose Centro,19.2,91,9.1,9.9331,-84.0792,11.5,7.7,17.5,24.0,9.9358,-84.0558,9.9567,-84.1132,824.0,1092.0,1.325242718446602,1.325242718446602,Moderado
2026-07-23 23:00:00,23,3,San Jose Centro,18.7,94,10.3,9.9331,-84.0792,13.1,8.8,22.2,20.0,9.9358,-84.0558,9.9567,-84.1132,824.0,1245.0,1.5109223300970873,1.5109223300970873,Moderado
2026-07-24 00:00:00,0,4,San Jose Centro,17.3,94,10.8,9.9331,-84.0792,5.5,4.5,23.0,19.0,9.9358,-84.0558,9.9567,-84.1132,824.0,1031.0,1.2512135922330097,1.2512135922330097,Leve
2026-07-24 01:00:00,1,4,San Jose Centro,17.1,93,12.6,9.9331,-84.0792,5.9,4.9,24.9,15.0,9.9358,-84.0558,9.9567,-84.1132,824.0,837.0,1.0157766990291262,1.0157766990291262,Leve
2026-07-24 02:00:00,2,4,San Jose Centro,17.2,89,13.5,9.9331,-84.0792,5.5,4.3,27.5,9.0,9.9358,-84.0558,9.9567,-84.1132,824.0,813.0,0.9866504854368932,1.0,Fluido
2026-07-24 03:00:00,3,4,San Jose Centro,17.4,85,13.9,9.9331,-84.0792,7.4,5.1,28.9,5.0,9.9358,-84.0558,9.9567,-84.1132,824.0,791.0,0.9599514563106796,1.0,Fluido
2026-07-24 04:00:00,4,4,San Jose Centro,17.4,78,12.2,9.9331,-84.0792,9.8,5.1,28.1,5.0,9.9358,-84.0558,9.9567,-84.1132,824.0,776.0,0.941747572815534,1.0,Fluido
2026-07-24 05:00:00,5,4,San Jose Centro,17.0,75,11.4,9.9331,-84.0792,15.0,6.8,26.0,7.0,9.9358,-84.0558,9.9567,-84.1132,824.0,717.0,0.8701456310679612,1.0,Fluido
2026-07-24 06:00:00,6,4,San Jose Centro,16.4,77,9.6,9.9331,-84.0792,15.1,6.6,23.6,9.0,9.9358,-84.0558,9.9567,-84.1132,824.0,691.0,0.8385922330097088,1.0,Fluido
2026-07-24 07:00:00,7,4,San Jose Centro,16.6,74,9.4,9.9331,-84.0792,18.8,7.5,20.7,10.0,9.9358,-84.0558,9.9567,-84.1132,824.0,666.0,0.808252427184466,1.0,Fluido
2026-07-24 08:00:00,8,4,San Jose Centro,16.5,74,8.7,9.9331,-84.0792,25.2,9.4,17.5,11.0,9.9358,-84.0558,9.9567,-84.1132,824.0,628.0,0.7621359223300971,1.0,Fluido
2026-07-24 09:00:00,9,4,San Jose Centro,16.8,71,9.1,9.9331,-84.0792,27.2,10.4,15.0,12.0,9.9358,-84.0558,9.9567,-84.1132,824.0,641.0,0.7779126213592233,1.0,Fluido
2026-07-24 10:00:00,10,4,San Jose Centro,17.0,71,9.7,9.9331,-84.0792,30.3,11.9,14.2,12.0,9.9358,-84.0558,9.9567,-84.1132,824.0,674.0,0.8179611650485437,1.0,Fluido
2026-07-24 11:00:00,11,4,San Jose Centro,17.0,73,9.2,9.9331,-84.0792,31.1,13.2,14.2,12.0,9.9358,-84.0558,9.9567,-84.1132,824.0,741.0,0.8992718446601942,1.0,Fluido
2026-07-24 12:00:00,12,4,San Jose Centro,17.0,87,9.2,9.9331,-84.0792,44.0,19.9,14.4,16.0,9.9358,-84.0558,9.9567,-84.1132,824.0,887.0,1.0764563106796117,1.0764563106796117,Leve
2026-07-24 13:00:00,13,4,San Jose Centro,19.0,83,9.1,9.9331,-84.0792,41.7,22.1,12.8,26.0,9.9358,-84.0558,9.9567,-84.1132,824.0,977.0,1.1856796116504855,1.1856796116504855,Leve
2026-07-24 14:00:00,14,4,San Jose Centro,20.7,78,9.6,9.9331,-84.0792,36.4,18.7,10.6,41.0,9.9358,-84.0558,9.9567,-84.1132,824.0,970.0,1.1771844660194175,1.1771844660194175,Leve
2026-07-24 15:00:00,15,4,San Jose Centro,22.3,73,10.1,9.9331,-84.0792,25.9,13.8,8.5,53.0,9.9358,-84.0558,9.9567,-84.1132,824.0,1005.0,1.2196601941747574,1.2196601941747574,Leve
2026-07-24 16:00:00,16,4,San Jose Centro,23.8,65,12.8,9.9331,-84.0792,19.1,10.1,6.6,60.0,9.9358,-84.0558,9.9567,-84.1132,824.0,970.0,1.1771844660194175,1.1771844660194175,Leve
2026-07-24 17:00:00,17,4,San Jose Centro,24.4,63,12.0,9.9331,-84.0792,18.5,9.8,4.8,64.0,9.9358,-84.0558,9.9567,-84.1132,824.0,1001.0,1.2148058252427185,1.2148058252427185,Leve
2026-07-24 18:00:00,18,4,San Jose Centro,24.4,62,7.5,9.9331,-84.0792,17.8,9.6,3.9,66.0,9.9358,-84.0558,9.9567,-84.1132,824.0,1021.0,1.2390776699029127,1.2390776699029127,Leve
2026-07-24 19:00:00,19,4,San Jose Centro,25.1,63,4.1,9.9331,-84.0792,17.7,9.7,3.8,66.0,9.9358,-84.0558,9.9567,-84.1132,824.0,1054.0,1.279126213592233,1.279126213592233,Leve
2026-07-24 20:00:00,20,4,San Jose Centro,25.2,55,3.0,9.9331,-84.0792,16.5,9.3,4.4,64.0,9.9358,-84.0558,9.9567,-84.1132,824.0,1069.0,1.2973300970873787,1.2973300970873787,Leve
2026-07-24 21:00:00,21,4,San Jose Centro,21.9,78,8.2,9.9331,-84.0792,16.2,9.5,6.7,59.0,9.9358,-84.0558,9.9567,-84.1132,824.0,1060.0,1.2864077669902914,1.2864077669902914,Leve
2026-07-24 22:00:00,22,4,San Jose Centro,20.4,91,4.2,9.9331,-84.0792,17.2,12.0,12.2,48.0,9.9358,-84.0558,9.9567,-84.1132,824.0,1089.0,1.3216019417475728,1.3216019417475728,Moderado
2026-07-24 23:00:00,23,4,San Jose Centro,19.9,89,3.2,9.9331,-84.0792,16.5,11.2,19.3,34.0,9.9358,-84.0558,9.9567,-84.1132,824.0,1172.0,1.4223300970873787,1.4223300970873787,Moderado
2026-07-25 00:00:00,0,5,San Jose Centro,19.7,96,1.4,9.9331,-84.0792,18.0,13.3,18.8,39.0,9.9358,-84.0558,9.9567,-84.1132,824.0,967.0,1.1735436893203883,1.1735436893203883,Leve
2026-07-25 01:00:00,1,5,San Jose Centro,19.7,96,0.9,9.9331,-84.0792,10.5,8.4,17.4,36.0,9.9358,-84.0558,9.9567,-84.1132,824.0,817.0,0.991504854368932,1.0,Fluido
2026-07-25 02:00:00,2,5,San Jose Centro,19.7,95,1.7,9.9331,-84.0792,4.7,3.9,15.6,32.0,9.9358,-84.0558,9.9567,-84.1132,824.0,803.0,0.9745145631067961,1.0,Fluido
2026-07-25 03:00:00,3,5,San Jose Centro,19.4,95,2.7,9.9331,-84.0792,3.4,3.0,14.1,28.0,9.9358,-84.0558,9.9567,-84.1132,824.0,797.0,0.9672330097087378,1.0,Fluido
2026-07-25 04:00:00,4,5,San Jose Centro,19.3,95,3.8,9.9331,-84.0792,3.9,3.6,13.5,25.0,9.9358,-84.0558,9.9567,-84.1132,824.0,765.0,0.9283980582524272,1.0,Fluido
2026-07-25 05:00:00,5,5,San Jose Centro,18.9,95,5.5,9.9331,-84.0792,5.0,4.4,13.4,22.0,9.9358,-84.0558,9.9567,-84.1132,824.0,737.0,0.8944174757281553,1.0,Fluido
2026-07-25 06:00:00,6,5,San Jose Centro,18.5,91,6.6,9.9331,-84.0792,4.1,3.4,13.3,19.0,9.9358,-84.0558,9.9567,-84.1132,824.0,713.0,0.8652912621359223,1.0,Fluido
2026-07-25 07:00:00,7,5,San Jose Centro,18.1,92,7.6,9.9331,-84.0792,2.7,2.4,13.1,15.0,9.9358,-84.0558,9.9567,-84.1132,824.0,685.0,0.8313106796116505,1.0,Fluido
2026-07-25 08:00:00,8,5,San Jose Centro,18.0,92,8.9,9.9331,-84.0792,2.2,2.0,12.8,12.0,9.9358,-84.0558,9.9567,-84.1132,824.0,662.0,0.8033980582524272,1.0,Fluido
2026-07-25 09:00:00,9,5,San Jose Centro,18.3,90,9.4,9.9331,-84.0792,1.8,1.6,12.4,10.0,9.9358,-84.0558,9.9567,-84.1132,824.0,637.0,0.7730582524271845,1.0,Fluido
2026-07-25 10:00:00,10,5,San Jose Centro,18.4,88,9.4,9.9331,-84.0792,1.4,1.3,11.9,9.0,9.9358,-84.0558,9.9567,-84.1132,824.0,657.0,0.7973300970873787,1.0,Fluido
2026-07-25 11:00:00,11,5,San Jose Centro,17.6,91,9.8,9.9331,-84.0792,1.7,1.6,11.3,9.0,9.9358,-84.0558,9.9567,-84.1132,824.0,702.0,0.8519417475728155,1.0,Fluido
2026-07-25 12:00:00,12,5,San Jose Centro,18.4,89,9.9,9.9331,-84.0792,7.5,6.0,9.4,21.0,9.9358,-84.0558,9.9567,-84.1132,824.0,733.0,0.8895631067961165,1.0,Fluido
2026-07-25 13:00:00,13,5,San Jose Centro,19.8,82,10.3,9.9331,-84.0792,10.2,8.7,8.0,35.0,9.9358,-84.0558,9.9567,-84.1132,824.0,724.0,0.8786407766990292,1.0,Fluido
2026-07-25 14:00:00,14,5,San Jose Centro,22.5,71,9.0,9.9331,-84.0792,13.5,11.8,6.2,55.0,9.9358,-84.0558,9.9567,-84.1132,824.0,765.0,0.9283980582524272,1.0,Fluido
2026-07-25 15:00:00,15,5,San Jose Centro,24.4,66,9.7,9.9331,-84.0792,12.8,11.1,4.5,70.0,9.9358,-84.0558,9.9567,-84.1132,824.0,833.0,1.0109223300970873,1.0109223300970873,Leve
2026-07-25 16:00:00,16,5,San Jose Centro,26.0,59,7.6,9.9331,-84.0792,11.5,10.0,3.3,75.0,9.9358,-84.0558,9.9567,-84.1132,824.0,848.0,1.029126213592233,1.029126213592233,Leve
2026-07-25 17:00:00,17,5,San Jose Centro,27.0,58,2.2,9.9331,-84.0792,10.5,9.1,2.3,74.0,9.9358,-84.0558,9.9567,-84.1132,824.0,867.0,1.0521844660194175,1.0521844660194175,Leve
2026-07-25 18:00:00,18,5,San Jose Centro,27.0,54,0.9,9.9331,-84.0792,9.6,8.2,1.8,72.0,9.9358,-84.0558,9.9567,-84.1132,824.0,1030.0,1.25,1.25,Leve
2026-07-25 19:00:00,19,5,San Jose Centro,25.3,65,3.7,9.9331,-84.0792,8.2,6.9,1.9,68.0,9.9358,-84.0558,9.9567,-84.1132,824.0,1024.0,1.2427184466019416,1.2427184466019416,Leve
2026-07-25 20:00:00,20,5,San Jose Centro,25.4,65,5.2,9.9331,-84.0792,7.3,6.2,2.5,62.0,9.9358,-84.0558,9.9567,-84.1132,824.0,1063.0,1.2900485436893203,1.2900485436893203,Leve
2026-07-25 21:00:00,21,5,San Jose Centro,25.4,64,5.2,9.9331,-84.0792,7.4,6.4,3.7,55.0,9.9358,-84.0558,9.9567,-84.1132,824.0,943.0,1.1444174757281553,1.1444174757281553,Leve
2026-07-25 22:00:00,22,5,San Jose Centro,24.8,66,5.2,9.9331,-84.0792,8.4,7.6,6.3,48.0,9.9358,-84.0558,9.9567,-84.1132,824.0,822.0,0.9975728155339806,1.0,Fluido
2026-07-25 23:00:00,23,5,San Jose Centro,23.5,73,4.2,9.9331,-84.0792,8.1,7.5,9.5,40.0,9.9358,-84.0558,9.9567,-84.1132,824.0,833.0,1.0109223300970873,1.0109223300970873,Leve
2026-07-26 00:00:00,0,6,San Jose Centro,22.7,78,3.9,9.9331,-84.0792,12.4,10.1,11.4,33.0,9.9358,-84.0558,9.9567,-84.1132,824.0,848.0,1.029126213592233,1.029126213592233,Leve
2026-07-26 01:00:00,1,6,San Jose Centro,22.1,79,6.8,9.9331,-84.0792,12.1,10.0,11.3,29.0,9.9358,-84.0558,9.9567,-84.1132,824.0,793.0,0.962378640776699,1.0,Fluido
2026-07-26 02:00:00,2,6,San Jose Centro,21.3,81,8.5,9.9331,-84.0792,11.7,10.1,11.2,24.0,9.9358,-84.0558,9.9567,-84.1132,824.0,775.0,0.9405339805825242,1.0,Fluido
2026-07-26 03:00:00,3,6,San Jose Centro,20.9,81,9.5,9.9331,-84.0792,11.4,9.9,10.9,20.0,9.9358,-84.0558,9.9567,-84.1132,824.0,783.0,0.9502427184466019,1.0,Fluido
2026-07-26 04:00:00,4,6,San Jose Centro,20.5,82,10.4,9.9331,-84.0792,10.9,9.2,10.2,20.0,9.9358,-84.0558,9.9567,-84.1132,824.0,759.0,0.9211165048543689,1.0,Fluido
2026-07-26 05:00:00,5,6,San Jose Centro,20.3,81,10.1,9.9331,-84.0792,10.6,9.0,9.2,22.0,9.9358,-84.0558,9.9567,-84.1132,824.0,744.0,0.9029126213592233,1.0,Fluido
2026-07-26 06:00:00,6,6,San Jose Centro,19.8,80,9.5,9.9331,-84.0792,10.6,8.8,8.3,24.0,9.9358,-84.0558,9.9567,-84.1132,824.0,704.0,0.8543689320388349,1.0,Fluido
2026-07-26 07:00:00,7,6,San Jose Centro,19.6,81,8.5,9.9331,-84.0792,10.7,8.6,7.6,24.0,9.9358,-84.0558,9.9567,-84.1132,824.0,676.0,0.8203883495145631,1.0,Fluido
2026-07-26 08:00:00,8,6,San Jose Centro,19.4,82,8.4,9.9331,-84.0792,10.7,8.4,7.0,23.0,9.9358,-84.0558,9.9567,-84.1132,824.0,663.0,0.8046116504854369,1.0,Fluido
2026-07-26 09:00:00,9,6,San Jose Centro,19.3,82,9.1,9.9331,-84.0792,10.3,8.1,6.6,23.0,9.9358,-84.0558,9.9567,-84.1132,824.0,635.0,0.7706310679611651,1.0,Fluido
2026-07-26 10:00:00,10,6,San Jose Centro,19.6,80,9.7,9.9331,-84.0792,10.5,8.0,6.6,23.0,9.9358,-84.0558,9.9567,-84.1132,824.0,644.0,0.7815533980582524,1.0,Fluido
2026-07-26 11:00:00,11,6,San Jose Centro,19.5,80,10.5,9.9331,-84.0792,10.4,8.0,6.7,24.0,9.9358,-84.0558,9.9567,-84.1132,824.0,672.0,0.8155339805825242,1.0,Fluido
2026-07-26 12:00:00,12,6,San Jose Centro,19.7,79,9.9,9.9331,-84.0792,10.3,8.3,6.7,24.0,9.9358,-84.0558,9.9567,-84.1132,824.0,708.0,0.8592233009708737,1.0,Fluido
2026-07-26 13:00:00,13,6,San Jose Centro,20.8,74,11.0,9.9331,-84.0792,10.5,8.2,5.4,34.0,9.9358,-84.0558,9.9567,-84.1132,824.0,690.0,0.837378640776699,1.0,Fluido
2026-07-26 14:00:00,14,6,San Jose Centro,22.8,69,11.8,9.9331,-84.0792,9.1,7.3,3.6,47.0,9.9358,-84.0558,9.9567,-84.1132,824.0,711.0,0.8628640776699029,1.0,Fluido
2026-07-26 15:00:00,15,6,San Jose Centro,24.5,63,10.7,9.9331,-84.0792,8.8,6.5,2.2,58.0,9.9358,-84.0558,9.9567,-84.1132,824.0,714.0,0.866504854368932,1.0,Fluido
2026-07-26 16:00:00,16,6,San Jose Centro,25.6,60,7.6,9.9331,-84.0792,8.0,5.9,1.5,63.0,9.9358,-84.0558,9.9567,-84.1132,824.0,722.0,0.8762135922330098,1.0,Fluido
2026-07-26 17:00:00,17,6,San Jose Centro,25.8,62,9.3,9.9331,-84.0792,8.0,5.6,1.2,64.0,9.9358,-84.0558,9.9567,-84.1132,824.0,737.0,0.8944174757281553,1.0,Fluido
2026-07-26 18:00:00,18,6,San Jose Centro,25.8,59,8.2,9.9331,-84.0792,8.9,6.1,1.1,64.0,9.9358,-84.0558,9.9567,-84.1132,824.0,763.0,0.9259708737864077,1.0,Fluido
2026-07-26 19:00:00,19,6,San Jose Centro,26.5,56,8.8,9.9331,-84.0792,10.0,6.6,1.0,63.0,9.9358,-84.0558,9.9567,-84.1132,824.0,786.0,0.9538834951456311,1.0,Fluido
2026-07-26 20:00:00,20,6,San Jose Centro,26.1,56,8.9,9.9331,-84.0792,11.7,7.3,1.1,61.0,9.9358,-84.0558,9.9567,-84.1132,824.0,771.0,0.9356796116504854,1.0,Fluido
2026-07-26 21:00:00,21,6,San Jose Centro,24.7,62,7.4,9.9331,-84.0792,13.5,7.9,1.7,57.0,9.9358,-84.0558,9.9567,-84.1132,824.0,764.0,0.9271844660194175,1.0,Fluido
2026-07-26 22:00:00,22,6,San Jose Centro,24.2,62,4.6,9.9331,-84.0792,17.9,9.9,2.8,52.0,9.9358,-84.0558,9.9567,-84.1132,824.0,743.0,0.9016990291262136,1.0,Fluido
2026-07-26 23:00:00,23,6,San Jose Centro,23.1,68,5.2,9.9331,-84.0792,19.9,10.9,4.4,45.0,9.9358,-84.0558,9.9567,-84.1132,824.0,770.0,0.9344660194174758,1.0,Fluido
2026-07-27 00:00:00,0,0,San Jose Centro,22.0,72,5.2,9.9331,-84.0792,26.6,16.2,7.8,35.0,9.9358,-84.0558,9.9567,-84.1132,824.0,814.0,0.9878640776699029,1.0,Fluido
2026-07-27 01:00:00,1,0,San Jose Centro,20.7,79,8.0,9.9331,-84.0792,27.8,17.7,10.6,29.0,9.9358,-84.0558,9.9567,-84.1132,824.0,792.0,0.9611650485436893,1.0,Fluido
2026-07-27 02:00:00,2,0,San Jose Centro,20.1,82,9.3,9.9331,-84.0792,25.1,16.5,14.3,21.0,9.9358,-84.0558,9.9567,-84.1132,824.0,763.0,0.9259708737864077,1.0,Fluido
2026-07-27 03:00:00,3,0,San Jose Centro,19.4,84,8.8,9.9331,-84.0792,23.7,15.8,16.8,16.0,9.9358,-84.0558,9.9567,-84.1132,824.0,770.0,0.9344660194174758,1.0,Fluido
2026-07-27 04:00:00,4,0,San Jose Centro,19.1,84,9.4,9.9331,-84.0792,23.9,15.4,16.8,15.0,9.9358,-84.0558,9.9567,-84.1132,824.0,733.0,0.8895631067961165,1.0,Fluido
2026-07-27 05:00:00,5,0,San Jose Centro,18.7,83,9.2,9.9331,-84.0792,25.0,15.5,15.5,16.0,9.9358,-84.0558,9.9567,-84.1132,824.0,695.0,0.8434466019417476,1.0,Fluido
2026-07-27 06:00:00,6,0,San Jose Centro,17.6,82,10.1,9.9331,-84.0792,24.7,15.3,13.9,18.0,9.9358,-84.0558,9.9567,-84.1132,824.0,675.0,0.8191747572815534,1.0,Fluido
2026-07-27 07:00:00,7,0,San Jose Centro,17.4,75,11.6,9.9331,-84.0792,24.6,14.9,12.1,20.0,9.9358,-84.0558,9.9567,-84.1132,824.0,660.0,0.8009708737864077,1.0,Fluido
2026-07-27 08:00:00,8,0,San Jose Centro,17.3,69,12.4,9.9331,-84.0792,25.3,14.6,10.0,21.0,9.9358,-84.0558,9.9567,-84.1132,824.0,637.0,0.7730582524271845,1.0,Fluido
2026-07-27 09:00:00,9,0,San Jose Centro,17.3,63,13.9,9.9331,-84.0792,25.8,14.4,8.7,22.0,9.9358,-84.0558,9.9567,-84.1132,824.0,649.0,0.787621359223301,1.0,Fluido
2026-07-27 10:00:00,10,0,San Jose Centro,17.1,63,14.8,9.9331,-84.0792,26.3,14.1,9.0,19.0,9.9358,-84.0558,9.9567,-84.1132,824.0,684.0,0.8300970873786407,1.0,Fluido
2026-07-27 11:00:00,11,0,San Jose Centro,16.9,67,14.8,9.9331,-84.0792,26.4,14.2,10.0,15.0,9.9358,-84.0558,9.9567,-84.1132,824.0,760.0,0.9223300970873787,1.0,Fluido
2026-07-27 12:00:00,12,0,San Jose Centro,17.1,76,13.7,9.9331,-84.0792,31.5,15.5,9.2,19.0,9.9358,-84.0558,9.9567,-84.1132,824.0,1133.0,1.375,1.375,Moderado
2026-07-27 13:00:00,13,0,San Jose Centro,20.3,70,12.4,9.9331,-84.0792,38.9,17.8,7.6,31.0,9.9358,-84.0558,9.9567,-84.1132,824.0,1230.0,1.4927184466019416,1.4927184466019416,Moderado
2026-07-27 14:00:00,14,0,San Jose Centro,22.4,65,12.5,9.9331,-84.0792,30.9,12.8,5.3,46.0,9.9358,-84.0558,9.9567,-84.1132,824.0,1106.0,1.3422330097087378,1.3422330097087378,Moderado
2026-07-27 15:00:00,15,0,San Jose Centro,24.1,63,11.2,9.9331,-84.0792,22.2,10.4,3.6,57.0,9.9358,-84.0558,9.9567,-84.1132,824.0,1030.0,1.25,1.25,Leve
2026-07-27 16:00:00,16,0,San Jose Centro,24.7,61,12.7,9.9331,-84.0792,13.4,6.1,2.9,58.0,9.9358,-84.0558,9.9567,-84.1132,824.0,936.0,1.1359223300970873,1.1359223300970873,Leve
2026-07-27 17:00:00,17,0,San Jose Centro,24.1,65,11.4,9.9331,-84.0792,10.0,4.8,2.7,53.0,9.9358,-84.0558,9.9567,-84.1132,824.0,913.0,1.108009708737864,1.108009708737864,Leve
2026-07-27 18:00:00,18,0,San Jose Centro,25.4,58,7.1,9.9331,-84.0792,9.5,4.7,2.8,50.0,9.9358,-84.0558,9.9567,-84.1132,824.0,896.0,1.087378640776699,1.087378640776699,Leve
2026-07-27 19:00:00,19,0,San Jose Centro,25.6,60,6.4,9.9331,-84.0792,10.5,5.4,2.9,51.0,9.9358,-84.0558,9.9567,-84.1132,824.0,889.0,1.078883495145631,1.078883495145631,Leve
2026-07-27 20:00:00,20,0,San Jose Centro,24.3,65,3.6,9.9331,-84.0792,12.8,6.4,3.2,52.0,9.9358,-84.0558,9.9567,-84.1132,824.0,868.0,1.0533980582524272,1.0533980582524272,Leve
2026-07-27 21:00:00,21,0,San Jose Centro,21.4,82,3.0,9.9331,-84.0792,13.0,6.7,4.7,51.0,9.9358,-84.0558,9.9567,-84.1132,824.0,888.0,1.0776699029126213,1.0776699029126213,Leve
2026-07-27 22:00:00,22,0,San Jose Centro,20.9,88,2.5,9.9331,-84.0792,13.2,7.7,7.9,44.0,9.9358,-84.0558,9.9567,-84.1132,824.0,916.0,1.1116504854368932,1.1116504854368932,Leve
2026-07-27 23:00:00,23,0,San Jose Centro,21.1,88,2.0,9.9331,-84.0792,13.2,7.9,12.3,34.0,9.9358,-84.0558,9.9567,-84.1132,824.0,1042.0,1.2645631067961165,1.2645631067961165,Leve
2026-07-28 00:00:00,0,1,San Jose Centro,22.0,82,3.2,9.9331,-84.0792,22.6,14.1,18.0,22.0,9.9358,-84.0558,9.9567,-84.1132,824.0,923.0,1.1201456310679612,1.1201456310679612,Leve
2026-07-28 01:00:00,1,1,San Jose Centro,20.8,86,2.4,9.9331,-84.0792,24.4,18.3,21.3,16.0,9.9358,-84.0558,9.9567,-84.1132,824.0,792.0,0.9611650485436893,1.0,Fluido
2026-07-28 02:00:00,2,1,San Jose Centro,20.4,87,2.2,9.9331,-84.0792,25.4,19.1,25.8,8.0,9.9358,-84.0558,9.9567,-84.1132,824.0,768.0,0.9320388349514563,1.0,Fluido
2026-07-28 03:00:00,3,1,San Jose Centro,20.2,87,2.3,9.9331,-84.0792,25.2,18.6,28.4,3.0,9.9358,-84.0558,9.9567,-84.1132,824.0,771.0,0.9356796116504854,1.0,Fluido
2026-07-28 04:00:00,4,1,San Jose Centro,20.0,87,0.9,9.9331,-84.0792,25.8,18.8,27.7,3.0,9.9358,-84.0558,9.9567,-84.1132,824.0,732.0,0.8883495145631068,1.0,Fluido
2026-07-28 05:00:00,5,1,San Jose Centro,20.0,84,4.0,9.9331,-84.0792,25.6,17.8,25.1,6.0,9.9358,-84.0558,9.9567,-84.1132,824.0,690.0,0.837378640776699,1.0,Fluido
2026-07-28 06:00:00,6,1,San Jose Centro,18.8,87,7.1,9.9331,-84.0792,23.9,15.8,22.3,8.0,9.9358,-84.0558,9.9567,-84.1132,824.0,668.0,0.8106796116504854,1.0,Fluido
2026-07-28 07:00:00,7,1,San Jose Centro,18.2,88,8.9,9.9331,-84.0792,22.2,13.9,19.6,10.0,9.9358,-84.0558,9.9567,-84.1132,824.0,632.0,0.7669902912621359,1.0,Fluido
2026-07-28 08:00:00,8,1,San Jose Centro,17.7,88,8.9,9.9331,-84.0792,20.7,13.1,16.7,11.0,9.9358,-84.0558,9.9567,-84.1132,824.0,656.0,0.7961165048543689,1.0,Fluido
2026-07-28 09:00:00,9,1,San Jose Centro,17.2,89,9.0,9.9331,-84.0792,20.0,12.8,14.4,12.0,9.9358,-84.0558,9.9567,-84.1132,824.0,652.0,0.7912621359223301,1.0,Fluido
2026-07-28 10:00:00,10,1,San Jose Centro,17.4,87,9.8,9.9331,-84.0792,19.3,12.1,13.5,11.0,9.9358,-84.0558,9.9567,-84.1132,824.0,662.0,0.8033980582524272,1.0,Fluido
2026-07-28 11:00:00,11,1,San Jose Centro,18.1,81,10.1,9.9331,-84.0792,18.4,11.5,13.3,9.0,9.9358,-84.0558,9.9567,-84.1132,824.0,738.0,0.8956310679611651,1.0,Fluido
2026-07-28 12:00:00,12,1,San Jose Centro,17.9,88,7.8,9.9331,-84.0792,27.8,18.5,17.2,8.0,9.9358,-84.0558,9.9567,-84.1132,824.0,1117.0,1.3555825242718447,1.3555825242718447,Moderado
2026-07-28 13:00:00,13,1,San Jose Centro,20.9,78,6.9,9.9331,-84.0792,29.0,19.3,14.1,25.0,9.9358,-84.0558,9.9567,-84.1132,824.0,1379.0,1.6735436893203883,1.6735436893203883,Moderado
2026-07-28 14:00:00,14,1,San Jose Centro,23.5,68,4.4,9.9331,-84.0792,29.6,16.9,9.8,49.0,9.9358,-84.0558,9.9567,-84.1132,824.0,1285.0,1.5594660194174756,1.5594660194174756,Moderado
2026-07-28 15:00:00,15,1,San Jose Centro,24.8,63,1.8,9.9331,-84.0792,29.8,16.7,6.3,69.0,9.9358,-84.0558,9.9567,-84.1132,824.0,1182.0,1.4344660194174756,1.4344660194174756,Moderado
2026-07-28 16:00:00,16,1,San Jose Centro,24.6,65,5.2,9.9331,-84.0792,29.6,17.1,4.2,82.0,9.9358,-84.0558,9.9567,-84.1132,824.0,1161.0,1.4089805825242718,1.4089805825242718,Moderado
2026-07-28 17:00:00,17,1,San Jose Centro,24.1,69,9.2,9.9331,-84.0792,27.1,16.2,2.9,90.0,9.9358,-84.0558,9.9567,-84.1132,824.0,985.0,1.1953883495145632,1.1953883495145632,Leve
2026-07-28 18:00:00,18,1,San Jose Centro,23.5,76,5.2,9.9331,-84.0792,30.3,18.3,2.5,93.0,9.9358,-84.0558,9.9567,-84.1132,824.0,969.0,1.1759708737864079,1.1759708737864079,Leve
2026-07-28 19:00:00,19,1,San Jose Centro,24.0,73,4.0,9.9331,-84.0792,20.8,12.8,3.2,87.0,9.9358,-84.0558,9.9567,-84.1132,824.0,918.0,1.1140776699029127,1.1140776699029127,Leve
2026-07-28 20:00:00,20,1,San Jose Centro,23.0,80,2.8,9.9331,-84.0792,18.3,12.0,4.8,76.0,9.9358,-84.0558,9.9567,-84.1132,824.0,922.0,1.1189320388349515,1.1189320388349515,Leve
2026-07-28 21:00:00,21,1,San Jose Centro,22.9,81,3.3,9.9331,-84.0792,17.4,12.1,7.3,64.0,9.9358,-84.0558,9.9567,-84.1132,824.0,929.0,1.1274271844660195,1.1274271844660195,Leve
2026-07-28 22:00:00,22,1,San Jose Centro,22.7,81,0.0,9.9331,-84.0792,18.5,14.5,11.7,52.0,9.9358,-84.0558,9.9567,-84.1132,824.0,1045.0,1.2682038834951457,1.2682038834951457,Leve
2026-07-28 23:00:00,23,1,San Jose Centro,22.0,84,1.3,9.9331,-84.0792,15.5,12.9,17.0,40.0,9.9358,-84.0558,9.9567,-84.1132,824.0,1221.0,1.4817961165048543,1.4817961165048543,Moderado
2026-07-29 00:00:00,0,2,San Jose Centro,20.9,92,4.2,9.9331,-84.0792,8.0,6.7,18.9,32.0,9.9358,-84.0558,9.9567,-84.1132,824.0,978.0,1.1868932038834952,1.1868932038834952,Leve
2026-07-29 01:00:00,1,2,San Jose Centro,20.5,93,6.8,9.9331,-84.0792,6.1,5.2,18.5,28.0,9.9358,-84.0558,9.9567,-84.1132,824.0,806.0,0.9781553398058253,1.0,Fluido
2026-07-29 02:00:00,2,2,San Jose Centro,20.4,91,8.0,9.9331,-84.0792,5.6,4.8,17.9,22.0,9.9358,-84.0558,9.9567,-84.1132,824.0,766.0,0.9296116504854369,1.0,Fluido
2026-07-29 03:00:00,3,2,San Jose Centro,20.1,89,9.4,9.9331,-84.0792,6.7,5.7,17.3,17.0,9.9358,-84.0558,9.9567,-84.1132,824.0,785.0,0.9526699029126213,1.0,Fluido
2026-07-29 04:00:00,4,2,San Jose Centro,20.0,87,9.2,9.9331,-84.0792,7.4,6.1,16.7,15.0,9.9358,-84.0558,9.9567,-84.1132,824.0,749.0,0.9089805825242718,1.0,Fluido
2026-07-29 05:00:00,5,2,San Jose Centro,19.7,88,9.0,9.9331,-84.0792,8.0,6.6,15.9,13.0,9.9358,-84.0558,9.9567,-84.1132,824.0,711.0,0.8628640776699029,1.0,Fluido
2026-07-29 06:00:00,6,2,San Jose Centro,19.2,86,9.2,9.9331,-84.0792,8.4,6.9,15.0,13.0,9.9358,-84.0558,9.9567,-84.1132,824.0,684.0,0.8300970873786407,1.0,Fluido
2026-07-29 07:00:00,7,2,San Jose Centro,18.9,87,9.8,9.9331,-84.0792,8.3,6.9,13.6,13.0,9.9358,-84.0558,9.9567,-84.1132,824.0,643.0,0.7803398058252428,1.0,Fluido
2026-07-29 08:00:00,8,2,San Jose Centro,18.2,89,10.6,9.9331,-84.0792,8.3,6.6,11.9,14.0,9.9358,-84.0558,9.9567,-84.1132,824.0,638.0,0.7742718446601942,1.0,Fluido
2026-07-29 09:00:00,9,2,San Jose Centro,18.5,86,10.8,9.9331,-84.0792,8.8,6.5,10.9,15.0,9.9358,-84.0558,9.9567,-84.1132,824.0,631.0,0.7657766990291263,1.0,Fluido
2026-07-29 10:00:00,10,2,San Jose Centro,18.8,84,10.7,9.9331,-84.0792,9.7,6.8,11.3,13.0,9.9358,-84.0558,9.9567,-84.1132,824.0,660.0,0.8009708737864077,1.0,Fluido
2026-07-29 11:00:00,11,2,San Jose Centro,18.7,83,11.0,9.9331,-84.0792,10.7,7.6,12.3,11.0,9.9358,-84.0558,9.9567,-84.1132,824.0,737.0,0.8944174757281553,1.0,Fluido
2026-07-29 12:00:00,12,2,San Jose Centro,19.6,80,9.8,9.9331,-84.0792,15.3,11.1,10.7,20.0,9.9358,-84.0558,9.9567,-84.1132,824.0,1132.0,1.3737864077669903,1.3737864077669903,Moderado
2026-07-29 13:00:00,13,2,San Jose Centro,20.7,75,10.1,9.9331,-84.0792,16.0,12.5,9.2,36.0,9.9358,-84.0558,9.9567,-84.1132,824.0,1320.0,1.6019417475728155,1.6019417475728155,Moderado
2026-07-29 14:00:00,14,2,San Jose Centro,22.7,69,10.8,9.9331,-84.0792,12.5,10.0,7.0,57.0,9.9358,-84.0558,9.9567,-84.1132,824.0,1219.0,1.479368932038835,1.479368932038835,Moderado
2026-07-29 15:00:00,15,2,San Jose Centro,24.4,63,10.4,9.9331,-84.0792,10.0,8.1,5.1,74.0,9.9358,-84.0558,9.9567,-84.1132,824.0,1120.0,1.3592233009708738,1.3592233009708738,Moderado
2026-07-29 16:00:00,16,2,San Jose Centro,25.8,57,8.9,9.9331,-84.0792,8.5,6.7,3.7,81.0,9.9358,-84.0558,9.9567,-84.1132,824.0,1051.0,1.2754854368932038,1.2754854368932038,Leve
2026-07-29 17:00:00,17,2,San Jose Centro,26.7,55,7.9,9.9331,-84.0792,8.2,6.5,2.5,82.0,9.9358,-84.0558,9.9567,-84.1132,824.0,1006.0,1.220873786407767,1.220873786407767,Leve
2026-07-29 18:00:00,18,2,San Jose Centro,26.2,57,8.9,9.9331,-84.0792,8.1,6.5,1.8,82.0,9.9358,-84.0558,9.9567,-84.1132,824.0,1045.0,1.2682038834951457,1.2682038834951457,Leve
2026-07-29 19:00:00,19,2,San Jose Centro,25.4,64,10.6,9.9331,-84.0792,8.1,6.5,1.3,81.0,9.9358,-84.0558,9.9567,-84.1132,824.0,959.0,1.1638349514563107,1.1638349514563107,Leve
2026-07-29 20:00:00,20,2,San Jose Centro,25.3,65,8.9,9.9331,-84.0792,8.1,6.6,1.3,79.0,9.9358,-84.0558,9.9567,-84.1132,824.0,936.0,1.1359223300970873,1.1359223300970873,Leve
2026-07-29 21:00:00,21,2,San Jose Centro,24.9,66,10.0,9.9331,-84.0792,8.6,7.0,2.6,74.0,9.9358,-84.0558,9.9567,-84.1132,824.0,921.0,1.1177184466019416,1.1177184466019416,Leve
2026-07-29 22:00:00,22,2,San Jose Centro,24.5,67,9.1,9.9331,-84.0792,9.1,7.5,6.3,64.0,9.9358,-84.0558,9.9567,-84.1132,824.0,1041.0,1.2633495145631068,1.2633495145631068,Leve
2026-07-29 23:00:00,23,2,San Jose Centro,23.0,72,9.4,9.9331,-84.0792,9.9,8.1,11.2,51.0,9.9358,-84.0558,9.9567,-84.1132,824.0,1184.0,1.4368932038834952,1.4368932038834952,Moderado
2026-07-30 00:00:00,0,3,San Jose Centro,21.8,75,10.5,9.9331,-84.0792,10.0,8.6,12.0,44.0,9.9358,-84.0558,9.9567,-84.1132,824.0,1004.0,1.2184466019417475,1.2184466019417475,Leve
2026-07-30 01:00:00,1,3,San Jose Centro,20.9,77,11.4,9.9331,-84.0792,10.8,9.8,13.5,38.0,9.9358,-84.0558,9.9567,-84.1132,824.0,820.0,0.9951456310679612,1.0,Fluido
2026-07-30 02:00:00,2,3,San Jose Centro,20.7,74,12.1,9.9331,-84.0792,11.0,9.9,15.6,29.0,9.9358,-84.0558,9.9567,-84.1132,824.0,785.0,0.9526699029126213,1.0,Fluido
2026-07-30 03:00:00,3,3,San Jose Centro,20.1,76,12.1,9.9331,-84.0792,10.6,9.5,16.9,22.0,9.9358,-84.0558,9.9567,-84.1132,824.0,798.0,0.9684466019417476,1.0,Fluido
2026-07-30 04:00:00,4,3,San Jose Centro,19.6,79,11.5,9.9331,-84.0792,10.5,9.5,16.8,19.0,9.9358,-84.0558,9.9567,-84.1132,824.0,752.0,0.912621359223301,1.0,Fluido
2026-07-30 05:00:00,5,3,San Jose Centro,19.4,80,11.2,9.9331,-84.0792,10.1,9.3,16.0,19.0,9.9358,-84.0558,9.9567,-84.1132,824.0,708.0,0.8592233009708737,1.0,Fluido
2026-07-30 06:00:00,6,3,San Jose Centro,19.2,77,10.5,9.9331,-84.0792,9.3,8.4,14.7,20.0,9.9358,-84.0558,9.9567,-84.1132,824.0,674.0,0.8179611650485437,1.0,Fluido
2026-07-30 07:00:00,7,3,San Jose Centro,19.1,75,11.5,9.9331,-84.0792,8.4,7.4,12.6,22.0,9.9358,-84.0558,9.9567,-84.1132,824.0,634.0,0.7694174757281553,1.0,Fluido
2026-07-30 08:00:00,8,3,San Jose Centro,18.4,77,12.4,9.9331,-84.0792,7.0,6.2,10.1,26.0,9.9358,-84.0558,9.9567,-84.1132,824.0,649.0,0.787621359223301,1.0,Fluido
2026-07-30 09:00:00,9,3,San Jose Centro,18.1,78,13.5,9.9331,-84.0792,6.2,5.5,8.4,28.0,9.9358,-84.0558,9.9567,-84.1132,824.0,645.0,0.7827669902912622,1.0,Fluido
2026-07-30 10:00:00,10,3,San Jose Centro,18.1,77,14.6,9.9331,-84.0792,5.9,5.1,8.6,27.0,9.9358,-84.0558,9.9567,-84.1132,824.0,664.0,0.8058252427184466,1.0,Fluido
2026-07-30 11:00:00,11,3,San Jose Centro,18.1,77,15.0,9.9331,-84.0792,5.5,4.7,9.7,25.0,9.9358,-84.0558,9.9567,-84.1132,824.0,752.0,0.912621359223301,1.0,Fluido
2026-07-30 12:00:00,12,3,San Jose Centro,19.5,78,12.8,9.9331,-84.0792,8.4,7.3,9.7,25.0,9.9358,-84.0558,9.9567,-84.1132,824.0,1087.0,1.3191747572815533,1.3191747572815533,Moderado
2026-07-30 13:00:00,13,3,San Jose Centro,20.7,76,11.7,9.9331,-84.0792,8.2,7.2,7.7,33.0,9.9358,-84.0558,9.9567,-84.1132,824.0,1299.0,1.5764563106796117,1.5764563106796117,Moderado
2026-07-30 14:00:00,14,3,San Jose Centro,23.1,67,12.8,9.9331,-84.0792,7.4,5.4,5.0,44.0,9.9358,-84.0558,9.9567,-84.1132,824.0,1180.0,1.4320388349514563,1.4320388349514563,Moderado
2026-07-30 15:00:00,15,3,San Jose Centro,24.7,59,13.7,9.9331,-84.0792,8.8,5.8,2.9,53.0,9.9358,-84.0558,9.9567,-84.1132,824.0,1196.0,1.4514563106796117,1.4514563106796117,Moderado
2026-07-30 16:00:00,16,3,San Jose Centro,25.9,55,11.2,9.9331,-84.0792,9.6,6.2,1.9,58.0,9.9358,-84.0558,9.9567,-84.1132,824.0,1098.0,1.3325242718446602,1.3325242718446602,Moderado
2026-07-30 17:00:00,17,3,San Jose Centro,26.6,53,9.3,9.9331,-84.0792,9.6,5.9,1.5,60.0,9.9358,-84.0558,9.9567,-84.1132,824.0,1028.0,1.2475728155339805,1.2475728155339805,Leve
2026-07-30 18:00:00,18,3,San Jose Centro,26.8,54,8.6,9.9331,-84.0792,10.6,6.4,1.4,62.0,9.9358,-84.0558,9.9567,-84.1132,824.0,972.0,1.1796116504854368,1.1796116504854368,Leve
2026-07-30 19:00:00,19,3,San Jose Centro,26.6,56,7.2,9.9331,-84.0792,11.9,7.1,1.2,63.0,9.9358,-84.0558,9.9567,-84.1132,824.0,1026.0,1.2451456310679612,1.2451456310679612,Leve
2026-07-30 20:00:00,20,3,San Jose Centro,26.2,58,9.2,9.9331,-84.0792,12.5,7.4,1.3,63.0,9.9358,-84.0558,9.9567,-84.1132,824.0,1065.0,1.2924757281553398,1.2924757281553398,Leve
2026-07-30 21:00:00,21,3,San Jose Centro,25.0,62,8.7,9.9331,-84.0792,13.0,7.7,2.1,61.0,9.9358,-84.0558,9.9567,-84.1132,824.0,1030.0,1.25,1.25,Leve
2026-07-30 22:00:00,22,3,San Jose Centro,24.1,67,9.3,9.9331,-84.0792,15.6,9.2,4.0,55.0,9.9358,-84.0558,9.9567,-84.1132,824.0,1092.0,1.325242718446602,1.325242718446602,Moderado
2026-07-30 23:00:00,23,3,San Jose Centro,23.2,71,9.9,9.9331,-84.0792,13.9,8.6,6.6,46.0,9.9358,-84.0558,9.9567,-84.1132,824.0,1245.0,1.5109223300970873,1.5109223300970873,Moderado
2026-07-31 00:00:00,0,4,San Jose Centro,21.8,76,9.2,9.9331,-84.0792,16.2,9.8,7.6,40.0,9.9358,-84.0558,9.9567,-84.1132,824.0,1031.0,1.2512135922330097,1.2512135922330097,Leve
2026-07-31 01:00:00,1,4,San Jose Centro,21.0,78,10.6,9.9331,-84.0792,15.1,10.4,11.0,31.0,9.9358,-84.0558,9.9567,-84.1132,824.0,837.0,1.0157766990291262,1.0157766990291262,Leve
2026-07-31 02:00:00,2,4,San Jose Centro,21.0,76,12.1,9.9331,-84.0792,14.2,11.1,15.6,19.0,9.9358,-84.0558,9.9567,-84.1132,824.0,813.0,0.9866504854368932,1.0,Fluido
2026-07-31 03:00:00,3,4,San Jose Centro,20.7,74,13.1,9.9331,-84.0792,13.3,10.6,18.6,11.0,9.9358,-84.0558,9.9567,-84.1132,824.0,791.0,0.9599514563106796,1.0,Fluido
2026-07-31 04:00:00,4,4,San Jose Centro,20.3,75,12.8,9.9331,-84.0792,12.7,9.0,18.6,10.0,9.9358,-84.0558,9.9567,-84.1132,824.0,776.0,0.941747572815534,1.0,Fluido
2026-07-31 05:00:00,5,4,San Jose Centro,19.9,75,12.8,9.9331,-84.0792,12.2,9.1,16.9,12.0,9.9358,-84.0558,9.9567,-84.1132,824.0,717.0,0.8701456310679612,1.0,Fluido
2026-07-31 06:00:00,6,4,San Jose Centro,19.6,75,11.6,9.9331,-84.0792,12.5,9.2,15.0,14.0,9.9358,-84.0558,9.9567,-84.1132,824.0,691.0,0.8385922330097088,1.0,Fluido
2026-07-31 07:00:00,7,4,San Jose Centro,19.6,73,11.3,9.9331,-84.0792,12.7,9.1,13.0,16.0,9.9358,-84.0558,9.9567,-84.1132,824.0,666.0,0.808252427184466,1.0,Fluido
2026-07-31 08:00:00,8,4,San Jose Centro,19.3,73,10.8,9.9331,-84.0792,12.8,8.9,10.8,18.0,9.9358,-84.0558,9.9567,-84.1132,824.0,628.0,0.7621359223300971,1.0,Fluido
2026-07-31 09:00:00,9,4,San Jose Centro,19.2,74,11.0,9.9331,-84.0792,12.6,8.8,9.5,20.0,9.9358,-84.0558,9.9567,-84.1132,824.0,641.0,0.7779126213592233,1.0,Fluido
2026-07-31 10:00:00,10,4,San Jose Centro,19.2,74,10.6,9.9331,-84.0792,13.0,9.0,9.9,19.0,9.9358,-84.0558,9.9567,-84.1132,824.0,674.0,0.8179611650485437,1.0,Fluido
2026-07-31 11:00:00,11,4,San Jose Centro,19.2,75,10.1,9.9331,-84.0792,13.3,9.3,11.2,17.0,9.9358,-84.0558,9.9567,-84.1132,824.0,741.0,0.8992718446601942,1.0,Fluido
2026-07-31 12:00:00,12,4,San Jose Centro,19.5,78,7.9,9.9331,-84.0792,14.6,11.1,12.0,16.0,9.9358,-84.0558,9.9567,-84.1132,824.0,887.0,1.0764563106796117,1.0764563106796117,Leve
2026-07-31 13:00:00,13,4,San Jose Centro,21.4,73,8.5,9.9331,-84.0792,18.9,14.1,9.7,31.0,9.9358,-84.0558,9.9567,-84.1132,824.0,977.0,1.1856796116504855,1.1856796116504855,Leve
2026-07-31 14:00:00,14,4,San Jose Centro,23.6,69,8.5,9.9331,-84.0792,16.9,11.1,6.5,53.0,9.9358,-84.0558,9.9567,-84.1132,824.0,970.0,1.1771844660194175,1.1771844660194175,Leve
2026-07-31 15:00:00,15,4,San Jose Centro,25.8,63,8.9,9.9331,-84.0792,14.6,10.0,4.1,68.0,9.9358,-84.0558,9.9567,-84.1132,824.0,1005.0,1.2196601941747574,1.2196601941747574,Leve
2026-07-31 16:00:00,16,4,San Jose Centro,26.9,60,9.8,9.9331,-84.0792,12.3,8.5,3.0,72.0,9.9358,-84.0558,9.9567,-84.1132,824.0,970.0,1.1771844660194175,1.1771844660194175,Leve
2026-07-31 17:00:00,17,4,San Jose Centro,26.7,58,9.6,9.9331,-84.0792,10.3,7.2,2.6,70.0,9.9358,-84.0558,9.9567,-84.1132,824.0,1001.0,1.2148058252427185,1.2148058252427185,Leve
2026-07-31 18:00:00,18,4,San Jose Centro,25.5,61,7.4,9.9331,-84.0792,8.5,6.0,2.7,67.0,9.9358,-84.0558,9.9567,-84.1132,824.0,1021.0,1.2390776699029127,1.2390776699029127,Leve
2026-07-31 19:00:00,19,4,San Jose Centro,23.0,76,6.4,9.9331,-84.0792,7.2,5.2,3.2,66.0,9.9358,-84.0558,9.9567,-84.1132,824.0,1054.0,1.279126213592233,1.279126213592233,Leve
2026-07-31 20:00:00,20,4,San Jose Centro,24.2,73,3.3,9.9331,-84.0792,6.3,4.6,4.2,64.0,9.9358,-84.0558,9.9567,-84.1132,824.0,1069.0,1.2973300970873787,1.2973300970873787,Leve
2026-07-31 21:00:00,21,4,San Jose Centro,24.7,73,3.2,9.9331,-84.0792,7.6,6.1,5.8,60.0,9.9358,-84.0558,9.9567,-84.1132,824.0,1060.0,1.2864077669902914,1.2864077669902914,Leve
2026-07-31 22:00:00,22,4,San Jose Centro,24.1,72,2.4,9.9331,-84.0792,8.3,6.8,8.7,53.0,9.9358,-84.0558,9.9567,-84.1132,824.0,1089.0,1.3216019417475728,1.3216019417475728,Moderado
2026-07-31 23:00:00,23,4,San Jose Centro,24.0,71,4.3,9.9331,-84.0792,7.9,6.5,12.1,45.0,9.9358,-84.0558,9.9567,-84.1132,824.0,1172.0,1.4223300970873787,1.4223300970873787,Moderado
2026-08-01 00:00:00,0,5,San Jose Centro,22.9,78,7.6,9.9331,-84.0792,9.3,7.9,17.0,31.0,9.9358,-84.0558,9.9567,-84.1132,824.0,967.0,1.1735436893203883,1.1735436893203883,Leve
2026-08-01 01:00:00,1,5,San Jose Centro,22.2,80,9.2,9.9331,-84.0792,6.6,5.5,14.7,31.0,9.9358,-84.0558,9.9567,-84.1132,824.0,817.0,0.991504854368932,1.0,Fluido
2026-08-01 02:00:00,2,5,San Jose Centro,21.6,82,11.1,9.9331,-84.0792,5.5,4.5,11.6,31.0,9.9358,-84.0558,9.9567,-84.1132,824.0,803.0,0.9745145631067961,1.0,Fluido
2026-08-01 03:00:00,3,5,San Jose Centro,21.3,82,10.3,9.9331,-84.0792,4.8,4.0,9.0,32.0,9.9358,-84.0558,9.9567,-84.1132,824.0,797.0,0.9672330097087378,1.0,Fluido
2026-08-01 04:00:00,4,5,San Jose Centro,21.2,81,10.3,9.9331,-84.0792,4.3,3.6,7.6,33.0,9.9358,-84.0558,9.9567,-84.1132,824.0,765.0,0.9283980582524272,1.0,Fluido
2026-08-01 05:00:00,5,5,San Jose Centro,21.1,81,9.4,9.9331,-84.0792,4.3,3.5,6.8,34.0,9.9358,-84.0558,9.9567,-84.1132,824.0,737.0,0.8944174757281553,1.0,Fluido
2026-08-01 06:00:00,6,5,San Jose Centro,21.0,83,7.7,9.9331,-84.0792,4.1,3.3,6.1,35.0,9.9358,-84.0558,9.9567,-84.1132,824.0,713.0,0.8652912621359223,1.0,Fluido
2026-08-01 07:00:00,7,5,San Jose Centro,20.7,85,8.0,9.9331,-84.0792,3.2,2.6,5.2,36.0,9.9358,-84.0558,9.9567,-84.1132,824.0,685.0,0.8313106796116505,1.0,Fluido
2026-08-01 08:00:00,8,5,San Jose Centro,20.6,85,7.4,9.9331,-84.0792,2.6,2.1,4.4,36.0,9.9358,-84.0558,9.9567,-84.1132,824.0,662.0,0.8033980582524272,1.0,Fluido
2026-08-01 09:00:00,9,5,San Jose Centro,20.6,84,7.7,9.9331,-84.0792,2.3,1.8,4.1,36.0,9.9358,-84.0558,9.9567,-84.1132,824.0,637.0,0.7730582524271845,1.0,Fluido
2026-08-01 10:00:00,10,5,San Jose Centro,20.5,83,9.4,9.9331,-84.0792,2.2,1.8,4.7,34.0,9.9358,-84.0558,9.9567,-84.1132,824.0,657.0,0.7973300970873787,1.0,Fluido
2026-08-01 11:00:00,11,5,San Jose Centro,20.3,83,11.5,9.9331,-84.0792,2.3,1.9,5.7,33.0,9.9358,-84.0558,9.9567,-84.1132,824.0,702.0,0.8519417475728155,1.0,Fluido
2026-08-01 12:00:00,12,5,San Jose Centro,20.8,83,10.9,9.9331,-84.0792,2.3,1.9,5.6,37.0,9.9358,-84.0558,9.9567,-84.1132,824.0,733.0,0.8895631067961165,1.0,Fluido
2026-08-01 13:00:00,13,5,San Jose Centro,21.5,80,11.4,9.9331,-84.0792,3.7,3.0,4.8,45.0,9.9358,-84.0558,9.9567,-84.1132,824.0,724.0,0.8786407766990292,1.0,Fluido
2026-08-01 14:00:00,14,5,San Jose Centro,23.2,72,12.1,9.9331,-84.0792,5.4,4.2,3.6,55.0,9.9358,-84.0558,9.9567,-84.1132,824.0,765.0,0.9283980582524272,1.0,Fluido
2026-08-01 15:00:00,15,5,San Jose Centro,23.9,70,10.3,9.9331,-84.0792,8.3,5.4,2.7,63.0,9.9358,-84.0558,9.9567,-84.1132,824.0,833.0,1.0109223300970873,1.0109223300970873,Leve
2026-08-01 16:00:00,16,5,San Jose Centro,24.6,67,10.7,9.9331,-84.0792,6.9,4.5,2.1,66.0,9.9358,-84.0558,9.9567,-84.1132,824.0,848.0,1.029126213592233,1.029126213592233,Leve
2026-08-01 17:00:00,17,5,San Jose Centro,24.9,66,11.5,9.9331,-84.0792,7.5,5.1,1.7,67.0,9.9358,-84.0558,9.9567,-84.1132,824.0,867.0,1.0521844660194175,1.0521844660194175,Leve
2026-08-01 18:00:00,18,5,San Jose Centro,24.5,69,7.0,9.9331,-84.0792,7.1,4.9,1.5,67.0,9.9358,-84.0558,9.9567,-84.1132,824.0,1030.0,1.25,1.25,Leve
2026-08-01 19:00:00,19,5,San Jose Centro,25.5,66,3.6,9.9331,-84.0792,7.2,5.3,1.4,67.0,9.9358,-84.0558,9.9567,-84.1132,824.0,1024.0,1.2427184466019416,1.2427184466019416,Leve
2026-08-01 20:00:00,20,5,San Jose Centro,23.8,72,6.0,9.9331,-84.0792,6.4,4.9,1.5,66.0,9.9358,-84.0558,9.9567,-84.1132,824.0,1063.0,1.2900485436893203,1.2900485436893203,Leve
2026-08-01 21:00:00,21,5,San Jose Centro,23.6,72,4.7,9.9331,-84.0792,6.4,5.0,2.5,63.0,9.9358,-84.0558,9.9567,-84.1132,824.0,943.0,1.1444174757281553,1.1444174757281553,Leve
2026-08-01 22:00:00,22,5,San Jose Centro,22.9,77,4.6,9.9331,-84.0792,4.6,3.5,5.2,54.0,9.9358,-84.0558,9.9567,-84.1132,824.0,822.0,0.9975728155339806,1.0,Fluido
2026-08-01 23:00:00,23,5,San Jose Centro,22.9,74,8.5,9.9331,-84.0792,4.8,3.9,8.8,43.0,9.9358,-84.0558,9.9567,-84.1132,824.0,833.0,1.0109223300970873,1.0109223300970873,Leve
2026-08-02 00:00:00,0,6,San Jose Centro,21.4,86,4.0,9.9331,-84.0792,6.7,5.6,8.1,47.0,9.9358,-84.0558,9.9567,-84.1132,824.0,848.0,1.029126213592233,1.029126213592233,Leve
2026-08-02 01:00:00,1,6,San Jose Centro,20.6,90,8.7,9.9331,-84.0792,3.3,2.9,7.6,44.0,9.9358,-84.0558,9.9567,-84.1132,824.0,793.0,0.962378640776699,1.0,Fluido
2026-08-02 02:00:00,2,6,San Jose Centro,20.2,87,11.7,9.9331,-84.0792,2.6,2.4,7.0,39.0,9.9358,-84.0558,9.9567,-84.1132,824.0,775.0,0.9405339805825242,1.0,Fluido
2026-08-02 03:00:00,3,6,San Jose Centro,19.8,87,10.3,9.9331,-84.0792,2.6,2.3,6.3,36.0,9.9358,-84.0558,9.9567,-84.1132,824.0,783.0,0.9502427184466019,1.0,Fluido
2026-08-02 04:00:00,4,6,San Jose Centro,19.9,85,11.7,9.9331,-84.0792,2.8,2.5,5.7,36.0,9.9358,-84.0558,9.9567,-84.1132,824.0,759.0,0.9211165048543689,1.0,Fluido
2026-08-02 05:00:00,5,6,San Jose Centro,20.2,83,12.1,9.9331,-84.0792,3.3,2.9,5.1,37.0,9.9358,-84.0558,9.9567,-84.1132,824.0,744.0,0.9029126213592233,1.0,Fluido
2026-08-02 06:00:00,6,6,San Jose Centro,20.1,84,11.7,9.9331,-84.0792,3.2,2.6,4.7,37.0,9.9358,-84.0558,9.9567,-84.1132,824.0,704.0,0.8543689320388349,1.0,Fluido
2026-08-02 07:00:00,7,6,San Jose Centro,20.3,83,9.6,9.9331,-84.0792,2.4,1.9,4.4,36.0,9.9358,-84.0558,9.9567,-84.1132,824.0,676.0,0.8203883495145631,1.0,Fluido
2026-08-02 08:00:00,8,6,San Jose Centro,20.2,84,8.1,9.9331,-84.0792,1.9,1.6,4.3,35.0,9.9358,-84.0558,9.9567,-84.1132,824.0,663.0,0.8046116504854369,1.0,Fluido
2026-08-02 09:00:00,9,6,San Jose Centro,20.1,84,8.0,9.9331,-84.0792,1.6,1.4,4.4,33.0,9.9358,-84.0558,9.9567,-84.1132,824.0,635.0,0.7706310679611651,1.0,Fluido
2026-08-02 10:00:00,10,6,San Jose Centro,19.8,84,9.0,9.9331,-84.0792,1.8,1.6,5.0,31.0,9.9358,-84.0558,9.9567,-84.1132,824.0,644.0,0.7815533980582524,1.0,Fluido
2026-08-02 11:00:00,11,6,San Jose Centro,19.9,83,9.4,9.9331,-84.0792,2.4,2.0,5.7,28.0,9.9358,-84.0558,9.9567,-84.1132,824.0,672.0,0.8155339805825242,1.0,Fluido
2026-08-02 12:00:00,12,6,San Jose Centro,20.4,86,6.3,9.9331,-84.0792,3.0,2.4,5.6,33.0,9.9358,-84.0558,9.9567,-84.1132,824.0,708.0,0.8592233009708737,1.0,Fluido
2026-08-02 13:00:00,13,6,San Jose Centro,21.4,78,7.6,9.9331,-84.0792,5.5,4.1,5.5,34.0,9.9358,-84.0558,9.9567,-84.1132,824.0,690.0,0.837378640776699,1.0,Fluido
2026-08-02 14:00:00,14,6,San Jose Centro,22.9,73,9.7,9.9331,-84.0792,2.5,2.2,5.4,36.0,9.9358,-84.0558,9.9567,-84.1132,824.0,711.0,0.8628640776699029,1.0,Fluido
2026-08-02 15:00:00,15,6,San Jose Centro,24.4,67,10.1,9.9331,-84.0792,1.6,1.5,5.3,38.0,9.9358,-84.0558,9.9567,-84.1132,824.0,714.0,0.866504854368932,1.0,Fluido
2026-08-02 16:00:00,16,6,San Jose Centro,24.5,67,10.8,9.9331,-84.0792,1.3,1.2,5.1,39.0,9.9358,-84.0558,9.9567,-84.1132,824.0,722.0,0.8762135922330098,1.0,Fluido
2026-08-02 17:00:00,17,6,San Jose Centro,26.0,63,7.2,9.9331,-84.0792,1.8,1.7,4.9,40.0,9.9358,-84.0558,9.9567,-84.1132,824.0,737.0,0.8944174757281553,1.0,Fluido
2026-08-02 18:00:00,18,6,San Jose Centro,25.6,64,7.9,9.9331,-84.0792,2.8,2.5,4.7,42.0,9.9358,-84.0558,9.9567,-84.1132,824.0,763.0,0.9259708737864077,1.0,Fluido
2026-08-02 19:00:00,19,6,San Jose Centro,25.6,63,7.5,9.9331,-84.0792,3.8,3.6,4.1,45.0,9.9358,-84.0558,9.9567,-84.1132,824.0,786.0,0.9538834951456311,1.0,Fluido
2026-08-02 20:00:00,20,6,San Jose Centro,26.2,61,6.1,9.9331,-84.0792,4.2,4.0,3.5,49.0,9.9358,-84.0558,9.9567,-84.1132,824.0,771.0,0.9356796116504854,1.0,Fluido
2026-08-02 21:00:00,21,6,San Jose Centro,22.0,83,4.4,9.9331,-84.0792,4.0,3.6,4.0,49.0,9.9358,-84.0558,9.9567,-84.1132,824.0,764.0,0.9271844660194175,1.0,Fluido
2026-08-02 22:00:00,22,6,San Jose Centro,21.6,85,2.1,9.9331,-84.0792,4.8,4.3,6.3,43.0,9.9358,-84.0558,9.9567,-84.1132,824.0,743.0,0.9016990291262136,1.0,Fluido
2026-08-02 23:00:00,23,6,San Jose Centro,20.9,93,2.0,9.9331,-84.0792,5.5,5.0,9.7,34.0,9.9358,-84.0558,9.9567,-84.1132,824.0,770.0,0.9344660194174758,1.0,Fluido
2026-08-03 00:00:00,0,0,San Jose Centro,23.1,69,6.4,9.9331,-84.0792,5.2,4.7,10.4,30.0,9.9358,-84.0558,9.9567,-84.1132,824.0,814.0,0.9878640776699029,1.0,Fluido
2026-08-03 01:00:00,1,0,San Jose Centro,22.0,76,5.8,9.9331,-84.0792,7.4,6.8,13.3,25.0,9.9358,-84.0558,9.9567,-84.1132,824.0,792.0,0.9611650485436893,1.0,Fluido
2026-08-03 02:00:00,2,0,San Jose Centro,21.4,80,4.0,9.9331,-84.0792,8.5,7.7,17.3,17.0,9.9358,-84.0558,9.9567,-84.1132,824.0,763.0,0.9259708737864077,1.0,Fluido
2026-08-03 03:00:00,3,0,San Jose Centro,21.0,82,3.3,9.9331,-84.0792,10.3,9.5,20.5,11.0,9.9358,-84.0558,9.9567,-84.1132,824.0,770.0,0.9344660194174758,1.0,Fluido
2026-08-03 04:00:00,4,0,San Jose Centro,20.4,86,3.2,9.9331,-84.0792,11.9,11.1,22.3,7.0,9.9358,-84.0558,9.9567,-84.1132,824.0,733.0,0.8895631067961165,1.0,Fluido
2026-08-03 05:00:00,5,0,San Jose Centro,19.7,90,2.8,9.9331,-84.0792,12.9,12.1,23.3,5.0,9.9358,-84.0558,9.9567,-84.1132,824.0,695.0,0.8434466019417476,1.0,Fluido
2026-08-03 06:00:00,6,0,San Jose Centro,20.4,86,2.4,9.9331,-84.0792,12.5,11.6,23.0,5.0,9.9358,-84.0558,9.9567,-84.1132,824.0,675.0,0.8191747572815534,1.0,Fluido
2026-08-03 07:00:00,7,0,San Jose Centro,19.9,86,3.4,9.9331,-84.0792,11.9,11.0,20.7,7.0,9.9358,-84.0558,9.9567,-84.1132,824.0,660.0,0.8009708737864077,1.0,Fluido
2026-08-03 08:00:00,8,0,San Jose Centro,19.6,85,6.6,9.9331,-84.0792,11.1,10.0,17.2,11.0,9.9358,-84.0558,9.9567,-84.1132,824.0,637.0,0.7730582524271845,1.0,Fluido
2026-08-03 09:00:00,9,0,San Jose Centro,19.3,83,6.8,9.9331,-84.0792,10.3,9.0,14.3,14.0,9.9358,-84.0558,9.9567,-84.1132,824.0,649.0,0.787621359223301,1.0,Fluido
2026-08-03 10:00:00,10,0,San Jose Centro,19.0,81,7.6,9.9331,-84.0792,9.9,8.2,12.9,15.0,9.9358,-84.0558,9.9567,-84.1132,824.0,684.0,0.8300970873786407,1.0,Fluido
2026-08-03 11:00:00,11,0,San Jose Centro,19.0,79,8.7,9.9331,-84.0792,9.5,8.1,12.0,16.0,9.9358,-84.0558,9.9567,-84.1132,824.0,760.0,0.9223300970873787,1.0,Fluido
2026-08-03 12:00:00,12,0,San Jose Centro,19.0,79,10.4,9.9331,-84.0792,6.8,5.7,12.3,17.0,9.9358,-84.0558,9.9567,-84.1132,824.0,1133.0,1.375,1.375,Moderado
2026-08-03 13:00:00,13,0,San Jose Centro,21.0,71,11.2,9.9331,-84.0792,10.2,8.9,11.0,26.0,9.9358,-84.0558,9.9567,-84.1132,824.0,1230.0,1.4927184466019416,1.4927184466019416,Moderado
2026-08-03 14:00:00,14,0,San Jose Centro,21.9,71,11.3,9.9331,-84.0792,9.7,7.4,9.0,38.0,9.9358,-84.0558,9.9567,-84.1132,824.0,1106.0,1.3422330097087378,1.3422330097087378,Moderado
2026-08-03 15:00:00,15,0,San Jose Centro,22.4,72,9.8,9.9331,-84.0792,8.5,6.6,7.3,48.0,9.9358,-84.0558,9.9567,-84.1132,824.0,1030.0,1.25,1.25,Leve
2026-08-03 16:00:00,16,0,San Jose Centro,24.3,66,7.8,9.9331,-84.0792,5.9,4.4,5.8,54.0,9.9358,-84.0558,9.9567,-84.1132,824.0,936.0,1.1359223300970873,1.1359223300970873,Leve
2026-08-03 17:00:00,17,0,San Jose Centro,26.1,61,6.9,9.9331,-84.0792,5.0,3.8,4.5,57.0,9.9358,-84.0558,9.9567,-84.1132,824.0,913.0,1.108009708737864,1.108009708737864,Leve
2026-08-03 18:00:00,18,0,San Jose Centro,24.0,69,11.0,9.9331,-84.0792,5.9,4.8,3.7,60.0,9.9358,-84.0558,9.9567,-84.1132,824.0,896.0,1.087378640776699,1.087378640776699,Leve
2026-08-03 19:00:00,19,0,San Jose Centro,25.6,61,7.0,9.9331,-84.0792,5.6,4.6,3.4,64.0,9.9358,-84.0558,9.9567,-84.1132,824.0,889.0,1.078883495145631,1.078883495145631,Leve
2026-08-03 20:00:00,20,0,San Jose Centro,24.8,62,4.2,9.9331,-84.0792,5.1,4.5,3.7,67.0,9.9358,-84.0558,9.9567,-84.1132,824.0,868.0,1.0533980582524272,1.0533980582524272,Leve
2026-08-03 21:00:00,21,0,San Jose Centro,25.0,62,8.0,9.9331,-84.0792,5.7,5.0,5.2,67.0,9.9358,-84.0558,9.9567,-84.1132,824.0,888.0,1.0776699029126213,1.0776699029126213,Leve
2026-08-03 22:00:00,22,0,San Jose Centro,24.0,67,6.2,9.9331,-84.0792,7.3,6.3,8.9,60.0,9.9358,-84.0558,9.9567,-84.1132,824.0,916.0,1.1116504854368932,1.1116504854368932,Leve
2026-08-03 23:00:00,23,0,San Jose Centro,23.1,70,5.5,9.9331,-84.0792,9.3,8.1,13.8,49.0,9.9358,-84.0558,9.9567,-84.1132,824.0,1042.0,1.2645631067961165,1.2645631067961165,Leve
2026-08-04 00:00:00,0,1,San Jose Centro,22.3,69,6.8,9.9331,-84.0792,16.9,15.5,24.9,23.0,9.9358,-84.0558,9.9567,-84.1132,824.0,923.0,1.1201456310679612,1.1201456310679612,Leve
2026-08-04 01:00:00,1,1,San Jose Centro,20.8,77,8.7,9.9331,-84.0792,17.0,15.4,24.9,20.0,9.9358,-84.0558,9.9567,-84.1132,824.0,792.0,0.9611650485436893,1.0,Fluido
2026-08-04 02:00:00,2,1,San Jose Centro,19.7,83,10.2,9.9331,-84.0792,17.0,15.2,24.9,17.0,9.9358,-84.0558,9.9567,-84.1132,824.0,768.0,0.9320388349514563,1.0,Fluido
2026-08-04 03:00:00,3,1,San Jose Centro,19.4,83,9.6,9.9331,-84.0792,17.5,15.7,24.5,14.0,9.9358,-84.0558,9.9567,-84.1132,824.0,771.0,0.9356796116504854,1.0,Fluido
2026-08-04 04:00:00,4,1,San Jose Centro,19.1,82,9.1,9.9331,-84.0792,16.9,15.3,23.6,13.0,9.9358,-84.0558,9.9567,-84.1132,824.0,732.0,0.8883495145631068,1.0,Fluido
2026-08-04 05:00:00,5,1,San Jose Centro,18.8,81,9.7,9.9331,-84.0792,16.1,14.6,22.3,14.0,9.9358,-84.0558,9.9567,-84.1132,824.0,690.0,0.837378640776699,1.0,Fluido
2026-08-04 06:00:00,6,1,San Jose Centro,18.2,81,10.4,9.9331,-84.0792,14.9,13.3,20.5,15.0,9.9358,-84.0558,9.9567,-84.1132,824.0,668.0,0.8106796116504854,1.0,Fluido
2026-08-04 07:00:00,7,1,San Jose Centro,18.1,81,11.3,9.9331,-84.0792,14.0,12.5,17.5,18.0,9.9358,-84.0558,9.9567,-84.1132,824.0,632.0,0.7669902912621359,1.0,Fluido
2026-08-04 08:00:00,8,1,San Jose Centro,18.2,80,11.3,9.9331,-84.0792,13.7,11.8,14.0,21.0,9.9358,-84.0558,9.9567,-84.1132,824.0,656.0,0.7961165048543689,1.0,Fluido
2026-08-04 09:00:00,9,1,San Jose Centro,18.2,79,11.2,9.9331,-84.0792,13.2,11.4,11.5,24.0,9.9358,-84.0558,9.9567,-84.1132,824.0,652.0,0.7912621359223301,1.0,Fluido
2026-08-04 10:00:00,10,1,San Jose Centro,18.5,77,10.6,9.9331,-84.0792,12.5,10.7,11.0,24.0,9.9358,-84.0558,9.9567,-84.1132,824.0,662.0,0.8033980582524272,1.0,Fluido
2026-08-04 11:00:00,11,1,San Jose Centro,18.2,80,11.0,9.9331,-84.0792,12.4,10.6,11.6,23.0,9.9358,-84.0558,9.9567,-84.1132,824.0,738.0,0.8956310679611651,1.0,Fluido
2026-08-04 12:00:00,12,1,San Jose Centro,19.6,78,10.6,9.9331,-84.0792,12.0,10.2,10.0,30.0,9.9358,-84.0558,9.9567,-84.1132,824.0,1117.0,1.3555825242718447,1.3555825242718447,Moderado
2026-08-04 13:00:00,13,1,San Jose Centro,20.9,75,9.9,9.9331,-84.0792,13.3,11.2,8.2,43.0,9.9358,-84.0558,9.9567,-84.1132,824.0,1379.0,1.6735436893203883,1.6735436893203883,Moderado
2026-08-04 14:00:00,14,1,San Jose Centro,22.2,73,10.3,9.9331,-84.0792,11.0,9.5,5.7,60.0,9.9358,-84.0558,9.9567,-84.1132,824.0,1285.0,1.5594660194174756,1.5594660194174756,Moderado
2026-08-04 15:00:00,15,1,San Jose Centro,23.3,69,10.9,9.9331,-84.0792,8.7,7.1,3.7,72.0,9.9358,-84.0558,9.9567,-84.1132,824.0,1182.0,1.4344660194174756,1.4344660194174756,Moderado
2026-08-04 16:00:00,16,1,San Jose Centro,23.3,71,8.3,9.9331,-84.0792,9.1,6.8,2.7,75.0,9.9358,-84.0558,9.9567,-84.1132,824.0,1161.0,1.4089805825242718,1.4089805825242718,Moderado
2026-08-04 17:00:00,17,1,San Jose Centro,23.8,72,5.8,9.9331,-84.0792,10.2,7.3,2.3,72.0,9.9358,-84.0558,9.9567,-84.1132,824.0,985.0,1.1953883495145632,1.1953883495145632,Leve
2026-08-04 18:00:00,18,1,San Jose Centro,24.0,71,2.7,9.9331,-84.0792,10.1,7.1,2.1,69.0,9.9358,-84.0558,9.9567,-84.1132,824.0,969.0,1.1759708737864079,1.1759708737864079,Leve
2026-08-04 19:00:00,19,1,San Jose Centro,24.4,70,8.1,9.9331,-84.0792,9.6,6.6,1.8,67.0,9.9358,-84.0558,9.9567,-84.1132,824.0,918.0,1.1140776699029127,1.1140776699029127,Leve
2026-08-04 20:00:00,20,1,San Jose Centro,25.2,64,5.0,9.9331,-84.0792,9.2,6.3,1.7,64.0,9.9358,-84.0558,9.9567,-84.1132,824.0,922.0,1.1189320388349515,1.1189320388349515,Leve
2026-08-04 21:00:00,21,1,San Jose Centro,23.9,68,3.6,9.9331,-84.0792,9.6,6.6,3.1,59.0,9.9358,-84.0558,9.9567,-84.1132,824.0,929.0,1.1274271844660195,1.1274271844660195,Leve
2026-08-04 22:00:00,22,1,San Jose Centro,22.8,72,5.0,9.9331,-84.0792,9.4,6.6,7.5,50.0,9.9358,-84.0558,9.9567,-84.1132,824.0,1045.0,1.2682038834951457,1.2682038834951457,Leve
2026-08-04 23:00:00,23,1,San Jose Centro,22.3,74,5.6,9.9331,-84.0792,10.7,8.5,13.4,39.0,9.9358,-84.0558,9.9567,-84.1132,824.0,1221.0,1.4817961165048543,1.4817961165048543,Moderado
2026-08-05 00:00:00,0,2,San Jose Centro,22.6,72,5.8,9.9331,-84.0792,15.3,12.7,21.7,23.0,9.9358,-84.0558,9.9567,-84.1132,824.0,978.0,1.1868932038834952,1.1868932038834952,Leve
2026-08-05 01:00:00,1,2,San Jose Centro,21.9,75,6.5,9.9331,-84.0792,15.0,12.3,18.4,25.0,9.9358,-84.0558,9.9567,-84.1132,824.0,806.0,0.9781553398058253,1.0,Fluido
2026-08-05 02:00:00,2,2,San Jose Centro,21.5,74,7.4,9.9331,-84.0792,12.0,9.9,13.8,28.0,9.9358,-84.0558,9.9567,-84.1132,824.0,766.0,0.9296116504854369,1.0,Fluido
2026-08-05 03:00:00,3,2,San Jose Centro,20.6,78,8.1,9.9331,-84.0792,7.4,5.7,10.6,29.0,9.9358,-84.0558,9.9567,-84.1132,824.0,785.0,0.9526699029126213,1.0,Fluido
2026-08-05 04:00:00,4,2,San Jose Centro,20.2,80,8.8,9.9331,-84.0792,6.7,5.4,10.0,27.0,9.9358,-84.0558,9.9567,-84.1132,824.0,749.0,0.9089805825242718,1.0,Fluido
2026-08-05 05:00:00,5,2,San Jose Centro,20.3,78,8.1,9.9331,-84.0792,5.7,4.2,10.7,23.0,9.9358,-84.0558,9.9567,-84.1132,824.0,711.0,0.8628640776699029,1.0,Fluido
2026-08-05 06:00:00,6,2,San Jose Centro,20.4,75,7.6,9.9331,-84.0792,6.0,4.8,11.2,20.0,9.9358,-84.0558,9.9567,-84.1132,824.0,684.0,0.8300970873786407,1.0,Fluido
2026-08-05 07:00:00,7,2,San Jose Centro,20.3,75,6.1,9.9331,-84.0792,6.1,5.1,10.9,18.0,9.9358,-84.0558,9.9567,-84.1132,824.0,643.0,0.7803398058252428,1.0,Fluido
2026-08-05 08:00:00,8,2,San Jose Centro,20.2,77,7.1,9.9331,-84.0792,6.2,4.9,10.4,18.0,9.9358,-84.0558,9.9567,-84.1132,824.0,638.0,0.7742718446601942,1.0,Fluido
2026-08-05 09:00:00,9,2,San Jose Centro,19.4,81,6.9,9.9331,-84.0792,6.5,5.1,10.1,17.0,9.9358,-84.0558,9.9567,-84.1132,824.0,631.0,0.7657766990291263,1.0,Fluido
2026-08-05 10:00:00,10,2,San Jose Centro,18.3,86,7.2,9.9331,-84.0792,6.9,5.3,10.7,15.0,9.9358,-84.0558,9.9567,-84.1132,824.0,660.0,0.8009708737864077,1.0,Fluido
2026-08-05 11:00:00,11,2,San Jose Centro,18.2,85,7.2,9.9331,-84.0792,7.4,5.6,11.5,13.0,9.9358,-84.0558,9.9567,-84.1132,824.0,737.0,0.8944174757281553,1.0,Fluido
2026-08-05 12:00:00,12,2,San Jose Centro,19.1,81,7.6,9.9331,-84.0792,6.4,5.0,8.7,28.0,9.9358,-84.0558,9.9567,-84.1132,824.0,1132.0,1.3737864077669903,1.3737864077669903,Moderado
2026-08-05 13:00:00,13,2,San Jose Centro,21.0,72,6.1,9.9331,-84.0792,8.4,7.0,7.9,41.0,9.9358,-84.0558,9.9567,-84.1132,824.0,1320.0,1.6019417475728155,1.6019417475728155,Moderado
2026-08-05 14:00:00,14,2,San Jose Centro,23.4,64,2.9,9.9331,-84.0792,7.5,6.0,6.8,59.0,9.9358,-84.0558,9.9567,-84.1132,824.0,1219.0,1.479368932038835,1.479368932038835,Moderado
2026-08-05 15:00:00,15,2,San Jose Centro,25.6,57,1.3,9.9331,-84.0792,8.6,7.1,5.6,72.0,9.9358,-84.0558,9.9567,-84.1132,824.0,1120.0,1.3592233009708738,1.3592233009708738,Moderado
2026-08-05 16:00:00,16,2,San Jose Centro,26.7,54,8.2,9.9331,-84.0792,6.3,4.9,4.0,75.0,9.9358,-84.0558,9.9567,-84.1132,824.0,1051.0,1.2754854368932038,1.2754854368932038,Leve
2026-08-05 17:00:00,17,2,San Jose Centro,27.5,51,2.5,9.9331,-84.0792,5.0,4.0,2.5,73.0,9.9358,-84.0558,9.9567,-84.1132,824.0,1006.0,1.220873786407767,1.220873786407767,Leve
2026-08-05 18:00:00,18,2,San Jose Centro,24.8,61,6.0,9.9331,-84.0792,4.2,3.4,2.4,69.0,9.9358,-84.0558,9.9567,-84.1132,824.0,1045.0,1.2682038834951457,1.2682038834951457,Leve
2026-08-05 19:00:00,19,2,San Jose Centro,24.0,66,7.1,9.9331,-84.0792,4.6,3.8,5.3,62.0,9.9358,-84.0558,9.9567,-84.1132,824.0,959.0,1.1638349514563107,1.1638349514563107,Leve
2026-08-05 20:00:00,20,2,San Jose Centro,23.0,73,7.0,9.9331,-84.0792,4.9,4.2,9.7,52.0,9.9358,-84.0558,9.9567,-84.1132,824.0,936.0,1.1359223300970873,1.1359223300970873,Leve
2026-08-05 21:00:00,21,2,San Jose Centro,22.5,77,3.8,9.9331,-84.0792,7.2,6.9,12.7,45.0,9.9358,-84.0558,9.9567,-84.1132,824.0,921.0,1.1177184466019416,1.1177184466019416,Leve
2026-08-05 22:00:00,22,2,San Jose Centro,21.1,87,5.4,9.9331,-84.0792,6.8,6.6,12.6,44.0,9.9358,-84.0558,9.9567,-84.1132,824.0,1041.0,1.2633495145631068,1.2633495145631068,Leve
2026-08-05 23:00:00,23,2,San Jose Centro,20.6,91,3.1,9.9331,-84.0792,7.5,7.3,11.2,46.0,9.9358,-84.0558,9.9567,-84.1132,824.0,1184.0,1.4368932038834952,1.4368932038834952,Moderado
2026-08-06 00:00:00,0,3,San Jose Centro,21.6,84,5.6,9.9331,-84.0792,6.4,6.1,22.1,26.0,9.9358,-84.0558,9.9567,-84.1132,824.0,1004.0,1.2184466019417475,1.2184466019417475,Leve
2026-08-06 01:00:00,1,3,San Jose Centro,21.5,81,6.0,9.9331,-84.0792,5.2,5.0,20.7,26.0,9.9358,-84.0558,9.9567,-84.1132,824.0,820.0,0.9951456310679612,1.0,Fluido
2026-08-06 02:00:00,2,3,San Jose Centro,21.1,81,5.1,9.9331,-84.0792,3.9,3.7,18.7,25.0,9.9358,-84.0558,9.9567,-84.1132,824.0,785.0,0.9526699029126213,1.0,Fluido
2026-08-06 03:00:00,3,3,San Jose Centro,20.8,82,3.3,9.9331,-84.0792,3.2,3.0,16.8,25.0,9.9358,-84.0558,9.9567,-84.1132,824.0,798.0,0.9684466019417476,1.0,Fluido
2026-08-06 04:00:00,4,3,San Jose Centro,20.3,87,3.1,9.9331,-84.0792,3.0,2.9,15.4,25.0,9.9358,-84.0558,9.9567,-84.1132,824.0,752.0,0.912621359223301,1.0,Fluido
2026-08-06 05:00:00,5,3,San Jose Centro,20.1,92,1.5,9.9331,-84.0792,2.9,2.7,14.0,25.0,9.9358,-84.0558,9.9567,-84.1132,824.0,708.0,0.8592233009708737,1.0,Fluido
2026-08-06 06:00:00,6,3,San Jose Centro,19.4,92,3.0,9.9331,-84.0792,2.5,2.4,12.4,27.0,9.9358,-84.0558,9.9567,-84.1132,824.0,674.0,0.8179611650485437,1.0,Fluido
2026-08-06 07:00:00,7,3,San Jose Centro,19.4,93,0.8,9.9331,-84.0792,2.3,1.9,9.9,32.0,9.9358,-84.0558,9.9567,-84.1132,824.0,634.0,0.7694174757281553,1.0,Fluido
2026-08-06 08:00:00,8,3,San Jose Centro,19.2,95,1.7,9.9331,-84.0792,2.3,1.9,7.2,38.0,9.9358,-84.0558,9.9567,-84.1132,824.0,649.0,0.787621359223301,1.0,Fluido
2026-08-06 09:00:00,9,3,San Jose Centro,19.0,96,2.8,9.9331,-84.0792,2.5,2.1,5.5,42.0,9.9358,-84.0558,9.9567,-84.1132,824.0,645.0,0.7827669902912622,1.0,Fluido
2026-08-06 10:00:00,10,3,San Jose Centro,18.9,95,6.3,9.9331,-84.0792,3.0,2.5,6.0,41.0,9.9358,-84.0558,9.9567,-84.1132,824.0,664.0,0.8058252427184466,1.0,Fluido
2026-08-06 11:00:00,11,3,San Jose Centro,18.6,94,7.0,9.9331,-84.0792,3.7,3.1,7.5,38.0,9.9358,-84.0558,9.9567,-84.1132,824.0,752.0,0.912621359223301,1.0,Fluido
2026-08-06 12:00:00,12,3,San Jose Centro,18.5,91,9.1,9.9331,-84.0792,3.2,2.9,9.2,37.0,9.9358,-84.0558,9.9567,-84.1132,824.0,1087.0,1.3191747572815533,1.3191747572815533,Moderado
2026-08-06 13:00:00,13,3,San Jose Centro,18.7,88,8.6,9.9331,-84.0792,4.6,4.1,9.7,41.0,9.9358,-84.0558,9.9567,-84.1132,824.0,1299.0,1.5764563106796117,1.5764563106796117,Moderado
2026-08-06 14:00:00,14,3,San Jose Centro,19.0,89,7.8,9.9331,-84.0792,9.5,8.9,10.4,47.0,9.9358,-84.0558,9.9567,-84.1132,824.0,1180.0,1.4320388349514563,1.4320388349514563,Moderado
2026-08-06 15:00:00,15,3,San Jose Centro,20.3,87,8.1,9.9331,-84.0792,8.9,7.6,10.2,53.0,9.9358,-84.0558,9.9567,-84.1132,824.0,1196.0,1.4514563106796117,1.4514563106796117,Moderado
2026-08-06 16:00:00,16,3,San Jose Centro,21.7,76,8.0,9.9331,-84.0792,9.1,6.9,8.3,59.0,9.9358,-84.0558,9.9567,-84.1132,824.0,1098.0,1.3325242718446602,1.3325242718446602,Moderado
2026-08-06 17:00:00,17,3,San Jose Centro,24.9,66,7.2,9.9331,-84.0792,10.1,7.1,5.5,66.0,9.9358,-84.0558,9.9567,-84.1132,824.0,1028.0,1.2475728155339805,1.2475728155339805,Leve
2026-08-06 18:00:00,18,3,San Jose Centro,25.4,62,2.9,9.9331,-84.0792,10.4,7.6,3.9,70.0,9.9358,-84.0558,9.9567,-84.1132,824.0,972.0,1.1796116504854368,1.1796116504854368,Leve
2026-08-06 19:00:00,19,3,San Jose Centro,21.2,82,3.4,9.9331,-84.0792,10.4,8.0,4.0,71.0,9.9358,-84.0558,9.9567,-84.1132,824.0,1026.0,1.2451456310679612,1.2451456310679612,Leve
2026-08-06 20:00:00,20,3,San Jose Centro,22.5,77,0.6,9.9331,-84.0792,11.6,9.4,5.3,69.0,9.9358,-84.0558,9.9567,-84.1132,824.0,1065.0,1.2924757281553398,1.2924757281553398,Leve
2026-08-06 21:00:00,21,3,San Jose Centro,22.5,79,2.2,9.9331,-84.0792,8.7,7.4,8.1,64.0,9.9358,-84.0558,9.9567,-84.1132,824.0,1030.0,1.25,1.25,Leve
2026-08-06 22:00:00,22,3,San Jose Centro,22.0,82,0.8,9.9331,-84.0792,11.6,10.3,13.9,52.0,9.9358,-84.0558,9.9567,-84.1132,824.0,1092.0,1.325242718446602,1.325242718446602,Moderado
2026-08-06 23:00:00,23,3,San Jose Centro,21.2,84,3.1,9.9331,-84.0792,11.6,10.7,21.2,37.0,9.9358,-84.0558,9.9567,-84.1132,824.0,1245.0,1.5109223300970873,1.5109223300970873,Moderado
2026-08-07 00:00:00,0,4,San Jose Centro,20.6,82,8.5,9.9331,-84.0792,7.1,6.9,20.9,30.0,9.9358,-84.0558,9.9567,-84.1132,824.0,1031.0,1.2512135922330097,1.2512135922330097,Leve
2026-08-07 01:00:00,1,4,San Jose Centro,19.9,85,10.6,9.9331,-84.0792,7.1,7.0,21.9,25.0,9.9358,-84.0558,9.9567,-84.1132,824.0,837.0,1.0157766990291262,1.0157766990291262,Leve
2026-08-07 02:00:00,2,4,San Jose Centro,19.7,83,11.2,9.9331,-84.0792,8.6,8.2,23.2,19.0,9.9358,-84.0558,9.9567,-84.1132,824.0,813.0,0.9866504854368932,1.0,Fluido
2026-08-07 03:00:00,3,4,San Jose Centro,19.8,80,11.2,9.9331,-84.0792,9.6,9.1,23.7,15.0,9.9358,-84.0558,9.9567,-84.1132,824.0,791.0,0.9599514563106796,1.0,Fluido
2026-08-07 04:00:00,4,4,San Jose Centro,19.6,80,10.3,9.9331,-84.0792,10.7,10.1,23.0,14.0,9.9358,-84.0558,9.9567,-84.1132,824.0,776.0,0.941747572815534,1.0,Fluido
2026-08-07 05:00:00,5,4,San Jose Centro,19.3,80,11.8,9.9331,-84.0792,11.5,10.6,21.5,16.0,9.9358,-84.0558,9.9567,-84.1132,824.0,717.0,0.8701456310679612,1.0,Fluido
2026-08-07 06:00:00,6,4,San Jose Centro,18.8,82,11.1,9.9331,-84.0792,10.6,9.1,19.3,18.0,9.9358,-84.0558,9.9567,-84.1132,824.0,691.0,0.8385922330097088,1.0,Fluido
2026-08-07 07:00:00,7,4,San Jose Centro,19.3,77,11.9,9.9331,-84.0792,10.0,7.8,15.5,22.0,9.9358,-84.0558,9.9567,-84.1132,824.0,666.0,0.808252427184466,1.0,Fluido
2026-08-07 08:00:00,8,4,San Jose Centro,19.3,76,12.1,9.9331,-84.0792,9.3,6.7,11.0,27.0,9.9358,-84.0558,9.9567,-84.1132,824.0,628.0,0.7621359223300971,1.0,Fluido
2026-08-07 09:00:00,9,4,San Jose Centro,19.2,77,12.6,9.9331,-84.0792,9.8,6.4,8.0,30.0,9.9358,-84.0558,9.9567,-84.1132,824.0,641.0,0.7779126213592233,1.0,Fluido
2026-08-07 10:00:00,10,4,San Jose Centro,19.2,76,12.9,9.9331,-84.0792,10.8,6.7,8.0,28.0,9.9358,-84.0558,9.9567,-84.1132,824.0,674.0,0.8179611650485437,1.0,Fluido
2026-08-07 11:00:00,11,4,San Jose Centro,19.0,77,12.8,9.9331,-84.0792,11.5,7.1,9.5,25.0,9.9358,-84.0558,9.9567,-84.1132,824.0,741.0,0.8992718446601942,1.0,Fluido
2026-08-07 12:00:00,12,4,San Jose Centro,18.1,89,15.9,9.9331,-84.0792,14.1,9.2,10.8,24.0,9.9358,-84.0558,9.9567,-84.1132,824.0,887.0,1.0764563106796117,1.0764563106796117,Leve
2026-08-07 13:00:00,13,4,San Jose Centro,19.8,83,15.5,9.9331,-84.0792,18.0,10.3,8.8,34.0,9.9358,-84.0558,9.9567,-84.1132,824.0,977.0,1.1856796116504855,1.1856796116504855,Leve
2026-08-07 14:00:00,14,4,San Jose Centro,21.7,77,13.5,9.9331,-84.0792,15.9,8.6,6.1,48.0,9.9358,-84.0558,9.9567,-84.1132,824.0,970.0,1.1771844660194175,1.1771844660194175,Leve
2026-08-07 15:00:00,15,4,San Jose Centro,23.7,70,13.0,9.9331,-84.0792,10.5,6.1,4.0,59.0,9.9358,-84.0558,9.9567,-84.1132,824.0,1005.0,1.2196601941747574,1.2196601941747574,Leve
2026-08-07 16:00:00,16,4,San Jose Centro,25.0,64,14.5,9.9331,-84.0792,9.3,5.8,3.2,66.0,9.9358,-84.0558,9.9567,-84.1132,824.0,970.0,1.1771844660194175,1.1771844660194175,Leve
2026-08-07 17:00:00,17,4,San Jose Centro,25.4,63,11.6,9.9331,-84.0792,8.6,5.9,3.1,70.0,9.9358,-84.0558,9.9567,-84.1132,824.0,1001.0,1.2148058252427185,1.2148058252427185,Leve
2026-08-07 18:00:00,18,4,San Jose Centro,25.6,63,8.7,9.9331,-84.0792,7.7,5.5,3.2,72.0,9.9358,-84.0558,9.9567,-84.1132,824.0,1021.0,1.2390776699029127,1.2390776699029127,Leve
2026-08-07 19:00:00,19,4,San Jose Centro,25.3,62,9.0,9.9331,-84.0792,6.7,4.8,2.9,74.0,9.9358,-84.0558,9.9567,-84.1132,824.0,1054.0,1.279126213592233,1.279126213592233,Leve
2026-08-07 20:00:00,20,4,San Jose Centro,25.1,65,7.3,9.9331,-84.0792,7.1,5.1,2.8,73.0,9.9358,-84.0558,9.9567,-84.1132,824.0,1069.0,1.2973300970873787,1.2973300970873787,Leve
2026-08-07 21:00:00,21,4,San Jose Centro,24.8,65,8.6,9.9331,-84.0792,7.8,5.7,4.1,70.0,9.9358,-84.0558,9.9567,-84.1132,824.0,1060.0,1.2864077669902914,1.2864077669902914,Leve
2026-08-07 22:00:00,22,4,San Jose Centro,24.0,68,8.9,9.9331,-84.0792,8.9,6.5,8.3,61.0,9.9358,-84.0558,9.9567,-84.1132,824.0,1089.0,1.3216019417475728,1.3216019417475728,Moderado
2026-08-07 23:00:00,23,4,San Jose Centro,22.6,74,8.8,9.9331,-84.0792,10.0,7.5,13.9,49.0,9.9358,-84.0558,9.9567,-84.1132,824.0,1172.0,1.4223300970873787,1.4223300970873787,Moderado
2026-08-08 00:00:00,0,5,San Jose Centro,21.9,76,7.4,9.9331,-84.0792,13.0,8.7,11.7,44.0,9.9358,-84.0558,9.9567,-84.1132,824.0,967.0,1.1735436893203883,1.1735436893203883,Leve
2026-08-08 01:00:00,1,5,San Jose Centro,21.2,79,9.2,9.9331,-84.0792,13.4,11.0,13.8,36.0,9.9358,-84.0558,9.9567,-84.1132,824.0,817.0,0.991504854368932,1.0,Fluido
2026-08-08 02:00:00,2,5,San Jose Centro,20.9,79,10.0,9.9331,-84.0792,14.0,11.8,16.7,25.0,9.9358,-84.0558,9.9567,-84.1132,824.0,803.0,0.9745145631067961,1.0,Fluido
2026-08-08 03:00:00,3,5,San Jose Centro,20.9,77,11.3,9.9331,-84.0792,13.9,11.3,18.3,18.0,9.9358,-84.0558,9.9567,-84.1132,824.0,797.0,0.9672330097087378,1.0,Fluido
2026-08-08 04:00:00,4,5,San Jose Centro,20.6,79,11.4,9.9331,-84.0792,14.0,10.9,17.5,18.0,9.9358,-84.0558,9.9567,-84.1132,824.0,765.0,0.9283980582524272,1.0,Fluido
2026-08-08 05:00:00,5,5,San Jose Centro,20.5,78,12.5,9.9331,-84.0792,14.0,10.8,15.3,21.0,9.9358,-84.0558,9.9567,-84.1132,824.0,737.0,0.8944174757281553,1.0,Fluido
2026-08-08 06:00:00,6,5,San Jose Centro,20.4,74,11.9,9.9331,-84.0792,13.6,10.0,13.1,24.0,9.9358,-84.0558,9.9567,-84.1132,824.0,713.0,0.8652912621359223,1.0,Fluido
2026-08-08 07:00:00,7,5,San Jose Centro,20.2,77,11.4,9.9331,-84.0792,12.9,9.1,11.0,26.0,9.9358,-84.0558,9.9567,-84.1132,824.0,685.0,0.8313106796116505,1.0,Fluido
2026-08-08 08:00:00,8,5,San Jose Centro,19.9,78,11.6,9.9331,-84.0792,12.2,8.4,8.8,27.0,9.9358,-84.0558,9.9567,-84.1132,824.0,662.0,0.8033980582524272,1.0,Fluido
2026-08-08 09:00:00,9,5,San Jose Centro,19.8,79,11.8,9.9331,-84.0792,12.3,8.1,7.4,29.0,9.9358,-84.0558,9.9567,-84.1132,824.0,637.0,0.7730582524271845,1.0,Fluido
2026-08-08 10:00:00,10,5,San Jose Centro,20.0,80,12.9,9.9331,-84.0792,12.8,8.1,7.4,29.0,9.9358,-84.0558,9.9567,-84.1132,824.0,657.0,0.7973300970873787,1.0,Fluido
2026-08-08 11:00:00,11,5,San Jose Centro,19.9,82,13.3,9.9331,-84.0792,13.6,8.6,8.2,29.0,9.9358,-84.0558,9.9567,-84.1132,824.0,702.0,0.8519417475728155,1.0,Fluido
2026-08-08 12:00:00,12,5,San Jose Centro,20.2,81,12.5,9.9331,-84.0792,7.9,6.0,8.4,34.0,9.9358,-84.0558,9.9567,-84.1132,824.0,733.0,0.8895631067961165,1.0,Fluido
2026-08-08 13:00:00,13,5,San Jose Centro,20.8,78,11.9,9.9331,-84.0792,8.0,5.8,6.9,42.0,9.9358,-84.0558,9.9567,-84.1132,824.0,724.0,0.8786407766990292,1.0,Fluido
2026-08-08 14:00:00,14,5,San Jose Centro,22.3,70,11.2,9.9331,-84.0792,9.5,6.1,4.7,53.0,9.9358,-84.0558,9.9567,-84.1132,824.0,765.0,0.9283980582524272,1.0,Fluido
2026-08-08 15:00:00,15,5,San Jose Centro,23.8,66,11.4,9.9331,-84.0792,9.3,5.8,3.0,62.0,9.9358,-84.0558,9.9567,-84.1132,824.0,833.0,1.0109223300970873,1.0109223300970873,Leve
2026-08-08 16:00:00,16,5,San Jose Centro,25.3,59,12.4,9.9331,-84.0792,9.3,5.9,2.0,68.0,9.9358,-84.0558,9.9567,-84.1132,824.0,848.0,1.029126213592233,1.029126213592233,Leve
2026-08-08 17:00:00,17,5,San Jose Centro,26.0,58,12.4,9.9331,-84.0792,9.2,6.2,1.4,73.0,9.9358,-84.0558,9.9567,-84.1132,824.0,867.0,1.0521844660194175,1.0521844660194175,Leve
2026-08-08 18:00:00,18,5,San Jose Centro,27.1,53,11.2,9.9331,-84.0792,8.1,5.7,1.4,73.0,9.9358,-84.0558,9.9567,-84.1132,824.0,1030.0,1.25,1.25,Leve
2026-08-08 19:00:00,19,5,San Jose Centro,26.0,59,10.0,9.9331,-84.0792,7.5,5.5,2.2,67.0,9.9358,-84.0558,9.9567,-84.1132,824.0,1024.0,1.2427184466019416,1.2427184466019416,Leve
2026-08-08 20:00:00,20,5,San Jose Centro,25.0,63,11.1,9.9331,-84.0792,5.7,4.1,3.6,58.0,9.9358,-84.0558,9.9567,-84.1132,824.0,1063.0,1.2900485436893203,1.2900485436893203,Leve
2026-08-08 21:00:00,21,5,San Jose Centro,25.0,63,11.7,9.9331,-84.0792,6.7,5.7,5.3,49.0,9.9358,-84.0558,9.9567,-84.1132,824.0,943.0,1.1444174757281553,1.1444174757281553,Leve
2026-08-08 22:00:00,22,5,San Jose Centro,24.0,67,10.7,9.9331,-84.0792,5.2,4.3,7.6,41.0,9.9358,-84.0558,9.9567,-84.1132,824.0,822.0,0.9975728155339806,1.0,Fluido
2026-08-08 23:00:00,23,5,San Jose Centro,22.8,71,9.6,9.9331,-84.0792,4.4,4.1,10.1,34.0,9.9358,-84.0558,9.9567,-84.1132,824.0,833.0,1.0109223300970873,1.0109223300970873,Leve
2026-08-09 00:00:00,0,6,San Jose Centro,22.0,76,8.3,9.9331,-84.0792,4.9,4.1,8.1,41.0,9.9358,-84.0558,9.9567,-84.1132,824.0,848.0,1.029126213592233,1.029126213592233,Leve
2026-08-09 01:00:00,1,6,San Jose Centro,21.0,80,8.8,9.9331,-84.0792,5.5,4.4,7.1,41.0,9.9358,-84.0558,9.9567,-84.1132,824.0,793.0,0.962378640776699,1.0,Fluido
2026-08-09 02:00:00,2,6,San Jose Centro,20.6,80,9.0,9.9331,-84.0792,5.3,4.1,5.7,41.0,9.9358,-84.0558,9.9567,-84.1132,824.0,775.0,0.9405339805825242,1.0,Fluido
2026-08-09 03:00:00,3,6,San Jose Centro,20.5,80,9.0,9.9331,-84.0792,5.7,3.9,4.7,40.0,9.9358,-84.0558,9.9567,-84.1132,824.0,783.0,0.9502427184466019,1.0,Fluido
2026-08-09 04:00:00,4,6,San Jose Centro,20.4,80,9.7,9.9331,-84.0792,6.1,4.2,4.6,38.0,9.9358,-84.0558,9.9567,-84.1132,824.0,759.0,0.9211165048543689,1.0,Fluido
2026-08-09 05:00:00,5,6,San Jose Centro,20.2,81,11.4,9.9331,-84.0792,6.1,4.3,4.9,35.0,9.9358,-84.0558,9.9567,-84.1132,824.0,744.0,0.9029126213592233,1.0,Fluido
2026-08-09 06:00:00,6,6,San Jose Centro,20.1,80,11.8,9.9331,-84.0792,6.1,4.1,5.0,33.0,9.9358,-84.0558,9.9567,-84.1132,824.0,704.0,0.8543689320388349,1.0,Fluido
2026-08-09 07:00:00,7,6,San Jose Centro,20.1,79,12.0,9.9331,-84.0792,5.6,3.7,4.7,33.0,9.9358,-84.0558,9.9567,-84.1132,824.0,676.0,0.8203883495145631,1.0,Fluido
2026-08-09 08:00:00,8,6,San Jose Centro,20.0,79,11.8,9.9331,-84.0792,4.8,3.2,4.2,33.0,9.9358,-84.0558,9.9567,-84.1132,824.0,663.0,0.8046116504854369,1.0,Fluido
2026-08-09 09:00:00,9,6,San Jose Centro,20.1,79,12.3,9.9331,-84.0792,4.4,2.9,4.0,33.0,9.9358,-84.0558,9.9567,-84.1132,824.0,635.0,0.7706310679611651,1.0,Fluido
2026-08-09 10:00:00,10,6,San Jose Centro,20.0,80,12.6,9.9331,-84.0792,4.0,2.7,4.3,32.0,9.9358,-84.0558,9.9567,-84.1132,824.0,644.0,0.7815533980582524,1.0,Fluido
2026-08-09 11:00:00,11,6,San Jose Centro,20.0,78,14.4,9.9331,-84.0792,3.5,2.6,4.8,30.0,9.9358,-84.0558,9.9567,-84.1132,824.0,672.0,0.8155339805825242,1.0,Fluido
2026-08-09 12:00:00,12,6,San Jose Centro,19.8,77,14.1,9.9331,-84.0792,2.3,1.8,4.6,32.0,9.9358,-84.0558,9.9567,-84.1132,824.0,708.0,0.8592233009708737,1.0,Fluido
2026-08-09 13:00:00,13,6,San Jose Centro,20.4,74,14.7,9.9331,-84.0792,6.8,4.1,3.7,40.0,9.9358,-84.0558,9.9567,-84.1132,824.0,690.0,0.837378640776699,1.0,Fluido
2026-08-09 14:00:00,14,6,San Jose Centro,21.6,67,16.2,9.9331,-84.0792,18.6,8.9,2.4,52.0,9.9358,-84.0558,9.9567,-84.1132,824.0,711.0,0.8628640776699029,1.0,Fluido
2026-08-09 15:00:00,15,6,San Jose Centro,23.4,56,16.8,9.9331,-84.0792,27.6,12.2,1.4,60.0,9.9358,-84.0558,9.9567,-84.1132,824.0,714.0,0.866504854368932,1.0,Fluido
2026-08-09 16:00:00,16,6,San Jose Centro,24.7,48,15.6,9.9331,-84.0792,32.9,14.1,0.9,63.0,9.9358,-84.0558,9.9567,-84.1132,824.0,722.0,0.8762135922330098,1.0,Fluido
2026-08-09 17:00:00,17,6,San Jose Centro,25.6,46,13.6,9.9331,-84.0792,34.5,15.0,0.8,63.0,9.9358,-84.0558,9.9567,-84.1132,824.0,737.0,0.8944174757281553,1.0,Fluido
2026-08-09 18:00:00,18,6,San Jose Centro,26.0,49,13.5,9.9331,-84.0792,33.3,14.9,0.7,62.0,9.9358,-84.0558,9.9567,-84.1132,824.0,763.0,0.9259708737864077,1.0,Fluido
2026-08-09 19:00:00,19,6,San Jose Centro,26.5,48,13.3,9.9331,-84.0792,29.8,13.7,0.6,61.0,9.9358,-84.0558,9.9567,-84.1132,824.0,786.0,0.9538834951456311,1.0,Fluido
2026-08-09 20:00:00,20,6,San Jose Centro,25.6,53,12.4,9.9331,-84.0792,25.5,12.3,0.7,59.0,9.9358,-84.0558,9.9567,-84.1132,824.0,771.0,0.9356796116504854,1.0,Fluido
2026-08-09 21:00:00,21,6,San Jose Centro,24.8,58,11.3,9.9331,-84.0792,22.2,11.2,1.0,56.0,9.9358,-84.0558,9.9567,-84.1132,824.0,764.0,0.9271844660194175,1.0,Fluido
2026-08-09 22:00:00,22,6,San Jose Centro,23.5,65,10.6,9.9331,-84.0792,19.8,10.5,1.6,52.0,9.9358,-84.0558,9.9567,-84.1132,824.0,743.0,0.9016990291262136,1.0,Fluido
2026-08-09 23:00:00,23,6,San Jose Centro,22.3,71,9.6,9.9331,-84.0792,19.0,10.7,2.5,47.0,9.9358,-84.0558,9.9567,-84.1132,824.0,770.0,0.9344660194174758,1.0,Fluido
2026-08-10 00:00:00,0,0,San Jose Centro,21.6,73,7.6,9.9331,-84.0792,19.0,10.4,3.2,42.0,9.9358,-84.0558,9.9567,-84.1132,824.0,814.0,0.9878640776699029,1.0,Fluido
2026-08-10 01:00:00,1,0,San Jose Centro,20.9,75,8.3,9.9331,-84.0792,18.0,10.8,5.7,36.0,9.9358,-84.0558,9.9567,-84.1132,824.0,792.0,0.9611650485436893,1.0,Fluido
2026-08-10 02:00:00,2,0,San Jose Centro,20.8,76,10.9,9.9331,-84.0792,15.3,10.5,9.2,27.0,9.9358,-84.0558,9.9567,-84.1132,824.0,763.0,0.9259708737864077,1.0,Fluido
2026-08-10 03:00:00,3,0,San Jose Centro,20.6,75,13.8,9.9331,-84.0792,15.4,10.4,11.7,21.0,9.9358,-84.0558,9.9567,-84.1132,824.0,770.0,0.9344660194174758,1.0,Fluido
2026-08-10 04:00:00,4,0,San Jose Centro,20.3,77,14.4,9.9331,-84.0792,13.9,10.1,12.3,19.0,9.9358,-84.0558,9.9567,-84.1132,824.0,733.0,0.8895631067961165,1.0,Fluido
2026-08-10 05:00:00,5,0,San Jose Centro,20.2,78,14.2,9.9331,-84.0792,13.4,9.5,11.9,19.0,9.9358,-84.0558,9.9567,-84.1132,824.0,695.0,0.8434466019417476,1.0,Fluido
2026-08-10 06:00:00,6,0,San Jose Centro,20.4,77,14.7,9.9331,-84.0792,13.2,9.1,11.1,20.0,9.9358,-84.0558,9.9567,-84.1132,824.0,675.0,0.8191747572815534,1.0,Fluido
2026-08-10 07:00:00,7,0,San Jose Centro,20.1,78,14.0,9.9331,-84.0792,12.5,8.4,9.8,22.0,9.9358,-84.0558,9.9567,-84.1132,824.0,660.0,0.8009708737864077,1.0,Fluido
2026-08-10 08:00:00,8,0,San Jose Centro,19.7,80,13.9,9.9331,-84.0792,11.9,7.8,8.2,24.0,9.9358,-84.0558,9.9567,-84.1132,824.0,637.0,0.7730582524271845,1.0,Fluido
2026-08-10 09:00:00,9,0,San Jose Centro,19.6,80,14.4,9.9331,-84.0792,10.6,7.0,7.3,25.0,9.9358,-84.0558,9.9567,-84.1132,824.0,649.0,0.787621359223301,1.0,Fluido
2026-08-10 10:00:00,10,0,San Jose Centro,20.0,80,13.6,9.9331,-84.0792,9.5,6.4,7.9,23.0,9.9358,-84.0558,9.9567,-84.1132,824.0,684.0,0.8300970873786407,1.0,Fluido
2026-08-10 11:00:00,11,0,San Jose Centro,20.1,80,13.3,9.9331,-84.0792,7.5,5.2,9.3,20.0,9.9358,-84.0558,9.9567,-84.1132,824.0,760.0,0.9223300970873787,1.0,Fluido
2026-08-10 12:00:00,12,0,San Jose Centro,20.4,80,12.3,9.9331,-84.0792,8.1,5.8,8.7,26.0,9.9358,-84.0558,9.9567,-84.1132,824.0,1133.0,1.375,1.375,Moderado
2026-08-10 13:00:00,13,0,San Jose Centro,21.3,76,11.9,9.9331,-84.0792,7.9,5.5,7.0,37.0,9.9358,-84.0558,9.9567,-84.1132,824.0,1230.0,1.4927184466019416,1.4927184466019416,Moderado
2026-08-10 14:00:00,14,0,San Jose Centro,23.0,71,13.6,9.9331,-84.0792,7.6,5.6,4.7,53.0,9.9358,-84.0558,9.9567,-84.1132,824.0,1106.0,1.3422330097087378,1.3422330097087378,Moderado
2026-08-10 15:00:00,15,0,San Jose Centro,25.0,64,13.0,9.9331,-84.0792,5.7,4.1,2.9,64.0,9.9358,-84.0558,9.9567,-84.1132,824.0,1030.0,1.25,1.25,Leve
2026-08-10 16:00:00,16,0,San Jose Centro,25.5,63,12.5,9.9331,-84.0792,7.0,4.3,2.3,67.0,9.9358,-84.0558,9.9567,-84.1132,824.0,936.0,1.1359223300970873,1.1359223300970873,Leve
2026-08-10 17:00:00,17,0,San Jose Centro,26.0,60,10.1,9.9331,-84.0792,9.0,5.4,2.2,67.0,9.9358,-84.0558,9.9567,-84.1132,824.0,913.0,1.108009708737864,1.108009708737864,Leve
2026-08-10 18:00:00,18,0,San Jose Centro,26.5,59,13.5,9.9331,-84.0792,9.8,6.2,2.3,65.0,9.9358,-84.0558,9.9567,-84.1132,824.0,896.0,1.087378640776699,1.087378640776699,Leve
2026-08-10 19:00:00,19,0,San Jose Centro,26.0,60,13.0,9.9331,-84.0792,11.1,6.5,2.1,63.0,9.9358,-84.0558,9.9567,-84.1132,824.0,889.0,1.078883495145631,1.078883495145631,Leve
2026-08-10 20:00:00,20,0,San Jose Centro,26.3,59,11.9,9.9331,-84.0792,12.4,7.5,2.0,60.0,9.9358,-84.0558,9.9567,-84.1132,824.0,868.0,1.0533980582524272,1.0533980582524272,Leve
2026-08-10 21:00:00,21,0,San Jose Centro,26.0,59,10.6,9.9331,-84.0792,13.1,7.7,3.1,55.0,9.9358,-84.0558,9.9567,-84.1132,824.0,888.0,1.0776699029126213,1.0776699029126213,Leve
2026-08-10 22:00:00,22,0,San Jose Centro,24.6,64,9.7,9.9331,-84.0792,12.7,7.6,6.3,47.0,9.9358,-84.0558,9.9567,-84.1132,824.0,916.0,1.1116504854368932,1.1116504854368932,Leve
2026-08-10 23:00:00,23,0,San Jose Centro,23.1,71,10.3,9.9331,-84.0792,12.7,8.7,10.6,37.0,9.9358,-84.0558,9.9567,-84.1132,824.0,1042.0,1.2645631067961165,1.2645631067961165,Leve
2026-08-11 00:00:00,0,1,San Jose Centro,22.5,72,9.9,9.9331,-84.0792,17.2,10.2,8.0,40.0,9.9358,-84.0558,9.9567,-84.1132,824.0,923.0,1.1201456310679612,1.1201456310679612,Leve
2026-08-11 01:00:00,1,1,San Jose Centro,21.8,76,9.4,9.9331,-84.0792,14.5,10.8,11.4,32.0,9.9358,-84.0558,9.9567,-84.1132,824.0,792.0,0.9611650485436893,1.0,Fluido
2026-08-11 02:00:00,2,1,San Jose Centro,21.6,76,9.6,9.9331,-84.0792,13.4,9.8,16.1,20.0,9.9358,-84.0558,9.9567,-84.1132,824.0,768.0,0.9320388349514563,1.0,Fluido
2026-08-11 03:00:00,3,1,San Jose Centro,21.5,77,11.2,9.9331,-84.0792,12.7,9.8,19.2,12.0,9.9358,-84.0558,9.9567,-84.1132,824.0,771.0,0.9356796116504854,1.0,Fluido
2026-08-11 04:00:00,4,1,San Jose Centro,21.3,78,12.1,9.9331,-84.0792,13.1,10.0,19.3,11.0,9.9358,-84.0558,9.9567,-84.1132,824.0,732.0,0.8883495145631068,1.0,Fluido
2026-08-11 05:00:00,5,1,San Jose Centro,21.2,78,13.9,9.9331,-84.0792,13.3,10.1,17.8,13.0,9.9358,-84.0558,9.9567,-84.1132,824.0,690.0,0.837378640776699,1.0,Fluido
2026-08-11 06:00:00,6,1,San Jose Centro,20.7,79,11.8,9.9331,-84.0792,13.6,9.9,15.9,15.0,9.9358,-84.0558,9.9567,-84.1132,824.0,668.0,0.8106796116504854,1.0,Fluido
2026-08-11 07:00:00,7,1,San Jose Centro,20.5,80,10.8,9.9331,-84.0792,14.0,9.5,13.6,17.0,9.9358,-84.0558,9.9567,-84.1132,824.0,632.0,0.7669902912621359,1.0,Fluido
2026-08-11 08:00:00,8,1,San Jose Centro,20.4,80,10.3,9.9331,-84.0792,12.8,8.9,10.9,20.0,9.9358,-84.0558,9.9567,-84.1132,824.0,656.0,0.7961165048543689,1.0,Fluido
2026-08-11 09:00:00,9,1,San Jose Centro,20.1,81,11.0,9.9331,-84.0792,12.1,8.4,9.1,22.0,9.9358,-84.0558,9.9567,-84.1132,824.0,652.0,0.7912621359223301,1.0,Fluido
2026-08-11 10:00:00,10,1,San Jose Centro,20.2,81,10.6,9.9331,-84.0792,11.4,7.9,9.4,21.0,9.9358,-84.0558,9.9567,-84.1132,824.0,662.0,0.8033980582524272,1.0,Fluido
2026-08-11 11:00:00,11,1,San Jose Centro,20.2,79,11.2,9.9331,-84.0792,11.6,7.8,10.7,18.0,9.9358,-84.0558,9.9567,-84.1132,824.0,738.0,0.8956310679611651,1.0,Fluido
2026-08-11 12:00:00,12,1,San Jose Centro,20.7,80,9.2,9.9331,-84.0792,10.8,7.6,9.6,25.0,9.9358,-84.0558,9.9567,-84.1132,824.0,1117.0,1.3555825242718447,1.3555825242718447,Moderado
2026-08-11 13:00:00,13,1,San Jose Centro,21.7,75,9.2,9.9331,-84.0792,10.4,7.8,7.9,38.0,9.9358,-84.0558,9.9567,-84.1132,824.0,1379.0,1.6735436893203883,1.6735436893203883,Moderado
2026-08-11 14:00:00,14,1,San Jose Centro,23.9,63,9.4,9.9331,-84.0792,8.2,6.2,5.6,56.0,9.9358,-84.0558,9.9567,-84.1132,824.0,1285.0,1.5594660194174756,1.5594660194174756,Moderado
2026-08-11 15:00:00,15,1,San Jose Centro,25.9,56,7.4,9.9331,-84.0792,8.0,5.9,3.7,71.0,9.9358,-84.0558,9.9567,-84.1132,824.0,1182.0,1.4344660194174756,1.4344660194174756,Moderado
2026-08-11 16:00:00,16,1,San Jose Centro,27.0,53,6.7,9.9331,-84.0792,8.4,6.3,2.7,79.0,9.9358,-84.0558,9.9567,-84.1132,824.0,1161.0,1.4089805825242718,1.4089805825242718,Moderado
2026-08-11 17:00:00,17,1,San Jose Centro,27.7,51,7.6,9.9331,-84.0792,9.3,7.0,2.2,83.0,9.9358,-84.0558,9.9567,-84.1132,824.0,985.0,1.1953883495145632,1.1953883495145632,Leve
2026-08-11 18:00:00,18,1,San Jose Centro,28.1,50,9.0,9.9331,-84.0792,10.0,7.7,2.1,83.0,9.9358,-84.0558,9.9567,-84.1132,824.0,969.0,1.1759708737864079,1.1759708737864079,Leve
2026-08-11 19:00:00,19,1,San Jose Centro,27.3,54,11.0,9.9331,-84.0792,9.7,7.3,2.0,77.0,9.9358,-84.0558,9.9567,-84.1132,824.0,918.0,1.1140776699029127,1.1140776699029127,Leve
2026-08-11 20:00:00,20,1,San Jose Centro,26.7,58,12.5,9.9331,-84.0792,8.8,6.6,2.2,66.0,9.9358,-84.0558,9.9567,-84.1132,824.0,922.0,1.1189320388349515,1.1189320388349515,Leve
2026-08-11 21:00:00,21,1,San Jose Centro,26.2,59,11.2,9.9331,-84.0792,8.7,6.8,3.9,55.0,9.9358,-84.0558,9.9567,-84.1132,824.0,929.0,1.1274271844660195,1.1274271844660195,Leve
2026-08-11 22:00:00,22,1,San Jose Centro,25.4,63,9.9,9.9331,-84.0792,10.0,8.1,8.5,46.0,9.9358,-84.0558,9.9567,-84.1132,824.0,1045.0,1.2682038834951457,1.2682038834951457,Leve
2026-08-11 23:00:00,23,1,San Jose Centro,24.3,67,9.5,9.9331,-84.0792,12.5,10.9,14.6,36.0,9.9358,-84.0558,9.9567,-84.1132,824.0,1221.0,1.4817961165048543,1.4817961165048543,Moderado
2026-08-12 00:00:00,0,2,San Jose Centro,22.9,74,9.5,9.9331,-84.0792,16.9,12.3,9.0,42.0,9.9358,-84.0558,9.9567,-84.1132,824.0,978.0,1.1868932038834952,1.1868932038834952,Leve
2026-08-12 01:00:00,1,2,San Jose Centro,21.8,79,9.9,9.9331,-84.0792,14.8,12.5,11.4,35.0,9.9358,-84.0558,9.9567,-84.1132,824.0,806.0,0.9781553398058253,1.0,Fluido
2026-08-12 02:00:00,2,2,San Jose Centro,21.4,79,10.4,9.9331,-84.0792,14.0,11.7,14.7,24.0,9.9358,-84.0558,9.9567,-84.1132,824.0,766.0,0.9296116504854369,1.0,Fluido
2026-08-12 03:00:00,3,2,San Jose Centro,21.3,77,10.6,9.9331,-84.0792,12.1,9.9,16.1,19.0,9.9358,-84.0558,9.9567,-84.1132,824.0,785.0,0.9526699029126213,1.0,Fluido
2026-08-12 04:00:00,4,2,San Jose Centro,20.7,77,11.0,9.9331,-84.0792,10.5,8.3,14.1,23.0,9.9358,-84.0558,9.9567,-84.1132,824.0,749.0,0.9089805825242718,1.0,Fluido
2026-08-12 05:00:00,5,2,San Jose Centro,20.6,76,11.0,9.9331,-84.0792,9.0,7.2,10.2,31.0,9.9358,-84.0558,9.9567,-84.1132,824.0,711.0,0.8628640776699029,1.0,Fluido
2026-08-12 06:00:00,6,2,San Jose Centro,20.5,73,11.2,9.9331,-84.0792,8.4,6.2,7.2,37.0,9.9358,-84.0558,9.9567,-84.1132,824.0,684.0,0.8300970873786407,1.0,Fluido
2026-08-12 07:00:00,7,2,San Jose Centro,19.7,74,12.1,9.9331,-84.0792,6.9,5.2,5.9,38.0,9.9358,-84.0558,9.9567,-84.1132,824.0,643.0,0.7803398058252428,1.0,Fluido
2026-08-12 08:00:00,8,2,San Jose Centro,19.3,75,11.0,9.9331,-84.0792,5.8,4.5,5.5,37.0,9.9358,-84.0558,9.9567,-84.1132,824.0,638.0,0.7742718446601942,1.0,Fluido
2026-08-12 09:00:00,9,2,San Jose Centro,19.5,75,9.9,9.9331,-84.0792,5.6,4.3,5.5,36.0,9.9358,-84.0558,9.9567,-84.1132,824.0,631.0,0.7657766990291263,1.0,Fluido
2026-08-12 10:00:00,10,2,San Jose Centro,19.4,76,10.1,9.9331,-84.0792,4.6,3.6,6.4,33.0,9.9358,-84.0558,9.9567,-84.1132,824.0,660.0,0.8009708737864077,1.0,Fluido
2026-08-12 11:00:00,11,2,San Jose Centro,19.3,77,10.9,9.9331,-84.0792,3.8,3.1,7.9,29.0,9.9358,-84.0558,9.9567,-84.1132,824.0,737.0,0.8944174757281553,1.0,Fluido
2026-08-12 12:00:00,12,2,San Jose Centro,19.5,78,10.3,9.9331,-84.0792,2.6,2.5,9.1,27.0,9.9358,-84.0558,9.9567,-84.1132,824.0,1132.0,1.3737864077669903,1.3737864077669903,Moderado
2026-08-12 13:00:00,13,2,San Jose Centro,22.0,69,10.7,9.9331,-84.0792,4.1,3.8,7.5,39.0,9.9358,-84.0558,9.9567,-84.1132,824.0,1320.0,1.6019417475728155,1.6019417475728155,Moderado
2026-08-12 14:00:00,14,2,San Jose Centro,24.5,62,14.4,9.9331,-84.0792,4.6,4.1,5.3,56.0,9.9358,-84.0558,9.9567,-84.1132,824.0,1219.0,1.479368932038835,1.479368932038835,Moderado
2026-08-12 15:00:00,15,2,San Jose Centro,25.9,55,15.9,9.9331,-84.0792,5.5,4.6,3.6,70.0,9.9358,-84.0558,9.9567,-84.1132,824.0,1120.0,1.3592233009708738,1.3592233009708738,Moderado
2026-08-12 16:00:00,16,2,San Jose Centro,27.2,51,14.1,9.9331,-84.0792,6.5,5.3,2.4,78.0,9.9358,-84.0558,9.9567,-84.1132,824.0,1051.0,1.2754854368932038,1.2754854368932038,Leve
2026-08-12 17:00:00,17,2,San Jose Centro,27.3,50,12.7,9.9331,-84.0792,7.2,5.8,1.7,82.0,9.9358,-84.0558,9.9567,-84.1132,824.0,1006.0,1.220873786407767,1.220873786407767,Leve
2026-08-12 18:00:00,18,2,San Jose Centro,27.9,47,13.3,9.9331,-84.0792,7.6,6.3,2.0,82.0,9.9358,-84.0558,9.9567,-84.1132,824.0,1045.0,1.2682038834951457,1.2682038834951457,Leve
2026-08-12 19:00:00,19,2,San Jose Centro,26.6,53,10.5,9.9331,-84.0792,7.9,6.6,3.7,76.0,9.9358,-84.0558,9.9567,-84.1132,824.0,959.0,1.1638349514563107,1.1638349514563107,Leve
2026-08-12 20:00:00,20,2,San Jose Centro,26.4,56,9.5,9.9331,-84.0792,7.8,6.6,6.5,66.0,9.9358,-84.0558,9.9567,-84.1132,824.0,936.0,1.1359223300970873,1.1359223300970873,Leve
2026-08-12 21:00:00,21,2,San Jose Centro,25.4,60,11.0,9.9331,-84.0792,9.9,8.9,9.9,55.0,9.9358,-84.0558,9.9567,-84.1132,824.0,921.0,1.1177184466019416,1.1177184466019416,Leve
2026-08-12 22:00:00,22,2,San Jose Centro,24.5,63,10.5,9.9331,-84.0792,8.2,7.0,14.7,43.0,9.9358,-84.0558,9.9567,-84.1132,824.0,1041.0,1.2633495145631068,1.2633495145631068,Leve
2026-08-12 23:00:00,23,2,San Jose Centro,23.7,67,9.2,9.9331,-84.0792,10.5,9.6,20.0,29.0,9.9358,-84.0558,9.9567,-84.1132,824.0,1184.0,1.4368932038834952,1.4368932038834952,Moderado
2026-08-13 00:00:00,0,3,San Jose Centro,22.6,72,9.3,9.9331,-84.0792,9.7,8.5,13.1,35.0,9.9358,-84.0558,9.9567,-84.1132,824.0,1004.0,1.2184466019417475,1.2184466019417475,Leve
2026-08-13 01:00:00,1,3,San Jose Centro,21.6,76,8.6,9.9331,-84.0792,8.8,8.1,12.8,33.0,9.9358,-84.0558,9.9567,-84.1132,824.0,820.0,0.9951456310679612,1.0,Fluido
2026-08-13 02:00:00,2,3,San Jose Centro,21.4,76,8.5,9.9331,-84.0792,5.9,5.4,12.5,30.0,9.9358,-84.0558,9.9567,-84.1132,824.0,785.0,0.9526699029126213,1.0,Fluido
2026-08-13 03:00:00,3,3,San Jose Centro,21.0,76,9.4,9.9331,-84.0792,5.7,5.2,12.6,27.0,9.9358,-84.0558,9.9567,-84.1132,824.0,798.0,0.9684466019417476,1.0,Fluido
2026-08-13 04:00:00,4,3,San Jose Centro,21.1,75,9.1,9.9331,-84.0792,6.5,5.9,13.7,23.0,9.9358,-84.0558,9.9567,-84.1132,824.0,752.0,0.912621359223301,1.0,Fluido
2026-08-13 05:00:00,5,3,San Jose Centro,21.1,74,9.9,9.9331,-84.0792,7.4,6.8,15.2,18.0,9.9358,-84.0558,9.9567,-84.1132,824.0,708.0,0.8592233009708737,1.0,Fluido
2026-08-13 06:00:00,6,3,San Jose Centro,20.6,74,10.8,9.9331,-84.0792,7.5,6.9,15.6,16.0,9.9358,-84.0558,9.9567,-84.1132,824.0,674.0,0.8179611650485437,1.0,Fluido
2026-08-13 07:00:00,7,3,San Jose Centro,20.1,76,10.5,9.9331,-84.0792,7.0,6.3,13.8,18.0,9.9358,-84.0558,9.9567,-84.1132,824.0,634.0,0.7694174757281553,1.0,Fluido
2026-08-13 08:00:00,8,3,San Jose Centro,19.4,79,10.3,9.9331,-84.0792,6.7,5.9,10.9,22.0,9.9358,-84.0558,9.9567,-84.1132,824.0,649.0,0.787621359223301,1.0,Fluido
2026-08-13 09:00:00,9,3,San Jose Centro,19.6,78,10.8,9.9331,-84.0792,6.4,5.5,8.8,25.0,9.9358,-84.0558,9.9567,-84.1132,824.0,645.0,0.7827669902912622,1.0,Fluido
2026-08-13 10:00:00,10,3,San Jose Centro,20.1,76,11.0,9.9331,-84.0792,6.0,5.1,8.8,25.0,9.9358,-84.0558,9.9567,-84.1132,824.0,664.0,0.8058252427184466,1.0,Fluido
2026-08-13 11:00:00,11,3,San Jose Centro,20.2,75,10.4,9.9331,-84.0792,6.3,5.3,9.6,24.0,9.9358,-84.0558,9.9567,-84.1132,824.0,752.0,0.912621359223301,1.0,Fluido
2026-08-13 12:00:00,12,3,San Jose Centro,20.2,77,9.7,9.9331,-84.0792,9.2,8.0,10.0,25.0,9.9358,-84.0558,9.9567,-84.1132,824.0,1087.0,1.3191747572815533,1.3191747572815533,Moderado
2026-08-13 13:00:00,13,3,San Jose Centro,21.4,72,10.1,9.9331,-84.0792,10.1,8.8,8.7,38.0,9.9358,-84.0558,9.9567,-84.1132,824.0,1299.0,1.5764563106796117,1.5764563106796117,Moderado
2026-08-13 14:00:00,14,3,San Jose Centro,23.5,66,10.5,9.9331,-84.0792,9.4,8.0,6.8,56.0,9.9358,-84.0558,9.9567,-84.1132,824.0,1180.0,1.4320388349514563,1.4320388349514563,Moderado
2026-08-13 15:00:00,15,3,San Jose Centro,25.6,57,9.6,9.9331,-84.0792,8.7,7.5,5.2,69.0,9.9358,-84.0558,9.9567,-84.1132,824.0,1196.0,1.4514563106796117,1.4514563106796117,Moderado
2026-08-13 16:00:00,16,3,San Jose Centro,26.8,52,8.4,9.9331,-84.0792,6.6,5.6,3.9,72.0,9.9358,-84.0558,9.9567,-84.1132,824.0,1098.0,1.3325242718446602,1.3325242718446602,Moderado
2026-08-13 17:00:00,17,3,San Jose Centro,27.5,50,10.4,9.9331,-84.0792,4.4,3.8,2.8,69.0,9.9358,-84.0558,9.9567,-84.1132,824.0,1028.0,1.2475728155339805,1.2475728155339805,Leve
2026-08-13 18:00:00,18,3,San Jose Centro,28.8,46,9.7,9.9331,-84.0792,4.2,3.7,2.6,66.0,9.9358,-84.0558,9.9567,-84.1132,824.0,972.0,1.1796116504854368,1.1796116504854368,Leve
2026-08-13 19:00:00,19,3,San Jose Centro,26.6,56,8.3,9.9331,-84.0792,4.1,3.6,3.3,66.0,9.9358,-84.0558,9.9567,-84.1132,824.0,1026.0,1.2451456310679612,1.2451456310679612,Leve
2026-08-13 20:00:00,20,3,San Jose Centro,26.6,55,8.8,9.9331,-84.0792,4.9,4.5,4.8,66.0,9.9358,-84.0558,9.9567,-84.1132,824.0,1065.0,1.2924757281553398,1.2924757281553398,Leve
2026-08-13 21:00:00,21,3,San Jose Centro,25.4,59,9.2,9.9331,-84.0792,6.9,6.5,7.5,62.0,9.9358,-84.0558,9.9567,-84.1132,824.0,1030.0,1.25,1.25,Leve
2026-08-13 22:00:00,22,3,San Jose Centro,25.1,63,9.7,9.9331,-84.0792,7.3,6.6,12.7,52.0,9.9358,-84.0558,9.9567,-84.1132,824.0,1092.0,1.325242718446602,1.325242718446602,Moderado
2026-08-13 23:00:00,23,3,San Jose Centro,23.7,69,10.0,9.9331,-84.0792,8.4,7.2,19.2,39.0,9.9358,-84.0558,9.9567,-84.1132,824.0,1245.0,1.5109223300970873,1.5109223300970873,Moderado
2026-08-14 00:00:00,0,4,San Jose Centro,22.7,73,9.8,9.9331,-84.0792,7.5,7.1,17.8,34.0,9.9358,-84.0558,9.9567,-84.1132,824.0,1031.0,1.2512135922330097,1.2512135922330097,Leve
2026-08-14 01:00:00,1,4,San Jose Centro,21.6,77,10.3,9.9331,-84.0792,8.7,8.1,17.8,31.0,9.9358,-84.0558,9.9567,-84.1132,824.0,837.0,1.0157766990291262,1.0157766990291262,Leve
2026-08-14 02:00:00,2,4,San Jose Centro,21.0,79,10.1,9.9331,-84.0792,7.9,7.1,17.6,26.0,9.9358,-84.0558,9.9567,-84.1132,824.0,813.0,0.9866504854368932,1.0,Fluido
2026-08-14 03:00:00,3,4,San Jose Centro,20.6,78,11.2,9.9331,-84.0792,8.0,7.2,16.6,24.0,9.9358,-84.0558,9.9567,-84.1132,824.0,791.0,0.9599514563106796,1.0,Fluido
2026-08-14 04:00:00,4,4,San Jose Centro,20.7,78,11.4,9.9331,-84.0792,8.8,7.6,14.1,26.0,9.9358,-84.0558,9.9567,-84.1132,824.0,776.0,0.941747572815534,1.0,Fluido
2026-08-14 05:00:00,5,4,San Jose Centro,20.6,77,12.2,9.9331,-84.0792,8.8,7.2,10.7,31.0,9.9358,-84.0558,9.9567,-84.1132,824.0,717.0,0.8701456310679612,1.0,Fluido
2026-08-14 06:00:00,6,4,San Jose Centro,20.3,79,10.7,9.9331,-84.0792,7.9,6.3,8.0,35.0,9.9358,-84.0558,9.9567,-84.1132,824.0,691.0,0.8385922330097088,1.0,Fluido
2026-08-14 07:00:00,7,4,San Jose Centro,19.7,81,9.9,9.9331,-84.0792,7.7,6.0,6.4,36.0,9.9358,-84.0558,9.9567,-84.1132,824.0,666.0,0.808252427184466,1.0,Fluido
2026-08-14 08:00:00,8,4,San Jose Centro,19.2,83,8.9,9.9331,-84.0792,8.2,6.3,5.5,36.0,9.9358,-84.0558,9.9567,-84.1132,824.0,628.0,0.7621359223300971,1.0,Fluido
2026-08-14 09:00:00,9,4,San Jose Centro,19.4,80,9.0,9.9331,-84.0792,8.3,6.5,5.3,36.0,9.9358,-84.0558,9.9567,-84.1132,824.0,641.0,0.7779126213592233,1.0,Fluido
2026-08-14 10:00:00,10,4,San Jose Centro,19.7,78,9.3,9.9331,-84.0792,8.5,6.7,6.3,33.0,9.9358,-84.0558,9.9567,-84.1132,824.0,674.0,0.8179611650485437,1.0,Fluido
2026-08-14 11:00:00,11,4,San Jose Centro,19.9,78,10.0,9.9331,-84.0792,8.5,6.8,7.9,29.0,9.9358,-84.0558,9.9567,-84.1132,824.0,741.0,0.8992718446601942,1.0,Fluido
2026-08-14 12:00:00,12,4,San Jose Centro,20.3,79,8.8,9.9331,-84.0792,8.1,6.8,9.8,24.0,9.9358,-84.0558,9.9567,-84.1132,824.0,887.0,1.0764563106796117,1.0764563106796117,Leve
2026-08-14 13:00:00,13,4,San Jose Centro,21.3,76,10.4,9.9331,-84.0792,9.3,7.9,8.2,39.0,9.9358,-84.0558,9.9567,-84.1132,824.0,977.0,1.1856796116504855,1.1856796116504855,Leve
2026-08-14 14:00:00,14,4,San Jose Centro,23.6,68,9.2,9.9331,-84.0792,11.6,10.1,6.0,59.0,9.9358,-84.0558,9.9567,-84.1132,824.0,970.0,1.1771844660194175,1.1771844660194175,Leve
2026-08-14 15:00:00,15,4,San Jose Centro,25.4,60,11.1,9.9331,-84.0792,10.7,8.6,4.2,74.0,9.9358,-84.0558,9.9567,-84.1132,824.0,1005.0,1.2196601941747574,1.2196601941747574,Leve
2026-08-14 16:00:00,16,4,San Jose Centro,26.0,58,12.0,9.9331,-84.0792,11.2,8.8,3.2,80.0,9.9358,-84.0558,9.9567,-84.1132,824.0,970.0,1.1771844660194175,1.1771844660194175,Leve
2026-08-14 17:00:00,17,4,San Jose Centro,25.9,58,10.9,9.9331,-84.0792,10.6,8.7,2.5,80.0,9.9358,-84.0558,9.9567,-84.1132,824.0,1001.0,1.2148058252427185,1.2148058252427185,Leve
2026-08-14 18:00:00,18,4,San Jose Centro,26.8,55,9.8,9.9331,-84.0792,9.2,7.4,2.2,78.0,9.9358,-84.0558,9.9567,-84.1132,824.0,1021.0,1.2390776699029127,1.2390776699029127,Leve
2026-08-14 19:00:00,19,4,San Jose Centro,26.3,57,10.2,9.9331,-84.0792,9.6,7.5,1.6,74.0,9.9358,-84.0558,9.9567,-84.1132,824.0,1054.0,1.279126213592233,1.279126213592233,Leve
2026-08-14 20:00:00,20,4,San Jose Centro,26.0,58,12.0,9.9331,-84.0792,10.7,8.0,1.3,66.0,9.9358,-84.0558,9.9567,-84.1132,824.0,1069.0,1.2973300970873787,1.2973300970873787,Leve
2026-08-14 21:00:00,21,4,San Jose Centro,25.7,59,10.8,9.9331,-84.0792,10.5,7.9,2.8,58.0,9.9358,-84.0558,9.9567,-84.1132,824.0,1060.0,1.2864077669902914,1.2864077669902914,Leve
2026-08-14 22:00:00,22,4,San Jose Centro,24.7,62,10.4,9.9331,-84.0792,10.0,7.7,8.2,47.0,9.9358,-84.0558,9.9567,-84.1132,824.0,1089.0,1.3216019417475728,1.3216019417475728,Moderado
2026-08-14 23:00:00,23,4,San Jose Centro,23.3,68,9.7,9.9331,-84.0792,13.3,11.5,15.5,35.0,9.9358,-84.0558,9.9567,-84.1132,824.0,1172.0,1.4223300970873787,1.4223300970873787,Moderado
