time,pm10,pm2_5,nitrogen_dioxide,ozone,latitude,longitude
2026-05-16T00:00,13.6,12.0,20.7,29.0,9.9331,-84.0792
2026-05-16T01:00,12.5,11.0,19.4,26.0,9.9331,-84.0792
2026-05-16T02:00,12.5,10.9,17.6,23.0,9.9331,-84.0792
2026-05-16T03:00,13.1,11.5,16.0,20.0,9.9331,-84.0792
2026-05-16T04:00,13.5,11.8,15.0,19.0,9.9331,-84.0792
2026-05-16T05:00,13.0,11.5,14.3,19.0,9.9331,-84.0792
2026-05-16T06:00,12.0,10.5,13.3,19.0,9.9331,-84.0792
2026-05-16T07:00,10.9,9.5,11.5,21.0,9.9331,-84.0792
2026-05-16T08:00,9.6,8.4,9.5,23.0,9.9331,-84.0792
2026-05-16T09:00,8.6,7.4,8.1,25.0,9.9331,-84.0792
2026-05-16T10:00,7.8,6.7,8.0,24.0,9.9331,-84.0792
2026-05-16T11:00,5.0,4.5,8.6,22.0,9.9331,-84.0792
2026-05-16T12:00,10.7,9.2,9.9,23.0,9.9331,-84.0792
2026-05-16T13:00,9.7,8.5,7.8,37.0,9.9331,-84.0792
2026-05-16T14:00,8.2,7.2,4.9,55.0,9.9331,-84.0792
2026-05-16T15:00,6.1,5.2,2.9,69.0,9.9331,-84.0792
2026-05-16T16:00,6.6,5.5,2.6,73.0,9.9331,-84.0792
2026-05-16T17:00,7.5,6.4,3.3,71.0,9.9331,-84.0792
2026-05-16T18:00,7.8,6.8,4.1,68.0,9.9331,-84.0792
2026-05-16T19:00,7.4,6.4,4.8,64.0,9.9331,-84.0792
2026-05-16T20:00,7.8,6.9,5.7,59.0,9.9331,-84.0792
2026-05-16T21:00,8.1,7.2,7.1,53.0,9.9331,-84.0792
2026-05-16T22:00,6.1,5.6,9.8,47.0,9.9331,-84.0792
2026-05-16T23:00,8.2,7.3,13.1,40.0,9.9331,-84.0792
2026-05-17T00:00,6.7,6.2,13.3,36.0,9.9331,-84.0792
2026-05-17T01:00,7.3,6.4,12.7,34.0,9.9331,-84.0792
2026-05-17T02:00,7.4,6.6,11.8,31.0,9.9331,-84.0792
2026-05-17T03:00,8.1,7.1,11.0,28.0,9.9331,-84.0792
2026-05-17T04:00,8.6,7.5,10.4,26.0,9.9331,-84.0792
2026-05-17T05:00,8.8,7.6,9.8,25.0,9.9331,-84.0792
2026-05-17T06:00,9.1,7.6,9.1,25.0,9.9331,-84.0792
2026-05-17T07:00,9.3,7.5,8.2,26.0,9.9331,-84.0792
2026-05-17T08:00,9.6,7.7,7.2,27.0,9.9331,-84.0792
2026-05-17T09:00,9.7,7.7,6.6,27.0,9.9331,-84.0792
2026-05-17T10:00,9.8,7.8,6.9,24.0,9.9331,-84.0792
2026-05-17T11:00,10.3,8.1,7.6,21.0,9.9331,-84.0792
2026-05-17T12:00,12.3,9.8,6.5,31.0,9.9331,-84.0792
2026-05-17T13:00,12.6,9.9,5.1,40.0,9.9331,-84.0792
2026-05-17T14:00,9.6,7.5,3.2,53.0,9.9331,-84.0792
2026-05-17T15:00,6.6,4.8,1.8,63.0,9.9331,-84.0792
2026-05-17T16:00,5.6,4.2,1.2,68.0,9.9331,-84.0792
2026-05-17T17:00,5.8,4.4,1.1,69.0,9.9331,-84.0792
2026-05-17T18:00,6.8,5.1,1.1,69.0,9.9331,-84.0792
2026-05-17T19:00,8.0,5.8,1.0,67.0,9.9331,-84.0792
2026-05-17T20:00,9.2,6.5,1.0,64.0,9.9331,-84.0792
2026-05-17T21:00,9.7,6.8,1.6,59.0,9.9331,-84.0792
2026-05-17T22:00,10.4,7.3,3.3,52.0,9.9331,-84.0792
2026-05-17T23:00,11.1,8.1,5.6,45.0,9.9331,-84.0792
2026-05-18T00:00,17.2,12.9,8.3,36.0,9.9331,-84.0792
2026-05-18T01:00,18.1,14.1,10.8,31.0,9.9331,-84.0792
2026-05-18T02:00,17.0,13.5,14.1,23.0,9.9331,-84.0792
2026-05-18T03:00,16.4,13.1,15.8,19.0,9.9331,-84.0792
2026-05-18T04:00,17.0,13.4,14.2,21.0,9.9331,-84.0792
2026-05-18T05:00,17.9,13.6,11.0,27.0,9.9331,-84.0792
2026-05-18T06:00,18.3,13.1,8.6,30.0,9.9331,-84.0792
2026-05-18T07:00,17.1,12.6,7.8,29.0,9.9331,-84.0792
2026-05-18T08:00,17.3,12.7,7.7,27.0,9.9331,-84.0792
2026-05-18T09:00,16.6,12.5,8.1,24.0,9.9331,-84.0792
2026-05-18T10:00,15.6,12.2,9.4,20.0,9.9331,-84.0792
2026-05-18T11:00,15.5,12.3,11.2,16.0,9.9331,-84.0792
2026-05-18T12:00,15.3,12.2,9.8,21.0,9.9331,-84.0792
2026-05-18T13:00,15.9,12.9,7.8,34.0,9.9331,-84.0792
2026-05-18T14:00,13.5,10.0,5.0,52.0,9.9331,-84.0792
2026-05-18T15:00,14.5,10.4,2.9,67.0,9.9331,-84.0792
2026-05-18T16:00,15.3,11.0,1.9,75.0,9.9331,-84.0792
2026-05-18T17:00,16.1,11.6,1.6,79.0,9.9331,-84.0792
2026-05-18T18:00,15.8,11.6,1.6,81.0,9.9331,-84.0792
2026-05-18T19:00,14.8,11.0,1.5,82.0,9.9331,-84.0792
2026-05-18T20:00,13.7,10.5,1.7,80.0,9.9331,-84.0792
2026-05-18T21:00,13.1,10.2,3.1,75.0,9.9331,-84.0792
2026-05-18T22:00,12.7,10.3,6.7,65.0,9.9331,-84.0792
2026-05-18T23:00,11.8,9.9,11.4,51.0,9.9331,-84.0792
2026-05-19T00:00,13.5,11.0,13.0,39.0,9.9331,-84.0792
2026-05-19T01:00,12.4,10.6,13.5,35.0,9.9331,-84.0792
2026-05-19T02:00,12.3,10.5,14.2,29.0,9.9331,-84.0792
2026-05-19T03:00,11.8,9.7,14.1,26.0,9.9331,-84.0792
2026-05-19T04:00,11.6,9.1,12.5,28.0,9.9331,-84.0792
2026-05-19T05:00,11.7,9.1,10.2,32.0,9.9331,-84.0792
2026-05-19T06:00,12.5,9.3,8.4,35.0,9.9331,-84.0792
2026-05-19T07:00,12.5,9.4,7.6,34.0,9.9331,-84.0792
2026-05-19T08:00,12.4,9.5,7.4,31.0,9.9331,-84.0792
2026-05-19T09:00,12.6,9.6,7.6,29.0,9.9331,-84.0792
2026-05-19T10:00,12.4,9.6,8.8,26.0,9.9331,-84.0792
2026-05-19T11:00,12.5,9.8,10.4,23.0,9.9331,-84.0792
2026-05-19T12:00,9.0,7.3,9.0,30.0,9.9331,-84.0792
2026-05-19T13:00,8.1,6.9,7.5,41.0,9.9331,-84.0792
2026-05-19T14:00,8.1,7.0,5.5,57.0,9.9331,-84.0792
2026-05-19T15:00,6.5,5.3,3.8,70.0,9.9331,-84.0792
2026-05-19T16:00,5.0,3.8,2.7,77.0,9.9331,-84.0792
2026-05-19T17:00,5.0,3.8,2.0,81.0,9.9331,-84.0792
2026-05-19T18:00,5.9,4.6,1.9,82.0,9.9331,-84.0792
2026-05-19T19:00,6.7,5.1,2.2,79.0,9.9331,-84.0792
2026-05-19T20:00,6.6,5.0,3.1,72.0,9.9331,-84.0792
2026-05-19T21:00,7.4,5.9,5.2,64.0,9.9331,-84.0792
2026-05-19T22:00,7.9,6.2,9.7,53.0,9.9331,-84.0792
2026-05-19T23:00,10.6,9.1,15.4,41.0,9.9331,-84.0792
2026-05-20T00:00,14.1,11.5,16.0,35.0,9.9331,-84.0792
2026-05-20T01:00,12.3,9.7,15.2,33.0,9.9331,-84.0792
2026-05-20T02:00,12.9,10.8,14.1,30.0,9.9331,-84.0792
2026-05-20T03:00,10.9,8.6,12.7,29.0,9.9331,-84.0792
2026-05-20T04:00,10.3,8.1,10.7,31.0,9.9331,-84.0792
2026-05-20T05:00,9.2,6.8,8.5,35.0,9.9331,-84.0792
2026-05-20T06:00,7.7,5.6,6.7,38.0,9.9331,-84.0792
2026-05-20T07:00,6.5,4.7,5.7,38.0,9.9331,-84.0792
2026-05-20T08:00,4.6,3.5,5.1,37.0,9.9331,-84.0792
2026-05-20T09:00,2.7,2.1,5.1,36.0,9.9331,-84.0792
2026-05-20T10:00,1.4,1.2,6.0,34.0,9.9331,-84.0792
2026-05-20T11:00,1.1,1.0,7.5,32.0,9.9331,-84.0792
2026-05-20T12:00,1.6,1.5,9.1,28.0,9.9331,-84.0792
2026-05-20T13:00,2.9,2.8,8.2,35.0,9.9331,-84.0792
2026-05-20T14:00,2.2,1.9,6.9,46.0,9.9331,-84.0792
2026-05-20T15:00,3.6,3.3,5.6,54.0,9.9331,-84.0792
2026-05-20T16:00,2.9,2.3,4.4,58.0,9.9331,-84.0792
2026-05-20T17:00,3.8,2.9,3.2,61.0,9.9331,-84.0792
2026-05-20T18:00,4.3,3.2,2.5,62.0,9.9331,-84.0792
2026-05-20T19:00,4.7,3.4,2.1,64.0,9.9331,-84.0792
2026-05-20T20:00,6.0,4.7,2.3,66.0,9.9331,-84.0792
2026-05-20T21:00,6.7,5.2,4.1,63.0,9.9331,-84.0792
2026-05-20T22:00,6.0,4.5,9.3,52.0,9.9331,-84.0792
2026-05-20T23:00,7.4,5.7,16.2,36.0,9.9331,-84.0792
2026-05-21T00:00,11.6,9.3,14.4,35.0,9.9331,-84.0792
2026-05-21T01:00,13.7,11.8,17.3,28.0,9.9331,-84.0792
2026-05-21T02:00,14.5,12.7,21.1,19.0,9.9331,-84.0792
2026-05-21T03:00,14.3,12.3,22.9,13.0,9.9331,-84.0792
2026-05-21T04:00,13.2,11.1,20.8,15.0,9.9331,-84.0792
2026-05-21T05:00,12.2,10.2,16.7,20.0,9.9331,-84.0792
2026-05-21T06:00,11.0,8.8,12.9,25.0,9.9331,-84.0792
2026-05-21T07:00,10.3,8.0,10.1,29.0,9.9331,-84.0792
2026-05-21T08:00,10.2,7.2,7.7,33.0,9.9331,-84.0792
2026-05-21T09:00,9.7,7.0,6.3,36.0,9.9331,-84.0792
2026-05-21T10:00,9.6,7.0,6.9,35.0,9.9331,-84.0792
2026-05-21T11:00,9.9,7.3,8.6,32.0,9.9331,-84.0792
2026-05-21T12:00,12.8,9.6,10.2,28.0,9.9331,-84.0792
2026-05-21T13:00,15.0,11.9,8.4,41.0,9.9331,-84.0792
2026-05-21T14:00,12.5,9.2,5.9,59.0,9.9331,-84.0792
2026-05-21T15:00,12.7,9.2,3.9,73.0,9.9331,-84.0792
2026-05-21T16:00,13.8,9.7,2.6,80.0,9.9331,-84.0792
2026-05-21T17:00,15.8,10.7,1.8,83.0,9.9331,-84.0792
2026-05-21T18:00,16.8,11.4,1.7,83.0,9.9331,-84.0792
2026-05-21T19:00,16.6,11.4,2.1,79.0,9.9331,-84.0792
2026-05-21T20:00,16.2,11.5,3.1,71.0,9.9331,-84.0792
2026-05-21T21:00,15.5,11.4,5.5,62.0,9.9331,-84.0792
2026-05-21T22:00,13.5,11.1,10.6,51.0,9.9331,-84.0792
2026-05-21T23:00,18.2,14.8,17.2,39.0,9.9331,-84.0792
2026-05-22T00:00,16.9,14.1,19.9,32.0,9.9331,-84.0792
2026-05-22T01:00,19.0,17.3,22.7,25.0,9.9331,-84.0792
2026-05-22T02:00,18.2,16.2,26.5,16.0,9.9331,-84.0792
2026-05-22T03:00,17.3,15.3,28.4,10.0,9.9331,-84.0792
2026-05-22T04:00,16.1,14.2,27.0,10.0,9.9331,-84.0792
2026-05-22T05:00,15.0,12.9,23.7,12.0,9.9331,-84.0792
2026-05-22T06:00,13.3,11.3,20.0,16.0,9.9331,-84.0792
2026-05-22T07:00,12.5,10.2,15.5,21.0,9.9331,-84.0792
2026-05-22T08:00,11.5,9.1,10.6,28.0,9.9331,-84.0792
2026-05-22T09:00,10.8,8.4,7.6,31.0,9.9331,-84.0792
2026-05-22T10:00,4.9,3.9,8.4,26.0,9.9331,-84.0792
2026-05-22T11:00,4.7,3.8,11.0,19.0,9.9331,-84.0792
2026-05-22T12:00,14.4,11.3,10.3,32.0,9.9331,-84.0792
2026-05-22T13:00,15.7,12.5,8.8,42.0,9.9331,-84.0792
2026-05-22T14:00,14.1,11.2,6.7,57.0,9.9331,-84.0792
2026-05-22T15:00,10.6,8.2,4.9,68.0,9.9331,-84.0792
2026-05-22T16:00,10.7,8.1,3.7,73.0,9.9331,-84.0792
2026-05-22T17:00,11.4,8.7,2.8,76.0,9.9331,-84.0792
2026-05-22T18:00,10.9,8.3,2.7,75.0,9.9331,-84.0792
2026-05-22T19:00,9.6,7.3,3.4,71.0,9.9331,-84.0792
2026-05-22T20:00,10.2,8.0,4.9,65.0,9.9331,-84.0792
2026-05-22T21:00,10.4,8.4,7.6,57.0,9.9331,-84.0792
2026-05-22T22:00,13.9,12.3,12.6,47.0,9.9331,-84.0792
2026-05-22T23:00,15.9,14.3,18.7,35.0,9.9331,-84.0792
2026-05-23T00:00,15.8,13.5,20.6,29.0,9.9331,-84.0792
2026-05-23T01:00,14.6,13.1,18.2,29.0,9.9331,-84.0792
2026-05-23T02:00,12.1,10.5,15.0,28.0,9.9331,-84.0792
2026-05-23T03:00,8.6,7.2,12.8,27.0,9.9331,-84.0792
2026-05-23T04:00,8.3,7.2,12.8,24.0,9.9331,-84.0792
2026-05-23T05:00,8.4,7.3,13.9,20.0,9.9331,-84.0792
2026-05-23T06:00,6.3,5.6,14.4,17.0,9.9331,-84.0792
2026-05-23T07:00,6.3,5.5,13.5,17.0,9.9331,-84.0792
2026-05-23T08:00,6.3,5.4,12.0,17.0,9.9331,-84.0792
2026-05-23T09:00,6.5,5.5,10.8,18.0,9.9331,-84.0792
2026-05-23T10:00,6.9,5.9,10.6,16.0,9.9331,-84.0792
2026-05-23T11:00,7.9,6.7,10.8,15.0,9.9331,-84.0792
2026-05-23T12:00,10.1,7.9,8.3,28.0,9.9331,-84.0792
2026-05-23T13:00,14.5,11.5,6.6,42.0,9.9331,-84.0792
2026-05-23T14:00,17.1,13.0,4.2,61.0,9.9331,-84.0792
2026-05-23T15:00,15.1,11.4,2.4,75.0,9.9331,-84.0792
2026-05-23T16:00,13.9,10.5,1.5,79.0,9.9331,-84.0792
2026-05-23T17:00,11.8,9.0,1.1,78.0,9.9331,-84.0792
2026-05-23T18:00,10.8,8.1,1.4,74.0,9.9331,-84.0792
2026-05-23T19:00,9.8,7.5,2.5,68.0,9.9331,-84.0792
2026-05-23T20:00,9.6,7.6,4.3,60.0,9.9331,-84.0792
2026-05-23T21:00,10.2,8.7,6.3,52.0,9.9331,-84.0792
2026-05-23T22:00,7.2,6.3,9.0,45.0,9.9331,-84.0792
2026-05-23T23:00,5.0,4.3,12.1,39.0,9.9331,-84.0792
2026-05-24T00:00,9.3,7.9,10.9,40.0,9.9331,-84.0792
2026-05-24T01:00,9.0,7.7,10.6,37.0,9.9331,-84.0792
2026-05-24T02:00,9.3,7.9,10.2,33.0,9.9331,-84.0792
2026-05-24T03:00,9.8,8.4,9.8,29.0,9.9331,-84.0792
2026-05-24T04:00,10.1,8.7,9.6,27.0,9.9331,-84.0792
2026-05-24T05:00,10.3,8.9,9.5,25.0,9.9331,-84.0792
2026-05-24T06:00,10.0,8.6,9.2,24.0,9.9331,-84.0792
2026-05-24T07:00,10.0,8.5,8.4,25.0,9.9331,-84.0792
2026-05-24T08:00,9.7,8.1,7.5,27.0,9.9331,-84.0792
2026-05-24T09:00,9.4,7.8,6.8,28.0,9.9331,-84.0792
2026-05-24T10:00,9.1,7.5,6.8,27.0,9.9331,-84.0792
2026-05-24T11:00,8.9,7.4,7.1,25.0,9.9331,-84.0792
2026-05-24T12:00,13.0,10.5,6.5,28.0,9.9331,-84.0792
2026-05-24T13:00,13.5,10.9,5.2,38.0,9.9331,-84.0792
2026-05-24T14:00,12.3,9.7,3.5,51.0,9.9331,-84.0792
2026-05-24T15:00,9.3,7.1,2.1,62.0,9.9331,-84.0792
2026-05-24T16:00,7.6,5.9,1.4,67.0,9.9331,-84.0792
2026-05-24T17:00,6.9,5.5,1.1,70.0,9.9331,-84.0792
2026-05-24T18:00,6.7,5.4,1.1,70.0,9.9331,-84.0792
2026-05-24T19:00,5.5,4.4,1.4,66.0,9.9331,-84.0792
2026-05-24T20:00,4.4,3.5,1.9,60.0,9.9331,-84.0792
2026-05-24T21:00,4.8,4.0,2.7,54.0,9.9331,-84.0792
2026-05-24T22:00,5.2,4.5,3.8,50.0,9.9331,-84.0792
2026-05-24T23:00,6.0,5.6,5.2,45.0,9.9331,-84.0792
2026-05-25T00:00,9.2,7.7,6.3,42.0,9.9331,-84.0792
2026-05-25T01:00,5.3,4.8,7.1,40.0,9.9331,-84.0792
2026-05-25T02:00,3.9,3.6,8.3,36.0,9.9331,-84.0792
2026-05-25T03:00,4.0,3.7,9.1,33.0,9.9331,-84.0792
2026-05-25T04:00,4.6,4.1,9.4,31.0,9.9331,-84.0792
2026-05-25T05:00,5.1,4.6,9.4,28.0,9.9331,-84.0792
2026-05-25T06:00,5.2,4.6,9.2,27.0,9.9331,-84.0792
2026-05-25T07:00,5.4,4.7,8.5,27.0,9.9331,-84.0792
2026-05-25T08:00,5.3,4.5,7.5,27.0,9.9331,-84.0792
2026-05-25T09:00,5.1,4.4,7.1,27.0,9.9331,-84.0792
2026-05-25T10:00,4.8,4.3,8.3,23.0,9.9331,-84.0792
2026-05-25T11:00,4.9,4.3,10.0,19.0,9.9331,-84.0792
2026-05-25T12:00,5.7,5.4,10.1,19.0,9.9331,-84.0792
2026-05-25T13:00,7.9,7.3,8.0,32.0,9.9331,-84.0792
2026-05-25T14:00,6.5,5.4,5.2,50.0,9.9331,-84.0792
2026-05-25T15:00,6.4,5.1,3.0,64.0,9.9331,-84.0792
2026-05-25T16:00,6.5,5.1,2.1,70.0,9.9331,-84.0792
2026-05-25T17:00,7.1,5.5,1.9,73.0,9.9331,-84.0792
2026-05-25T18:00,7.9,6.0,2.0,73.0,9.9331,-84.0792
2026-05-25T19:00,8.4,6.4,2.0,73.0,9.9331,-84.0792
2026-05-25T20:00,8.8,6.8,2.2,70.0,9.9331,-84.0792
2026-05-25T21:00,8.9,6.9,3.3,66.0,9.9331,-84.0792
2026-05-25T22:00,9.3,7.4,6.0,58.0,9.9331,-84.0792
2026-05-25T23:00,9.6,8.0,9.6,48.0,9.9331,-84.0792
2026-05-26T00:00,11.2,9.0,11.0,40.0,9.9331,-84.0792
2026-05-26T01:00,11.6,9.7,12.5,35.0,9.9331,-84.0792
2026-05-26T02:00,11.3,9.6,14.4,27.0,9.9331,-84.0792
2026-05-26T03:00,10.2,8.7,15.2,23.0,9.9331,-84.0792
2026-05-26T04:00,10.4,8.9,13.8,24.0,9.9331,-84.0792
2026-05-26T05:00,9.2,7.6,11.3,28.0,9.9331,-84.0792
2026-05-26T06:00,8.4,6.7,9.2,31.0,9.9331,-84.0792
2026-05-26T07:00,7.7,6.1,7.8,32.0,9.9331,-84.0792
2026-05-26T08:00,6.9,5.4,6.8,32.0,9.9331,-84.0792
2026-05-26T09:00,6.3,5.0,6.6,31.0,9.9331,-84.0792
2026-05-26T10:00,6.0,4.7,8.2,27.0,9.9331,-84.0792
2026-05-26T11:00,5.5,4.4,10.8,23.0,9.9331,-84.0792
2026-05-26T12:00,3.6,3.1,8.3,29.0,9.9331,-84.0792
2026-05-26T13:00,4.4,4.0,7.1,35.0,9.9331,-84.0792
2026-05-26T14:00,4.5,4.0,5.4,43.0,9.9331,-84.0792
2026-05-26T15:00,4.6,3.7,4.4,49.0,9.9331,-84.0792
2026-05-26T16:00,5.4,4.3,4.4,52.0,9.9331,-84.0792
2026-05-26T17:00,5.5,4.4,5.0,53.0,9.9331,-84.0792
2026-05-26T18:00,7.2,6.0,6.1,52.0,9.9331,-84.0792
2026-05-26T19:00,7.3,6.5,7.5,48.0,9.9331,-84.0792
2026-05-26T20:00,6.0,5.1,9.5,42.0,9.9331,-84.0792
2026-05-26T21:00,8.0,7.5,12.7,35.0,9.9331,-84.0792
2026-05-26T22:00,7.0,6.4,18.4,26.0,9.9331,-84.0792
2026-05-26T23:00,8.5,8.1,25.2,16.0,9.9331,-84.0792
2026-05-27T00:00,11.1,10.4,26.5,15.0,9.9331,-84.0792
2026-05-27T01:00,10.4,9.9,28.2,11.0,9.9331,-84.0792
2026-05-27T02:00,9.5,9.0,30.4,5.0,9.9331,-84.0792
2026-05-27T03:00,9.3,8.9,31.5,1.0,9.9331,-84.0792
2026-05-27T04:00,9.4,9.1,30.5,1.0,9.9331,-84.0792
2026-05-27T05:00,7.9,7.5,28.4,4.0,9.9331,-84.0792
2026-05-27T06:00,4.5,4.2,26.0,6.0,9.9331,-84.0792
2026-05-27T07:00,2.6,2.5,23.2,7.0,9.9331,-84.0792
2026-05-27T08:00,1.7,1.6,20.0,7.0,9.9331,-84.0792
2026-05-27T09:00,1.4,1.3,18.0,7.0,9.9331,-84.0792
2026-05-27T10:00,1.5,1.5,18.2,5.0,9.9331,-84.0792
2026-05-27T11:00,2.0,2.0,19.5,3.0,9.9331,-84.0792
2026-05-27T12:00,2.6,2.6,15.3,11.0,9.9331,-84.0792
2026-05-27T13:00,7.2,7.1,12.8,30.0,9.9331,-84.0792
2026-05-27T14:00,8.6,8.2,9.2,57.0,9.9331,-84.0792
2026-05-27T15:00,8.3,7.5,6.3,77.0,9.9331,-84.0792
2026-05-27T16:00,7.9,7.0,4.5,84.0,9.9331,-84.0792
2026-05-27T17:00,6.9,6.2,3.3,84.0,9.9331,-84.0792
2026-05-27T18:00,6.2,5.7,3.0,81.0,9.9331,-84.0792
2026-05-27T19:00,5.5,5.1,3.4,75.0,9.9331,-84.0792
2026-05-27T20:00,6.0,5.6,4.6,66.0,9.9331,-84.0792
2026-05-27T21:00,8.0,7.2,7.4,56.0,9.9331,-84.0792
2026-05-27T22:00,11.8,11.2,13.6,43.0,9.9331,-84.0792
2026-05-27T23:00,11.8,11.1,21.5,28.0,9.9331,-84.0792
2026-05-28T00:00,13.4,12.2,24.9,20.0,9.9331,-84.0792
2026-05-28T01:00,12.2,11.5,24.6,18.0,9.9331,-84.0792
2026-05-28T02:00,10.5,9.8,24.3,15.0,9.9331,-84.0792
2026-05-28T03:00,7.4,6.9,24.0,12.0,9.9331,-84.0792
2026-05-28T04:00,5.5,5.2,24.3,9.0,9.9331,-84.0792
2026-05-28T05:00,4.3,4.1,24.6,6.0,9.9331,-84.0792
2026-05-28T06:00,3.1,3.0,23.8,5.0,9.9331,-84.0792
2026-05-28T07:00,2.9,2.7,20.7,8.0,9.9331,-84.0792
2026-05-28T08:00,2.9,2.7,16.5,12.0,9.9331,-84.0792
2026-05-28T09:00,3.1,2.8,13.6,15.0,9.9331,-84.0792
2026-05-28T10:00,3.3,2.9,13.4,13.0,9.9331,-84.0792
2026-05-28T11:00,3.8,3.5,14.6,10.0,9.9331,-84.0792
2026-05-28T12:00,9.6,8.4,12.2,18.0,9.9331,-84.0792
2026-05-28T13:00,10.7,9.6,10.4,32.0,9.9331,-84.0792
2026-05-28T14:00,12.6,10.3,7.9,52.0,9.9331,-84.0792
2026-05-28T15:00,15.6,11.9,5.7,68.0,9.9331,-84.0792
2026-05-28T16:00,16.8,12.5,3.9,78.0,9.9331,-84.0792
2026-05-28T17:00,18.5,13.8,2.4,84.0,9.9331,-84.0792
2026-05-28T18:00,19.3,14.4,2.2,84.0,9.9331,-84.0792
2026-05-28T19:00,18.8,14.1,3.2,77.0,9.9331,-84.0792
2026-05-28T20:00,18.3,14.3,5.4,64.0,9.9331,-84.0792
2026-05-28T21:00,17.6,14.4,9.9,51.0,9.9331,-84.0792
2026-05-28T22:00,17.3,14.8,18.7,37.0,9.9331,-84.0792
2026-05-28T23:00,21.4,18.9,29.6,22.0,9.9331,-84.0792
2026-05-29T00:00,12.3,10.8,27.8,17.0,9.9331,-84.0792
2026-05-29T01:00,6.0,5.5,28.5,14.0,9.9331,-84.0792
2026-05-29T02:00,5.0,4.7,29.5,9.0,9.9331,-84.0792
2026-05-29T03:00,4.1,4.0,30.0,5.0,9.9331,-84.0792
2026-05-29T04:00,3.9,3.8,30.0,3.0,9.9331,-84.0792
2026-05-29T05:00,3.9,3.8,29.5,1.0,9.9331,-84.0792
2026-05-29T06:00,2.8,2.8,28.6,1.0,9.9331,-84.0792
2026-05-29T07:00,2.7,2.7,26.9,2.0,9.9331,-84.0792
2026-05-29T08:00,2.2,2.1,24.8,3.0,9.9331,-84.0792
2026-05-29T09:00,2.2,2.1,22.6,5.0,9.9331,-84.0792
2026-05-29T10:00,2.3,2.1,20.6,6.0,9.9331,-84.0792
2026-05-29T11:00,2.0,1.9,18.5,8.0,9.9331,-84.0792
2026-05-29T12:00,4.5,4.2,19.4,10.0,9.9331,-84.0792
2026-05-29T13:00,7.5,6.9,16.6,20.0,9.9331,-84.0792
2026-05-29T14:00,8.2,7.3,12.8,34.0,9.9331,-84.0792
2026-05-29T15:00,8.2,7.2,9.7,47.0,9.9331,-84.0792
2026-05-29T16:00,7.6,6.8,7.8,58.0,9.9331,-84.0792
2026-05-29T17:00,6.8,6.0,6.7,68.0,9.9331,-84.0792
2026-05-29T18:00,9.5,8.5,6.9,72.0,9.9331,-84.0792
2026-05-29T19:00,11.8,10.9,8.3,69.0,9.9331,-84.0792
2026-05-29T20:00,12.6,12.0,10.9,60.0,9.9331,-84.0792
2026-05-29T21:00,13.5,13.0,15.5,50.0,9.9331,-84.0792
2026-05-29T22:00,14.9,14.6,23.9,38.0,9.9331,-84.0792
2026-05-29T23:00,17.7,17.6,34.4,25.0,9.9331,-84.0792
2026-05-30T00:00,11.1,10.3,23.4,28.0,9.9331,-84.0792
2026-05-30T01:00,7.7,7.3,24.3,22.0,9.9331,-84.0792
2026-05-30T02:00,8.6,8.1,25.6,14.0,9.9331,-84.0792
2026-05-30T03:00,10.7,10.3,26.4,8.0,9.9331,-84.0792
2026-05-30T04:00,11.1,10.7,26.6,5.0,9.9331,-84.0792
2026-05-30T05:00,11.3,10.8,26.3,3.0,9.9331,-84.0792
2026-05-30T06:00,12.0,11.7,25.4,2.0,9.9331,-84.0792
2026-05-30T07:00,11.6,11.4,23.4,3.0,9.9331,-84.0792
2026-05-30T08:00,10.9,10.6,20.7,4.0,9.9331,-84.0792
2026-05-30T09:00,10.2,9.8,18.4,6.0,9.9331,-84.0792
2026-05-30T10:00,10.1,9.6,17.0,5.0,9.9331,-84.0792
2026-05-30T11:00,10.6,10.0,16.0,3.0,9.9331,-84.0792
2026-05-30T12:00,9.6,9.3,14.4,15.0,9.9331,-84.0792
2026-05-30T13:00,12.4,12.0,11.7,33.0,9.9331,-84.0792
2026-05-30T14:00,12.0,11.3,7.9,57.0,9.9331,-84.0792
2026-05-30T15:00,9.4,8.6,5.0,75.0,9.9331,-84.0792
2026-05-30T16:00,8.9,8.4,3.6,80.0,9.9331,-84.0792
2026-05-30T17:00,8.6,8.1,3.0,79.0,9.9331,-84.0792
2026-05-30T18:00,7.3,6.8,3.1,76.0,9.9331,-84.0792
2026-05-30T19:00,8.9,8.0,3.9,73.0,9.9331,-84.0792
2026-05-30T20:00,11.6,10.7,5.5,68.0,9.9331,-84.0792
2026-05-30T21:00,7.1,6.6,7.8,62.0,9.9331,-84.0792
2026-05-30T22:00,7.3,7.0,11.6,56.0,9.9331,-84.0792
2026-05-30T23:00,5.9,5.7,16.3,50.0,9.9331,-84.0792
2026-05-31T00:00,18.0,17.1,22.1,42.0,9.9331,-84.0792
2026-05-31T01:00,14.1,13.5,22.1,37.0,9.9331,-84.0792
2026-05-31T02:00,13.0,12.5,22.1,31.0,9.9331,-84.0792
2026-05-31T03:00,13.9,13.5,21.8,25.0,9.9331,-84.0792
2026-05-31T04:00,14.9,14.5,21.3,22.0,9.9331,-84.0792
2026-05-31T05:00,15.9,15.5,20.5,19.0,9.9331,-84.0792
2026-05-31T06:00,16.5,16.0,19.4,17.0,9.9331,-84.0792
2026-05-31T07:00,16.4,15.8,17.9,15.0,9.9331,-84.0792
2026-05-31T08:00,15.8,15.3,16.1,13.0,9.9331,-84.0792
2026-05-31T09:00,15.3,14.7,14.4,13.0,9.9331,-84.0792
2026-05-31T10:00,14.5,13.9,13.2,13.0,9.9331,-84.0792
2026-05-31T11:00,14.6,13.8,12.1,15.0,9.9331,-84.0792
2026-05-31T12:00,13.7,12.7,9.3,19.0,9.9331,-84.0792
2026-05-31T13:00,14.5,11.8,7.2,31.0,9.9331,-84.0792
2026-05-31T14:00,11.7,9.1,4.3,48.0,9.9331,-84.0792
2026-05-31T15:00,10.3,8.1,2.1,61.0,9.9331,-84.0792
2026-05-31T16:00,8.4,6.6,1.3,66.0,9.9331,-84.0792
2026-05-31T17:00,6.9,5.4,1.3,66.0,9.9331,-84.0792
2026-05-31T18:00,6.3,5.1,1.4,65.0,9.9331,-84.0792
2026-05-31T19:00,6.5,5.3,1.4,64.0,9.9331,-84.0792
2026-05-31T20:00,6.4,5.2,1.5,62.0,9.9331,-84.0792
2026-05-31T21:00,6.3,5.1,2.1,58.0,9.9331,-84.0792
2026-05-31T22:00,5.8,4.8,3.4,52.0,9.9331,-84.0792
2026-05-31T23:00,6.7,5.7,5.2,45.0,9.9331,-84.0792
2026-06-01T00:00,8.8,7.5,7.5,37.0,9.9331,-84.0792
2026-06-01T01:00,9.4,8.2,9.1,33.0,9.9331,-84.0792
2026-06-01T02:00,9.3,8.0,11.3,27.0,9.9331,-84.0792
2026-06-01T03:00,9.9,8.6,12.8,23.0,9.9331,-84.0792
2026-06-01T04:00,10.2,8.8,13.0,21.0,9.9331,-84.0792
2026-06-01T05:00,10.2,8.8,12.6,20.0,9.9331,-84.0792
2026-06-01T06:00,10.0,8.6,12.0,20.0,9.9331,-84.0792
2026-06-01T07:00,9.6,8.2,11.1,20.0,9.9331,-84.0792
2026-06-01T08:00,9.3,7.9,10.1,20.0,9.9331,-84.0792
2026-06-01T09:00,8.8,7.6,9.5,20.0,9.9331,-84.0792
2026-06-01T10:00,8.4,7.3,10.1,18.0,9.9331,-84.0792
2026-06-01T11:00,8.5,7.5,11.2,15.0,9.9331,-84.0792
2026-06-01T12:00,12.0,10.2,9.0,25.0,9.9331,-84.0792
2026-06-01T13:00,13.7,11.4,7.6,38.0,9.9331,-84.0792
2026-06-01T14:00,13.5,11.3,5.6,55.0,9.9331,-84.0792
2026-06-01T15:00,11.6,9.1,4.0,67.0,9.9331,-84.0792
2026-06-01T16:00,11.6,8.9,3.0,69.0,9.9331,-84.0792
2026-06-01T17:00,10.4,7.7,2.4,66.0,9.9331,-84.0792
2026-06-01T18:00,9.0,6.7,2.1,63.0,9.9331,-84.0792
2026-06-01T19:00,8.5,6.5,1.7,63.0,9.9331,-84.0792
2026-06-01T20:00,7.0,5.3,1.5,62.0,9.9331,-84.0792
2026-06-01T21:00,7.1,5.4,2.7,59.0,9.9331,-84.0792
2026-06-01T22:00,7.3,5.5,6.5,51.0,9.9331,-84.0792
2026-06-01T23:00,8.5,6.8,11.7,40.0,9.9331,-84.0792
2026-06-02T00:00,13.1,10.2,9.9,41.0,9.9331,-84.0792
2026-06-02T01:00,13.9,11.9,12.6,34.0,9.9331,-84.0792
2026-06-02T02:00,13.1,11.2,16.4,23.0,9.9331,-84.0792
2026-06-02T03:00,13.1,11.3,19.0,16.0,9.9331,-84.0792
2026-06-02T04:00,13.6,11.7,19.5,14.0,9.9331,-84.0792
2026-06-02T05:00,13.9,12.0,18.9,14.0,9.9331,-84.0792
2026-06-02T06:00,13.4,11.5,17.7,15.0,9.9331,-84.0792
2026-06-02T07:00,12.4,10.3,15.6,17.0,9.9331,-84.0792
2026-06-02T08:00,11.9,9.7,12.9,19.0,9.9331,-84.0792
2026-06-02T09:00,11.3,9.2,11.0,21.0,9.9331,-84.0792
2026-06-02T10:00,10.2,8.3,11.1,21.0,9.9331,-84.0792
2026-06-02T11:00,10.0,8.1,12.0,20.0,9.9331,-84.0792
2026-06-02T12:00,12.1,9.4,8.8,30.0,9.9331,-84.0792
2026-06-02T13:00,11.1,9.2,7.6,38.0,9.9331,-84.0792
2026-06-02T14:00,10.2,8.8,5.9,50.0,9.9331,-84.0792
2026-06-02T15:00,5.6,4.7,4.5,58.0,9.9331,-84.0792
2026-06-02T16:00,3.2,2.7,3.5,59.0,9.9331,-84.0792
2026-06-02T17:00,2.9,2.4,2.8,58.0,9.9331,-84.0792
2026-06-02T18:00,4.2,3.4,2.5,57.0,9.9331,-84.0792
2026-06-02T19:00,5.8,4.7,2.2,61.0,9.9331,-84.0792
2026-06-02T20:00,7.8,6.5,2.4,66.0,9.9331,-84.0792
2026-06-02T21:00,8.4,6.9,4.5,66.0,9.9331,-84.0792
2026-06-02T22:00,8.5,7.0,10.8,54.0,9.9331,-84.0792
2026-06-02T23:00,9.4,7.9,19.1,36.0,9.9331,-84.0792
2026-06-03T00:00,15.1,13.3,23.3,21.0,9.9331,-84.0792
2026-06-03T01:00,12.8,11.6,23.5,18.0,9.9331,-84.0792
2026-06-03T02:00,13.4,12.0,23.8,14.0,9.9331,-84.0792
2026-06-03T03:00,13.9,12.3,23.7,11.0,9.9331,-84.0792
2026-06-03T04:00,14.0,12.3,22.9,10.0,9.9331,-84.0792
2026-06-03T05:00,13.8,12.3,21.7,9.0,9.9331,-84.0792
2026-06-03T06:00,13.2,11.6,20.2,9.0,9.9331,-84.0792
2026-06-03T07:00,12.8,11.2,18.1,10.0,9.9331,-84.0792
2026-06-03T08:00,11.6,9.9,15.7,12.0,9.9331,-84.0792
2026-06-03T09:00,11.4,9.7,13.9,13.0,9.9331,-84.0792
2026-06-03T10:00,11.2,9.7,13.4,13.0,9.9331,-84.0792
2026-06-03T11:00,11.2,9.7,13.5,12.0,9.9331,-84.0792
2026-06-03T12:00,6.0,4.8,9.8,30.0,9.9331,-84.0792
2026-06-03T13:00,7.2,6.2,8.4,40.0,9.9331,-84.0792
2026-06-03T14:00,9.5,8.0,6.6,54.0,9.9331,-84.0792
2026-06-03T15:00,6.6,5.6,5.6,63.0,9.9331,-84.0792
2026-06-03T16:00,4.0,3.6,6.1,63.0,9.9331,-84.0792
2026-06-03T17:00,4.5,4.1,7.3,57.0,9.9331,-84.0792
2026-06-03T18:00,7.0,6.8,8.5,53.0,9.9331,-84.0792
2026-06-03T19:00,9.2,8.9,8.5,53.0,9.9331,-84.0792
2026-06-03T20:00,5.0,4.9,8.5,54.0,9.9331,-84.0792
2026-06-03T21:00,5.8,5.6,11.0,51.0,9.9331,-84.0792
2026-06-03T22:00,8.0,7.9,18.4,39.0,9.9331,-84.0792
2026-06-03T23:00,7.5,7.4,28.2,23.0,9.9331,-84.0792
2026-06-04T00:00,7.7,7.5,31.7,16.0,9.9331,-84.0792
2026-06-04T01:00,6.8,6.7,33.3,12.0,9.9331,-84.0792
2026-06-04T02:00,5.1,5.1,35.5,7.0,9.9331,-84.0792
2026-06-04T03:00,4.4,4.4,36.9,3.0,9.9331,-84.0792
2026-06-04T04:00,3.9,3.9,36.8,2.0,9.9331,-84.0792
2026-06-04T05:00,3.3,3.3,35.9,3.0,9.9331,-84.0792
2026-06-04T06:00,2.2,2.2,34.4,4.0,9.9331,-84.0792
2026-06-04T07:00,1.7,1.7,32.3,4.0,9.9331,-84.0792
2026-06-04T08:00,1.6,1.6,29.7,4.0,9.9331,-84.0792
2026-06-04T09:00,1.7,1.6,27.2,5.0,9.9331,-84.0792
2026-06-04T10:00,2.2,2.2,25.2,6.0,9.9331,-84.0792
2026-06-04T11:00,3.3,3.2,23.2,9.0,9.9331,-84.0792
2026-06-04T12:00,10.0,9.5,20.9,15.0,9.9331,-84.0792
2026-06-04T13:00,7.9,7.5,20.5,25.0,9.9331,-84.0792
2026-06-04T14:00,9.5,9.1,19.8,38.0,9.9331,-84.0792
2026-06-04T15:00,12.5,12.3,18.8,50.0,9.9331,-84.0792
2026-06-04T16:00,9.5,9.2,17.0,58.0,9.9331,-84.0792
2026-06-04T17:00,11.6,11.4,14.9,63.0,9.9331,-84.0792
2026-06-04T18:00,10.0,9.8,13.9,66.0,9.9331,-84.0792
2026-06-04T19:00,9.0,8.8,14.0,66.0,9.9331,-84.0792
2026-06-04T20:00,12.3,12.1,15.1,62.0,9.9331,-84.0792
2026-06-04T21:00,6.9,6.9,18.6,56.0,9.9331,-84.0792
2026-06-04T22:00,5.0,5.0,26.4,44.0,9.9331,-84.0792
2026-06-04T23:00,9.5,9.4,36.6,29.0,9.9331,-84.0792
2026-06-05T00:00,9.2,9.1,35.3,32.0,9.9331,-84.0792
2026-06-05T01:00,7.2,7.2,36.2,25.0,9.9331,-84.0792
2026-06-05T02:00,5.4,5.4,37.4,15.0,9.9331,-84.0792
2026-06-05T03:00,8.3,8.3,37.9,7.0,9.9331,-84.0792
2026-06-05T04:00,8.6,8.6,37.4,4.0,9.9331,-84.0792
2026-06-05T05:00,8.7,8.7,36.2,3.0,9.9331,-84.0792
2026-06-05T06:00,8.1,8.1,34.5,2.0,9.9331,-84.0792
2026-06-05T07:00,8.2,8.2,32.3,1.0,9.9331,-84.0792
2026-06-05T08:00,8.3,8.3,29.6,0.0,9.9331,-84.0792
2026-06-05T09:00,8.5,8.5,26.7,1.0,9.9331,-84.0792
2026-06-05T10:00,8.3,8.3,23.8,2.0,9.9331,-84.0792
2026-06-05T11:00,8.2,8.2,20.7,4.0,9.9331,-84.0792
2026-06-05T12:00,25.6,24.7,16.9,11.0,9.9331,-84.0792
2026-06-05T13:00,26.6,26.3,14.6,29.0,9.9331,-84.0792
2026-06-05T14:00,26.4,26.0,11.5,55.0,9.9331,-84.0792
2026-06-05T15:00,21.7,21.1,8.9,74.0,9.9331,-84.0792
2026-06-05T16:00,17.2,16.5,7.2,81.0,9.9331,-84.0792
2026-06-05T17:00,15.1,14.6,6.0,82.0,9.9331,-84.0792
2026-06-05T18:00,14.4,14.0,6.0,80.0,9.9331,-84.0792
2026-06-05T19:00,15.1,14.8,6.9,76.0,9.9331,-84.0792
2026-06-05T20:00,11.2,11.1,9.0,70.0,9.9331,-84.0792
2026-06-05T21:00,8.5,8.4,13.4,60.0,9.9331,-84.0792
2026-06-05T22:00,8.0,7.9,22.5,45.0,9.9331,-84.0792
2026-06-05T23:00,8.8,8.8,33.8,27.0,9.9331,-84.0792
2026-06-06T00:00,12.4,12.1,30.9,24.0,9.9331,-84.0792
2026-06-06T01:00,6.6,6.5,29.3,20.0,9.9331,-84.0792
2026-06-06T02:00,5.0,4.9,27.1,15.0,9.9331,-84.0792
2026-06-06T03:00,4.8,4.7,24.9,12.0,9.9331,-84.0792
2026-06-06T04:00,4.2,4.2,23.2,11.0,9.9331,-84.0792
2026-06-06T05:00,4.0,3.9,21.6,13.0,9.9331,-84.0792
2026-06-06T06:00,3.0,3.0,19.6,14.0,9.9331,-84.0792
2026-06-06T07:00,2.3,2.3,16.4,16.0,9.9331,-84.0792
2026-06-06T08:00,1.8,1.8,12.9,19.0,9.9331,-84.0792
2026-06-06T09:00,1.4,1.4,10.6,20.0,9.9331,-84.0792
2026-06-06T10:00,1.4,1.4,10.9,17.0,9.9331,-84.0792
2026-06-06T11:00,1.6,1.6,12.6,14.0,9.9331,-84.0792
2026-06-06T12:00,3.4,3.3,12.9,10.0,9.9331,-84.0792
2026-06-06T13:00,4.4,4.2,11.0,27.0,9.9331,-84.0792
2026-06-06T14:00,5.9,5.8,8.5,50.0,9.9331,-84.0792
2026-06-06T15:00,5.7,5.7,6.7,65.0,9.9331,-84.0792
2026-06-06T16:00,4.7,4.7,6.4,65.0,9.9331,-84.0792
2026-06-06T17:00,4.2,4.2,6.9,57.0,9.9331,-84.0792
2026-06-06T18:00,6.4,6.3,7.5,52.0,9.9331,-84.0792
2026-06-06T19:00,6.0,6.0,7.5,54.0,9.9331,-84.0792
2026-06-06T20:00,5.3,5.3,7.5,58.0,9.9331,-84.0792
2026-06-06T21:00,5.6,5.6,9.3,58.0,9.9331,-84.0792
2026-06-06T22:00,5.7,5.6,14.6,51.0,9.9331,-84.0792
2026-06-06T23:00,7.8,7.8,21.6,41.0,9.9331,-84.0792
2026-06-07T00:00,8.0,7.8,15.8,43.0,9.9331,-84.0792
2026-06-07T01:00,8.2,8.1,16.2,36.0,9.9331,-84.0792
2026-06-07T02:00,6.8,6.7,16.9,27.0,9.9331,-84.0792
2026-06-07T03:00,7.0,6.9,17.3,19.0,9.9331,-84.0792
2026-06-07T04:00,7.6,7.5,17.5,15.0,9.9331,-84.0792
2026-06-07T05:00,7.8,7.8,17.5,12.0,9.9331,-84.0792
2026-06-07T06:00,6.3,6.3,17.2,10.0,9.9331,-84.0792
2026-06-07T07:00,5.1,5.1,16.6,8.0,9.9331,-84.0792
2026-06-07T08:00,4.6,4.5,15.7,7.0,9.9331,-84.0792
2026-06-07T09:00,4.6,4.5,14.9,6.0,9.9331,-84.0792
2026-06-07T10:00,4.3,4.3,14.2,5.0,9.9331,-84.0792
2026-06-07T11:00,4.0,4.0,13.5,4.0,9.9331,-84.0792
2026-06-07T12:00,3.0,3.0,13.7,11.0,9.9331,-84.0792
2026-06-07T13:00,2.4,2.4,12.3,17.0,9.9331,-84.0792
2026-06-07T14:00,2.7,2.7,10.3,25.0,9.9331,-84.0792
2026-06-07T15:00,3.1,3.1,8.8,31.0,9.9331,-84.0792
2026-06-07T16:00,5.1,5.1,8.2,34.0,9.9331,-84.0792
2026-06-07T17:00,5.0,5.0,8.2,36.0,9.9331,-84.0792
2026-06-07T18:00,6.0,6.0,8.4,35.0,9.9331,-84.0792
2026-06-07T19:00,4.7,4.7,8.7,32.0,9.9331,-84.0792
2026-06-07T20:00,2.5,2.5,9.3,26.0,9.9331,-84.0792
2026-06-07T21:00,5.2,5.1,10.3,21.0,9.9331,-84.0792
2026-06-07T22:00,4.4,4.3,12.1,17.0,9.9331,-84.0792
2026-06-07T23:00,3.2,3.1,14.4,13.0,9.9331,-84.0792
2026-06-08T00:00,5.7,5.5,14.8,12.0,9.9331,-84.0792
2026-06-08T01:00,6.9,6.9,16.6,8.0,9.9331,-84.0792
2026-06-08T02:00,5.3,5.3,18.9,3.0,9.9331,-84.0792
2026-06-08T03:00,5.3,5.3,19.9,1.0,9.9331,-84.0792
2026-06-08T04:00,5.0,5.0,18.5,4.0,9.9331,-84.0792
2026-06-08T05:00,2.8,2.7,15.8,10.0,9.9331,-84.0792
2026-06-08T06:00,1.8,1.8,13.0,14.0,9.9331,-84.0792
2026-06-08T07:00,0.9,0.9,10.2,16.0,9.9331,-84.0792
2026-06-08T08:00,0.7,0.7,7.5,17.0,9.9331,-84.0792
2026-06-08T09:00,0.8,0.8,6.0,17.0,9.9331,-84.0792
2026-06-08T10:00,1.0,1.0,6.9,13.0,9.9331,-84.0792
2026-06-08T11:00,1.5,1.5,9.1,7.0,9.9331,-84.0792
2026-06-08T12:00,10.6,10.4,11.1,8.0,9.9331,-84.0792
2026-06-08T13:00,10.9,10.8,9.5,20.0,9.9331,-84.0792
2026-06-08T14:00,8.4,8.2,7.2,38.0,9.9331,-84.0792
2026-06-08T15:00,5.8,5.5,5.3,50.0,9.9331,-84.0792
2026-06-08T16:00,3.4,3.0,3.9,53.0,9.9331,-84.0792
2026-06-08T17:00,3.3,2.8,2.8,50.0,9.9331,-84.0792
2026-06-08T18:00,3.9,3.3,2.2,49.0,9.9331,-84.0792
2026-06-08T19:00,5.4,4.5,1.8,52.0,9.9331,-84.0792
2026-06-08T20:00,6.9,5.6,1.9,56.0,9.9331,-84.0792
2026-06-08T21:00,7.0,5.8,3.8,56.0,9.9331,-84.0792
2026-06-08T22:00,9.5,8.3,8.9,47.0,9.9331,-84.0792
2026-06-08T23:00,11.4,10.2,15.8,34.0,9.9331,-84.0792
2026-06-09T00:00,10.0,9.5,28.8,9.0,9.9331,-84.0792
2026-06-09T01:00,7.0,6.8,29.7,7.0,9.9331,-84.0792
2026-06-09T02:00,6.4,6.2,30.9,5.0,9.9331,-84.0792
2026-06-09T03:00,6.2,6.0,31.2,4.0,9.9331,-84.0792
2026-06-09T04:00,5.1,5.0,29.8,5.0,9.9331,-84.0792
2026-06-09T05:00,4.6,4.5,27.6,7.0,9.9331,-84.0792
2026-06-09T06:00,3.8,3.7,25.2,8.0,9.9331,-84.0792
2026-06-09T07:00,2.8,2.7,22.8,8.0,9.9331,-84.0792
2026-06-09T08:00,2.0,1.9,20.3,8.0,9.9331,-84.0792
2026-06-09T09:00,1.8,1.8,18.5,8.0,9.9331,-84.0792
2026-06-09T10:00,2.1,2.1,17.9,7.0,9.9331,-84.0792
2026-06-09T11:00,2.3,2.3,18.0,6.0,9.9331,-84.0792
2026-06-09T12:00,1.7,1.7,13.9,17.0,9.9331,-84.0792
2026-06-09T13:00,4.6,4.6,14.1,19.0,9.9331,-84.0792
2026-06-09T14:00,3.5,3.5,14.3,22.0,9.9331,-84.0792
2026-06-09T15:00,5.2,5.1,13.7,27.0,9.9331,-84.0792
2026-06-09T16:00,5.5,5.4,11.6,36.0,9.9331,-84.0792
2026-06-09T17:00,5.1,4.8,8.7,47.0,9.9331,-84.0792
2026-06-09T18:00,6.6,6.2,6.8,56.0,9.9331,-84.0792
2026-06-09T19:00,8.6,8.4,6.3,63.0,9.9331,-84.0792
2026-06-09T20:00,7.1,7.0,6.7,68.0,9.9331,-84.0792
2026-06-09T21:00,9.3,9.2,8.9,69.0,9.9331,-84.0792
2026-06-09T22:00,8.6,8.6,13.7,63.0,9.9331,-84.0792
2026-06-09T23:00,9.7,9.7,20.2,53.0,9.9331,-84.0792
2026-06-10T00:00,17.2,16.9,38.6,12.0,9.9331,-84.0792
2026-06-10T01:00,15.7,15.5,36.4,14.0,9.9331,-84.0792
2026-06-10T02:00,17.1,16.9,33.3,17.0,9.9331,-84.0792
2026-06-10T03:00,19.3,19.0,30.5,19.0,9.9331,-84.0792
2026-06-10T04:00,19.7,19.6,28.3,19.0,9.9331,-84.0792
2026-06-10T05:00,20.5,20.3,26.5,18.0,9.9331,-84.0792
2026-06-10T06:00,21.9,21.8,25.0,17.0,9.9331,-84.0792
2026-06-10T07:00,23.0,22.8,24.2,15.0,9.9331,-84.0792
2026-06-10T08:00,23.3,23.1,23.7,11.0,9.9331,-84.0792
2026-06-10T09:00,22.8,22.7,23.0,9.0,9.9331,-84.0792
2026-06-10T10:00,22.2,22.1,21.8,5.0,9.9331,-84.0792
2026-06-10T11:00,21.2,21.1,20.4,2.0,9.9331,-84.0792
2026-06-10T12:00,16.4,16.4,18.4,6.0,9.9331,-84.0792
2026-06-10T13:00,21.7,21.6,18.6,15.0,9.9331,-84.0792
2026-06-10T14:00,18.5,18.3,18.7,29.0,9.9331,-84.0792
2026-06-10T15:00,18.1,18.0,17.6,41.0,9.9331,-84.0792
2026-06-10T16:00,14.6,14.4,14.0,51.0,9.9331,-84.0792
2026-06-10T17:00,12.7,12.5,9.3,59.0,9.9331,-84.0792
2026-06-10T18:00,7.6,7.2,6.4,65.0,9.9331,-84.0792
2026-06-10T19:00,6.4,6.1,6.4,67.0,9.9331,-84.0792
2026-06-10T20:00,7.9,7.6,8.3,66.0,9.9331,-84.0792
2026-06-10T21:00,12.5,12.3,11.8,61.0,9.9331,-84.0792
2026-06-10T22:00,12.9,12.5,17.9,50.0,9.9331,-84.0792
2026-06-10T23:00,16.6,16.3,25.5,36.0,9.9331,-84.0792
2026-06-11T00:00,17.9,17.1,33.6,26.0,9.9331,-84.0792
2026-06-11T01:00,17.8,17.4,36.0,19.0,9.9331,-84.0792
2026-06-11T02:00,19.5,19.3,39.3,8.0,9.9331,-84.0792
2026-06-11T03:00,21.4,21.2,41.1,1.0,9.9331,-84.0792
2026-06-11T04:00,22.6,22.5,40.1,0.0,9.9331,-84.0792
2026-06-11T05:00,23.7,23.6,37.5,0.0,9.9331,-84.0792
2026-06-11T06:00,23.1,23.0,35.0,0.0,9.9331,-84.0792
2026-06-11T07:00,21.5,21.4,33.1,0.0,9.9331,-84.0792
2026-06-11T08:00,20.3,20.1,31.2,0.0,9.9331,-84.0792
2026-06-11T09:00,18.8,18.7,28.8,1.0,9.9331,-84.0792
2026-06-11T10:00,16.8,16.6,25.9,0.0,9.9331,-84.0792
2026-06-11T11:00,16.2,16.1,22.5,0.0,9.9331,-84.0792
2026-06-11T12:00,20.4,20.2,17.0,7.0,9.9331,-84.0792
2026-06-11T13:00,24.9,24.6,14.9,32.0,9.9331,-84.0792
2026-06-11T14:00,21.7,21.1,11.9,67.0,9.9331,-84.0792
2026-06-11T15:00,16.1,15.1,9.1,93.0,9.9331,-84.0792
2026-06-11T16:00,14.1,13.1,6.6,101.0,9.9331,-84.0792
2026-06-11T17:00,12.6,11.9,4.4,101.0,9.9331,-84.0792
2026-06-11T18:00,10.8,10.2,3.2,96.0,9.9331,-84.0792
2026-06-11T19:00,8.8,8.4,3.1,88.0,9.9331,-84.0792
2026-06-11T20:00,8.0,7.7,4.1,77.0,9.9331,-84.0792
2026-06-11T21:00,8.8,8.6,7.2,64.0,9.9331,-84.0792
2026-06-11T22:00,10.2,10.1,14.4,49.0,9.9331,-84.0792
2026-06-11T23:00,8.5,8.4,23.8,32.0,9.9331,-84.0792
2026-06-12T00:00,16.7,16.3,28.7,31.0,9.9331,-84.0792
2026-06-12T01:00,18.5,18.2,30.0,25.0,9.9331,-84.0792
2026-06-12T02:00,19.6,19.3,31.7,16.0,9.9331,-84.0792
2026-06-12T03:00,20.5,20.3,32.2,9.0,9.9331,-84.0792
2026-06-12T04:00,21.2,21.1,31.0,7.0,9.9331,-84.0792
2026-06-12T05:00,20.5,20.3,28.6,7.0,9.9331,-84.0792
2026-06-12T06:00,19.3,19.0,25.6,8.0,9.9331,-84.0792
2026-06-12T07:00,17.0,16.8,21.4,11.0,9.9331,-84.0792
2026-06-12T08:00,14.4,14.2,16.6,14.0,9.9331,-84.0792
2026-06-12T09:00,12.6,12.5,13.1,17.0,9.9331,-84.0792
2026-06-12T10:00,11.5,11.4,12.4,15.0,9.9331,-84.0792
2026-06-12T11:00,11.0,10.8,13.1,12.0,9.9331,-84.0792
2026-06-12T12:00,10.8,10.7,11.7,17.0,9.9331,-84.0792
2026-06-12T13:00,8.3,8.1,10.1,32.0,9.9331,-84.0792
2026-06-12T14:00,8.5,7.5,7.9,52.0,9.9331,-84.0792
2026-06-12T15:00,9.3,7.9,5.9,68.0,9.9331,-84.0792
2026-06-12T16:00,8.7,7.0,4.3,75.0,9.9331,-84.0792
2026-06-12T17:00,8.7,6.6,2.9,77.0,9.9331,-84.0792
2026-06-12T18:00,9.3,6.9,2.1,78.0,9.9331,-84.0792
2026-06-12T19:00,9.8,7.3,1.6,81.0,9.9331,-84.0792
2026-06-12T20:00,10.6,7.8,1.7,82.0,9.9331,-84.0792
2026-06-12T21:00,11.8,8.8,3.4,79.0,9.9331,-84.0792
2026-06-12T22:00,13.4,10.4,8.2,68.0,9.9331,-84.0792
2026-06-12T23:00,14.8,12.1,14.6,51.0,9.9331,-84.0792
2026-06-13T00:00,18.9,14.2,14.2,39.0,9.9331,-84.0792
2026-06-13T01:00,16.7,13.9,16.2,31.0,9.9331,-84.0792
2026-06-13T02:00,13.7,11.6,18.8,19.0,9.9331,-84.0792
2026-06-13T03:00,11.4,9.8,19.8,12.0,9.9331,-84.0792
2026-06-13T04:00,11.8,9.7,17.9,13.0,9.9331,-84.0792
2026-06-13T05:00,12.0,9.2,14.4,18.0,9.9331,-84.0792
2026-06-13T06:00,10.8,8.1,11.5,22.0,9.9331,-84.0792
2026-06-13T07:00,11.5,8.2,9.9,22.0,9.9331,-84.0792
2026-06-13T08:00,11.8,8.4,8.9,22.0,9.9331,-84.0792
2026-06-13T09:00,11.2,8.1,8.4,21.0,9.9331,-84.0792
2026-06-13T10:00,12.5,8.9,8.8,20.0,9.9331,-84.0792
2026-06-13T11:00,13.4,9.6,9.7,19.0,9.9331,-84.0792
2026-06-13T12:00,15.1,11.0,7.2,31.0,9.9331,-84.0792
2026-06-13T13:00,16.6,12.0,5.8,43.0,9.9331,-84.0792
2026-06-13T14:00,16.6,11.4,3.8,59.0,9.9331,-84.0792
2026-06-13T15:00,17.1,11.2,2.2,72.0,9.9331,-84.0792
2026-06-13T16:00,16.8,10.9,1.5,77.0,9.9331,-84.0792
2026-06-13T17:00,15.8,10.5,1.2,78.0,9.9331,-84.0792
2026-06-13T18:00,14.6,9.8,1.2,78.0,9.9331,-84.0792
2026-06-13T19:00,13.4,9.4,0.9,77.0,9.9331,-84.0792
2026-06-13T20:00,12.0,8.7,0.9,75.0,9.9331,-84.0792
2026-06-13T21:00,11.4,8.4,2.4,69.0,9.9331,-84.0792
2026-06-13T22:00,11.0,8.2,7.1,56.0,9.9331,-84.0792
2026-06-13T23:00,10.3,8.1,13.3,40.0,9.9331,-84.0792
2026-06-14T00:00,14.7,10.8,9.0,41.0,9.9331,-84.0792
2026-06-14T01:00,12.2,9.7,8.9,37.0,9.9331,-84.0792
2026-06-14T02:00,9.8,7.6,8.8,32.0,9.9331,-84.0792
2026-06-14T03:00,9.5,7.5,8.8,27.0,9.9331,-84.0792
2026-06-14T04:00,9.5,7.5,9.0,23.0,9.9331,-84.0792
2026-06-14T05:00,9.3,7.5,9.3,20.0,9.9331,-84.0792
2026-06-14T06:00,9.4,7.7,9.5,18.0,9.9331,-84.0792
2026-06-14T07:00,9.7,7.9,9.7,16.0,9.9331,-84.0792
2026-06-14T08:00,10.0,8.1,9.8,15.0,9.9331,-84.0792
2026-06-14T09:00,10.2,8.2,9.7,15.0,9.9331,-84.0792
2026-06-14T10:00,10.4,8.3,9.5,16.0,9.9331,-84.0792
2026-06-14T11:00,10.6,8.3,9.1,19.0,9.9331,-84.0792
2026-06-14T12:00,6.1,5.1,8.4,22.0,9.9331,-84.0792
2026-06-14T13:00,8.2,6.4,6.5,32.0,9.9331,-84.0792
2026-06-14T14:00,6.9,5.1,4.0,46.0,9.9331,-84.0792
2026-06-14T15:00,6.2,4.7,2.2,56.0,9.9331,-84.0792
2026-06-14T16:00,5.6,4.4,1.9,60.0,9.9331,-84.0792
2026-06-14T17:00,6.3,5.7,2.4,61.0,9.9331,-84.0792
2026-06-14T18:00,6.0,5.1,2.9,61.0,9.9331,-84.0792
2026-06-14T19:00,5.3,4.5,2.9,62.0,9.9331,-84.0792
2026-06-14T20:00,5.4,4.6,2.9,63.0,9.9331,-84.0792
2026-06-14T21:00,5.4,4.8,3.5,61.0,9.9331,-84.0792
2026-06-14T22:00,5.5,4.9,5.0,55.0,9.9331,-84.0792
2026-06-14T23:00,6.6,6.1,7.0,46.0,9.9331,-84.0792
2026-06-15T00:00,3.5,3.3,9.3,34.0,9.9331,-84.0792
2026-06-15T01:00,6.1,5.6,11.6,30.0,9.9331,-84.0792
2026-06-15T02:00,7.4,6.9,14.7,24.0,9.9331,-84.0792
2026-06-15T03:00,8.1,7.6,17.3,19.0,9.9331,-84.0792
2026-06-15T04:00,8.2,7.8,19.2,14.0,9.9331,-84.0792
2026-06-15T05:00,8.7,8.4,20.5,10.0,9.9331,-84.0792
2026-06-15T06:00,8.7,8.3,20.5,8.0,9.9331,-84.0792
2026-06-15T07:00,8.3,7.8,18.1,11.0,9.9331,-84.0792
2026-06-15T08:00,8.1,7.4,14.4,17.0,9.9331,-84.0792
2026-06-15T09:00,7.5,6.6,11.3,22.0,9.9331,-84.0792
2026-06-15T10:00,7.6,6.5,9.9,25.0,9.9331,-84.0792
2026-06-15T11:00,8.1,6.8,9.3,28.0,9.9331,-84.0792
2026-06-15T12:00,12.8,10.8,9.9,28.0,9.9331,-84.0792
2026-06-15T13:00,8.7,7.6,8.5,38.0,9.9331,-84.0792
2026-06-15T14:00,8.8,7.5,6.5,51.0,9.9331,-84.0792
2026-06-15T15:00,7.7,6.4,5.0,61.0,9.9331,-84.0792
2026-06-15T16:00,6.2,5.2,4.2,65.0,9.9331,-84.0792
2026-06-15T17:00,6.4,5.3,3.9,65.0,9.9331,-84.0792
2026-06-15T18:00,7.0,5.9,3.7,65.0,9.9331,-84.0792
2026-06-15T19:00,6.9,6.0,3.1,68.0,9.9331,-84.0792
2026-06-15T20:00,6.9,6.2,2.6,70.0,9.9331,-84.0792
2026-06-15T21:00,6.8,6.2,4.3,68.0,9.9331,-84.0792
2026-06-15T22:00,7.0,6.2,10.4,56.0,9.9331,-84.0792
2026-06-15T23:00,9.6,8.8,18.7,39.0,9.9331,-84.0792
2026-06-16T00:00,11.6,10.3,16.2,34.0,9.9331,-84.0792
2026-06-16T01:00,14.4,13.4,15.4,33.0,9.9331,-84.0792
2026-06-16T02:00,12.1,10.9,14.4,31.0,9.9331,-84.0792
2026-06-16T03:00,8.5,7.5,13.5,29.0,9.9331,-84.0792
2026-06-16T04:00,5.7,4.9,13.1,27.0,9.9331,-84.0792
2026-06-16T05:00,5.4,4.7,12.8,25.0,9.9331,-84.0792
2026-06-16T06:00,5.7,5.1,12.5,24.0,9.9331,-84.0792
2026-06-16T07:00,6.2,5.6,11.8,23.0,9.9331,-84.0792
2026-06-16T08:00,6.1,5.2,11.0,23.0,9.9331,-84.0792
2026-06-16T09:00,6.2,5.3,10.8,22.0,9.9331,-84.0792
2026-06-16T10:00,6.1,5.3,11.9,18.0,9.9331,-84.0792
2026-06-16T11:00,6.5,5.7,13.6,14.0,9.9331,-84.0792
2026-06-16T12:00,5.7,5.1,9.9,28.0,9.9331,-84.0792
2026-06-16T13:00,7.6,6.6,8.1,37.0,9.9331,-84.0792
2026-06-16T14:00,6.5,5.3,5.7,49.0,9.9331,-84.0792
2026-06-16T15:00,4.9,3.8,4.0,58.0,9.9331,-84.0792
2026-06-16T16:00,5.0,4.0,3.6,62.0,9.9331,-84.0792
2026-06-16T17:00,5.3,4.4,3.9,63.0,9.9331,-84.0792
2026-06-16T18:00,2.9,2.6,4.3,64.0,9.9331,-84.0792
2026-06-16T19:00,3.7,3.2,3.5,66.0,9.9331,-84.0792
2026-06-16T20:00,3.7,3.2,2.8,68.0,9.9331,-84.0792
2026-06-16T21:00,4.1,3.5,5.0,64.0,9.9331,-84.0792
2026-06-16T22:00,10.2,9.7,13.2,49.0,9.9331,-84.0792
2026-06-16T23:00,7.8,7.5,24.4,27.0,9.9331,-84.0792
2026-06-17T00:00,5.1,4.9,18.9,33.0,9.9331,-84.0792
2026-06-17T01:00,5.8,5.6,22.9,25.0,9.9331,-84.0792
2026-06-17T02:00,7.0,6.8,28.5,13.0,9.9331,-84.0792
2026-06-17T03:00,10.3,10.2,32.1,4.0,9.9331,-84.0792
2026-06-17T04:00,12.5,12.4,32.1,1.0,9.9331,-84.0792
2026-06-17T05:00,15.9,15.8,30.2,0.0,9.9331,-84.0792
2026-06-17T06:00,16.3,16.1,28.4,0.0,9.9331,-84.0792
2026-06-17T07:00,14.4,14.2,27.4,1.0,9.9331,-84.0792
2026-06-17T08:00,12.7,12.4,26.5,2.0,9.9331,-84.0792
2026-06-17T09:00,10.9,10.7,25.1,4.0,9.9331,-84.0792
2026-06-17T10:00,9.8,9.5,23.0,4.0,9.9331,-84.0792
2026-06-17T11:00,9.5,9.1,20.3,5.0,9.9331,-84.0792
2026-06-17T12:00,20.8,18.6,15.6,15.0,9.9331,-84.0792
2026-06-17T13:00,15.4,13.0,13.4,31.0,9.9331,-84.0792
2026-06-17T14:00,18.2,15.8,10.2,53.0,9.9331,-84.0792
2026-06-17T15:00,18.0,14.7,7.4,71.0,9.9331,-84.0792
2026-06-17T16:00,17.4,13.8,5.1,82.0,9.9331,-84.0792
2026-06-17T17:00,17.6,13.9,3.1,90.0,9.9331,-84.0792
2026-06-17T18:00,16.6,13.0,1.9,94.0,9.9331,-84.0792
2026-06-17T19:00,15.7,12.3,0.9,96.0,9.9331,-84.0792
2026-06-17T20:00,15.5,12.3,0.6,95.0,9.9331,-84.0792
2026-06-17T21:00,14.9,11.8,3.1,88.0,9.9331,-84.0792
2026-06-17T22:00,14.5,11.5,10.4,73.0,9.9331,-84.0792
2026-06-17T23:00,15.2,12.5,20.5,52.0,9.9331,-84.0792
2026-06-18T00:00,18.7,16.3,21.9,46.0,9.9331,-84.0792
2026-06-18T01:00,16.9,15.4,24.0,38.0,9.9331,-84.0792
2026-06-18T02:00,19.4,17.5,26.8,28.0,9.9331,-84.0792
2026-06-18T03:00,19.5,17.6,29.1,19.0,9.9331,-84.0792
2026-06-18T04:00,21.2,19.4,30.6,15.0,9.9331,-84.0792
2026-06-18T05:00,22.4,20.5,31.5,12.0,9.9331,-84.0792
2026-06-18T06:00,22.5,20.4,31.1,11.0,9.9331,-84.0792
2026-06-18T07:00,21.3,19.2,28.4,10.0,9.9331,-84.0792
2026-06-18T08:00,18.7,17.0,24.3,10.0,9.9331,-84.0792
2026-06-18T09:00,16.8,15.3,20.9,11.0,9.9331,-84.0792
2026-06-18T10:00,15.3,13.9,19.5,10.0,9.9331,-84.0792
2026-06-18T11:00,14.6,13.2,18.8,10.0,9.9331,-84.0792
2026-06-18T12:00,8.9,7.9,14.5,19.0,9.9331,-84.0792
2026-06-18T13:00,8.0,7.2,12.6,28.0,9.9331,-84.0792
2026-06-18T14:00,7.0,6.1,10.0,41.0,9.9331,-84.0792
2026-06-18T15:00,7.5,6.3,7.6,54.0,9.9331,-84.0792
2026-06-18T16:00,8.0,6.9,5.4,68.0,9.9331,-84.0792
2026-06-18T17:00,8.0,6.8,3.4,83.0,9.9331,-84.0792
2026-06-18T18:00,7.7,6.5,2.6,90.0,9.9331,-84.0792
2026-06-18T19:00,6.7,5.8,2.9,85.0,9.9331,-84.0792
2026-06-18T20:00,6.9,6.1,4.3,72.0,9.9331,-84.0792
2026-06-18T21:00,7.7,6.9,8.4,58.0,9.9331,-84.0792
2026-06-18T22:00,11.0,10.3,17.7,43.0,9.9331,-84.0792
2026-06-18T23:00,10.3,10.1,29.7,26.0,9.9331,-84.0792
2026-06-19T00:00,16.5,14.8,26.7,22.0,9.9331,-84.0792
2026-06-19T01:00,13.4,12.2,28.1,17.0,9.9331,-84.0792
2026-06-19T02:00,14.7,13.4,30.0,10.0,9.9331,-84.0792
2026-06-19T03:00,15.6,14.4,30.7,5.0,9.9331,-84.0792
2026-06-19T04:00,15.7,14.6,29.3,4.0,9.9331,-84.0792
2026-06-19T05:00,13.4,12.3,26.6,5.0,9.9331,-84.0792
2026-06-19T06:00,11.3,10.4,23.6,7.0,9.9331,-84.0792
2026-06-19T07:00,8.8,7.9,20.2,9.0,9.9331,-84.0792
2026-06-19T08:00,7.5,6.7,16.4,12.0,9.9331,-84.0792
2026-06-19T09:00,7.1,6.2,13.7,14.0,9.9331,-84.0792
2026-06-19T10:00,6.7,5.6,13.1,14.0,9.9331,-84.0792
2026-06-19T11:00,7.5,6.3,13.6,14.0,9.9331,-84.0792
2026-06-19T12:00,10.1,9.1,15.6,11.0,9.9331,-84.0792
2026-06-19T13:00,11.0,9.9,12.7,28.0,9.9331,-84.0792
2026-06-19T14:00,11.0,9.3,8.6,52.0,9.9331,-84.0792
2026-06-19T15:00,10.4,8.6,5.4,71.0,9.9331,-84.0792
2026-06-19T16:00,9.4,7.6,3.7,79.0,9.9331,-84.0792
2026-06-19T17:00,9.0,7.2,2.9,81.0,9.9331,-84.0792
2026-06-19T18:00,9.3,7.5,2.5,81.0,9.9331,-84.0792
2026-06-19T19:00,9.5,7.7,2.1,79.0,9.9331,-84.0792
2026-06-19T20:00,9.9,7.9,2.1,75.0,9.9331,-84.0792
2026-06-19T21:00,10.3,8.2,4.1,68.0,9.9331,-84.0792
2026-06-19T22:00,11.1,9.0,9.9,55.0,9.9331,-84.0792
2026-06-19T23:00,12.4,10.7,17.5,38.0,9.9331,-84.0792
2026-06-20T00:00,18.5,16.6,28.1,19.0,9.9331,-84.0792
2026-06-20T01:00,19.0,17.5,27.8,16.0,9.9331,-84.0792
2026-06-20T02:00,17.2,15.6,27.3,12.0,9.9331,-84.0792
2026-06-20T03:00,15.3,14.0,25.7,10.0,9.9331,-84.0792
2026-06-20T04:00,12.7,11.3,22.3,13.0,9.9331,-84.0792
2026-06-20T05:00,11.7,10.1,17.8,18.0,9.9331,-84.0792
2026-06-20T06:00,10.4,8.9,14.0,22.0,9.9331,-84.0792
2026-06-20T07:00,8.8,7.4,11.2,25.0,9.9331,-84.0792
2026-06-20T08:00,8.0,6.4,9.1,27.0,9.9331,-84.0792
2026-06-20T09:00,7.3,6.1,7.8,28.0,9.9331,-84.0792
2026-06-20T10:00,7.4,6.3,8.1,25.0,9.9331,-84.0792
2026-06-20T11:00,7.7,6.7,9.2,20.0,9.9331,-84.0792
2026-06-20T12:00,8.3,6.5,6.3,38.0,9.9331,-84.0792
2026-06-20T13:00,9.0,7.4,5.3,43.0,9.9331,-84.0792
2026-06-20T14:00,6.8,5.5,3.8,50.0,9.9331,-84.0792
2026-06-20T15:00,6.7,4.9,2.7,55.0,9.9331,-84.0792
2026-06-20T16:00,7.2,5.1,1.9,56.0,9.9331,-84.0792
2026-06-20T17:00,7.8,5.2,1.4,54.0,9.9331,-84.0792
2026-06-20T18:00,7.7,5.0,1.6,52.0,9.9331,-84.0792
2026-06-20T19:00,8.5,6.0,3.0,48.0,9.9331,-84.0792
2026-06-20T20:00,9.3,6.9,5.2,44.0,9.9331,-84.0792
2026-06-20T21:00,7.5,6.2,7.4,39.0,9.9331,-84.0792
2026-06-20T22:00,9.3,7.6,9.4,35.0,9.9331,-84.0792
2026-06-20T23:00,11.4,9.3,11.3,31.0,9.9331,-84.0792
2026-06-21T00:00,4.3,3.6,11.5,29.0,9.9331,-84.0792
2026-06-21T01:00,5.4,4.5,11.5,26.0,9.9331,-84.0792
2026-06-21T02:00,6.2,5.1,11.5,23.0,9.9331,-84.0792
2026-06-21T03:00,6.8,5.6,11.6,19.0,9.9331,-84.0792
2026-06-21T04:00,7.7,6.6,12.0,16.0,9.9331,-84.0792
2026-06-21T05:00,8.6,7.5,12.5,13.0,9.9331,-84.0792
2026-06-21T06:00,8.1,7.0,12.8,11.0,9.9331,-84.0792
2026-06-21T07:00,7.9,6.8,12.7,9.0,9.9331,-84.0792
2026-06-21T08:00,7.9,6.7,12.3,8.0,9.9331,-84.0792
2026-06-21T09:00,8.1,6.9,11.7,8.0,9.9331,-84.0792
2026-06-21T10:00,8.0,6.9,11.0,7.0,9.9331,-84.0792
2026-06-21T11:00,8.1,6.9,10.0,6.0,9.9331,-84.0792
2026-06-21T12:00,9.1,7.5,8.4,11.0,9.9331,-84.0792
2026-06-21T13:00,10.0,7.7,6.7,25.0,9.9331,-84.0792
2026-06-21T14:00,7.9,5.8,4.3,44.0,9.9331,-84.0792
2026-06-21T15:00,8.2,6.1,2.5,57.0,9.9331,-84.0792
2026-06-21T16:00,7.8,5.8,1.8,60.0,9.9331,-84.0792
2026-06-21T17:00,6.6,4.9,1.7,57.0,9.9331,-84.0792
2026-06-21T18:00,5.2,4.1,2.1,53.0,9.9331,-84.0792
2026-06-21T19:00,3.4,2.7,3.0,49.0,9.9331,-84.0792
2026-06-21T20:00,3.6,3.0,4.3,43.0,9.9331,-84.0792
2026-06-21T21:00,5.0,4.7,5.9,38.0,9.9331,-84.0792
2026-06-21T22:00,3.2,3.1,7.6,34.0,9.9331,-84.0792
2026-06-21T23:00,4.5,4.4,9.5,31.0,9.9331,-84.0792
2026-06-22T00:00,4.9,4.8,8.1,41.0,9.9331,-84.0792
2026-06-22T01:00,5.2,5.1,10.6,36.0,9.9331,-84.0792
2026-06-22T02:00,3.6,3.6,13.9,28.0,9.9331,-84.0792
2026-06-22T03:00,4.5,4.4,15.8,23.0,9.9331,-84.0792
2026-06-22T04:00,3.6,3.5,15.2,22.0,9.9331,-84.0792
2026-06-22T05:00,2.5,2.5,13.3,23.0,9.9331,-84.0792
2026-06-22T06:00,2.7,2.6,11.2,25.0,9.9331,-84.0792
2026-06-22T07:00,2.6,2.5,9.0,27.0,9.9331,-84.0792
2026-06-22T08:00,1.9,1.8,6.7,30.0,9.9331,-84.0792
2026-06-22T09:00,1.1,1.1,5.4,32.0,9.9331,-84.0792
2026-06-22T10:00,0.8,0.8,5.8,31.0,9.9331,-84.0792
2026-06-22T11:00,1.1,1.1,7.1,28.0,9.9331,-84.0792
2026-06-22T12:00,3.0,2.7,7.2,33.0,9.9331,-84.0792
2026-06-22T13:00,2.9,2.7,7.3,37.0,9.9331,-84.0792
2026-06-22T14:00,4.9,4.5,7.3,43.0,9.9331,-84.0792
2026-06-22T15:00,4.9,4.5,7.1,48.0,9.9331,-84.0792
2026-06-22T16:00,4.9,4.3,6.2,53.0,9.9331,-84.0792
2026-06-22T17:00,5.6,4.8,5.1,58.0,9.9331,-84.0792
2026-06-22T18:00,5.0,4.3,4.9,59.0,9.9331,-84.0792
2026-06-22T19:00,6.0,4.9,6.3,55.0,9.9331,-84.0792
2026-06-22T20:00,6.3,5.1,8.6,48.0,9.9331,-84.0792
2026-06-22T21:00,9.4,8.4,11.4,40.0,9.9331,-84.0792
2026-06-22T22:00,8.6,7.4,14.8,33.0,9.9331,-84.0792
2026-06-22T23:00,10.1,8.9,18.7,26.0,9.9331,-84.0792
2026-06-23T00:00,8.8,8.1,18.1,25.0,9.9331,-84.0792
2026-06-23T01:00,10.1,9.3,19.2,21.0,9.9331,-84.0792
2026-06-23T02:00,10.4,9.5,20.6,15.0,9.9331,-84.0792
2026-06-23T03:00,10.9,10.0,21.0,11.0,9.9331,-84.0792
2026-06-23T04:00,11.0,10.2,19.7,12.0,9.9331,-84.0792
2026-06-23T05:00,10.3,9.5,17.4,14.0,9.9331,-84.0792
2026-06-23T06:00,9.1,8.2,15.1,17.0,9.9331,-84.0792
2026-06-23T07:00,8.1,7.3,13.0,18.0,9.9331,-84.0792
2026-06-23T08:00,7.5,6.8,11.0,19.0,9.9331,-84.0792
2026-06-23T09:00,6.6,5.9,9.7,20.0,9.9331,-84.0792
2026-06-23T10:00,5.9,5.1,9.6,19.0,9.9331,-84.0792
2026-06-23T11:00,5.2,4.5,10.2,17.0,9.9331,-84.0792
2026-06-23T12:00,10.6,8.9,8.9,25.0,9.9331,-84.0792
2026-06-23T13:00,9.3,8.0,7.9,33.0,9.9331,-84.0792
2026-06-23T14:00,8.3,6.9,6.4,44.0,9.9331,-84.0792
2026-06-23T15:00,7.7,6.1,5.0,54.0,9.9331,-84.0792
2026-06-23T16:00,7.5,5.8,3.6,63.0,9.9331,-84.0792
2026-06-23T17:00,7.6,5.8,2.4,72.0,9.9331,-84.0792
2026-06-23T18:00,7.5,5.6,1.8,76.0,9.9331,-84.0792
2026-06-23T19:00,7.2,5.4,2.2,75.0,9.9331,-84.0792
2026-06-23T20:00,7.1,5.7,3.2,69.0,9.9331,-84.0792
2026-06-23T21:00,6.6,5.5,5.0,63.0,9.9331,-84.0792
2026-06-23T22:00,6.7,5.5,7.8,56.0,9.9331,-84.0792
2026-06-23T23:00,6.6,5.5,11.4,49.0,9.9331,-84.0792
2026-06-24T00:00,9.8,8.9,18.3,37.0,9.9331,-84.0792
2026-06-24T01:00,11.7,11.1,21.4,28.0,9.9331,-84.0792
2026-06-24T02:00,12.9,12.4,25.5,17.0,9.9331,-84.0792
2026-06-24T03:00,13.5,12.8,27.5,9.0,9.9331,-84.0792
2026-06-24T04:00,13.1,12.3,25.7,8.0,9.9331,-84.0792
2026-06-24T05:00,11.5,10.8,21.9,12.0,9.9331,-84.0792
2026-06-24T06:00,9.0,8.2,17.9,16.0,9.9331,-84.0792
2026-06-24T07:00,6.6,5.9,14.1,21.0,9.9331,-84.0792
2026-06-24T08:00,5.6,4.9,10.1,27.0,9.9331,-84.0792
2026-06-24T09:00,5.3,4.4,7.4,31.0,9.9331,-84.0792
2026-06-24T10:00,5.6,4.5,6.8,32.0,9.9331,-84.0792
2026-06-24T11:00,5.2,4.1,7.5,31.0,9.9331,-84.0792
2026-06-24T12:00,6.2,4.8,7.7,33.0,9.9331,-84.0792
2026-06-24T13:00,9.1,7.0,6.7,41.0,9.9331,-84.0792
2026-06-24T14:00,8.2,6.1,5.3,52.0,9.9331,-84.0792
2026-06-24T15:00,8.7,6.3,4.0,60.0,9.9331,-84.0792
2026-06-24T16:00,10.5,6.9,3.1,64.0,9.9331,-84.0792
2026-06-24T17:00,9.1,6.2,2.4,65.0,9.9331,-84.0792
2026-06-24T18:00,7.6,5.6,2.0,66.0,9.9331,-84.0792
2026-06-24T19:00,7.0,5.4,1.8,68.0,9.9331,-84.0792
2026-06-24T20:00,7.5,6.2,1.9,69.0,9.9331,-84.0792
2026-06-24T21:00,7.2,5.8,3.3,66.0,9.9331,-84.0792
2026-06-24T22:00,7.2,5.8,6.7,57.0,9.9331,-84.0792
2026-06-24T23:00,7.2,5.7,11.3,44.0,9.9331,-84.0792
2026-06-25T00:00,9.1,7.9,15.4,32.0,9.9331,-84.0792
2026-06-25T01:00,10.2,9.4,18.7,23.0,9.9331,-84.0792
2026-06-25T02:00,10.3,9.6,21.6,15.0,9.9331,-84.0792
2026-06-25T03:00,10.3,9.6,22.9,10.0,9.9331,-84.0792
2026-06-25T04:00,9.9,9.2,22.0,9.0,9.9331,-84.0792
2026-06-25T05:00,9.5,8.7,19.7,11.0,9.9331,-84.0792
2026-06-25T06:00,8.7,7.8,17.1,14.0,9.9331,-84.0792
2026-06-25T07:00,7.7,6.7,14.2,17.0,9.9331,-84.0792
2026-06-25T08:00,6.8,5.8,11.0,21.0,9.9331,-84.0792
2026-06-25T09:00,6.2,5.1,8.9,23.0,9.9331,-84.0792
2026-06-25T10:00,5.7,4.7,9.0,20.0,9.9331,-84.0792
2026-06-25T11:00,5.8,4.8,10.3,16.0,9.9331,-84.0792
2026-06-25T12:00,8.2,6.1,8.2,29.0,9.9331,-84.0792
2026-06-25T13:00,8.4,6.6,6.7,41.0,9.9331,-84.0792
2026-06-25T14:00,13.6,8.0,4.6,57.0,9.9331,-84.0792
2026-06-25T15:00,19.9,10.3,3.0,69.0,9.9331,-84.0792
2026-06-25T16:00,22.2,11.1,2.2,74.0,9.9331,-84.0792
2026-06-25T17:00,21.4,11.1,1.8,75.0,9.9331,-84.0792
2026-06-25T18:00,19.9,10.8,1.7,75.0,9.9331,-84.0792
2026-06-25T19:00,18.9,10.6,1.6,74.0,9.9331,-84.0792
2026-06-25T20:00,17.6,10.3,1.7,71.0,9.9331,-84.0792
2026-06-25T21:00,15.9,9.7,3.3,66.0,9.9331,-84.0792
2026-06-25T22:00,15.5,10.3,7.7,56.0,9.9331,-84.0792
2026-06-25T23:00,15.1,10.7,13.5,43.0,9.9331,-84.0792
2026-06-26T00:00,13.6,10.0,14.3,31.0,9.9331,-84.0792
2026-06-26T01:00,10.6,7.2,13.6,29.0,9.9331,-84.0792
2026-06-26T02:00,8.6,6.4,12.7,25.0,9.9331,-84.0792
2026-06-26T03:00,6.7,5.1,11.7,23.0,9.9331,-84.0792
2026-06-26T04:00,5.9,4.5,10.8,23.0,9.9331,-84.0792
2026-06-26T05:00,6.4,4.9,9.9,24.0,9.9331,-84.0792
2026-06-26T06:00,7.0,4.9,9.0,26.0,9.9331,-84.0792
2026-06-26T07:00,6.2,4.0,7.8,28.0,9.9331,-84.0792
2026-06-26T08:00,3.3,2.2,6.6,30.0,9.9331,-84.0792
2026-06-26T09:00,2.7,1.9,6.1,31.0,9.9331,-84.0792
2026-06-26T10:00,2.9,2.2,7.2,28.0,9.9331,-84.0792
2026-06-26T11:00,3.7,2.9,8.9,23.0,9.9331,-84.0792
2026-06-26T12:00,6.2,5.0,9.7,26.0,9.9331,-84.0792
2026-06-26T13:00,7.7,6.1,8.1,37.0,9.9331,-84.0792
2026-06-26T14:00,9.8,7.9,5.9,52.0,9.9331,-84.0792
2026-06-26T15:00,8.6,6.4,4.1,63.0,9.9331,-84.0792
2026-06-26T16:00,8.0,6.2,3.0,68.0,9.9331,-84.0792
2026-06-26T17:00,6.4,5.0,2.3,70.0,9.9331,-84.0792
2026-06-26T18:00,6.0,4.6,2.0,70.0,9.9331,-84.0792
2026-06-26T19:00,6.3,4.7,2.0,69.0,9.9331,-84.0792
2026-06-26T20:00,7.2,5.5,2.3,67.0,9.9331,-84.0792
2026-06-26T21:00,7.7,6.0,3.5,63.0,9.9331,-84.0792
2026-06-26T22:00,9.4,7.6,6.3,56.0,9.9331,-84.0792
2026-06-26T23:00,11.9,9.7,10.0,48.0,9.9331,-84.0792
2026-06-27T00:00,15.3,13.0,17.2,34.0,9.9331,-84.0792
2026-06-27T01:00,13.9,12.5,16.0,30.0,9.9331,-84.0792
2026-06-27T02:00,10.7,9.2,14.3,26.0,9.9331,-84.0792
2026-06-27T03:00,9.5,8.2,12.8,22.0,9.9331,-84.0792
2026-06-27T04:00,9.3,7.9,12.0,21.0,9.9331,-84.0792
2026-06-27T05:00,10.4,8.4,11.5,20.0,9.9331,-84.0792
2026-06-27T06:00,10.3,8.5,10.8,21.0,9.9331,-84.0792
2026-06-27T07:00,9.9,8.0,9.7,22.0,9.9331,-84.0792
2026-06-27T08:00,9.4,7.6,8.5,24.0,9.9331,-84.0792
2026-06-27T09:00,8.5,6.7,7.5,26.0,9.9331,-84.0792
2026-06-27T10:00,5.6,4.5,7.1,28.0,9.9331,-84.0792
2026-06-27T11:00,4.5,3.5,6.9,30.0,9.9331,-84.0792
2026-06-27T12:00,8.9,7.2,7.6,29.0,9.9331,-84.0792
2026-06-27T13:00,8.2,6.4,6.1,39.0,9.9331,-84.0792
2026-06-27T14:00,8.7,5.6,4.1,54.0,9.9331,-84.0792
2026-06-27T15:00,10.9,6.0,2.5,65.0,9.9331,-84.0792
2026-06-27T16:00,10.8,6.1,1.8,70.0,9.9331,-84.0792
2026-06-27T17:00,12.0,6.9,1.6,71.0,9.9331,-84.0792
2026-06-27T18:00,16.2,8.4,1.5,72.0,9.9331,-84.0792
2026-06-27T19:00,23.3,11.0,1.3,72.0,9.9331,-84.0792
2026-06-27T20:00,30.2,13.9,1.3,72.0,9.9331,-84.0792
2026-06-27T21:00,35.3,16.2,1.8,69.0,9.9331,-84.0792
2026-06-27T22:00,36.3,17.2,3.4,63.0,9.9331,-84.0792
2026-06-27T23:00,32.5,16.5,5.4,55.0,9.9331,-84.0792
2026-06-28T00:00,24.3,12.6,5.5,49.0,9.9331,-84.0792
2026-06-28T01:00,20.0,12.1,5.6,46.0,9.9331,-84.0792
2026-06-28T02:00,17.8,11.4,5.7,41.0,9.9331,-84.0792
2026-06-28T03:00,19.5,10.7,5.8,37.0,9.9331,-84.0792
2026-06-28T04:00,19.6,10.6,6.1,34.0,9.9331,-84.0792
2026-06-28T05:00,19.0,10.8,6.4,31.0,9.9331,-84.0792
2026-06-28T06:00,18.3,10.7,6.5,29.0,9.9331,-84.0792
2026-06-28T07:00,17.2,10.2,6.2,28.0,9.9331,-84.0792
2026-06-28T08:00,16.2,9.7,5.8,29.0,9.9331,-84.0792
2026-06-28T09:00,15.1,9.2,5.5,29.0,9.9331,-84.0792
2026-06-28T10:00,13.8,8.7,5.6,28.0,9.9331,-84.0792
2026-06-28T11:00,12.9,8.5,5.9,27.0,9.9331,-84.0792
2026-06-28T12:00,12.6,8.8,5.7,30.0,9.9331,-84.0792
2026-06-28T13:00,15.3,9.9,4.5,39.0,9.9331,-84.0792
2026-06-28T14:00,28.1,12.1,2.7,52.0,9.9331,-84.0792
2026-06-28T15:00,38.0,14.2,1.4,61.0,9.9331,-84.0792
2026-06-28T16:00,39.7,14.5,0.9,62.0,9.9331,-84.0792
2026-06-28T17:00,38.2,14.4,0.7,60.0,9.9331,-84.0792
2026-06-28T18:00,37.4,14.6,0.7,58.0,9.9331,-84.0792
2026-06-28T19:00,34.9,14.2,0.6,58.0,9.9331,-84.0792
2026-06-28T20:00,33.2,14.1,0.6,58.0,9.9331,-84.0792
2026-06-28T21:00,29.7,13.4,1.1,56.0,9.9331,-84.0792
2026-06-28T22:00,26.8,12.8,1.9,51.0,9.9331,-84.0792
2026-06-28T23:00,24.7,12.7,3.2,44.0,9.9331,-84.0792
2026-06-29T00:00,35.2,17.2,3.2,42.0,9.9331,-84.0792
2026-06-29T01:00,29.8,16.8,6.9,33.0,9.9331,-84.0792
2026-06-29T02:00,23.6,15.7,12.0,22.0,9.9331,-84.0792
2026-06-29T03:00,20.9,14.6,15.6,13.0,9.9331,-84.0792
2026-06-29T04:00,21.9,14.1,16.4,11.0,9.9331,-84.0792
2026-06-29T05:00,22.8,14.3,15.7,12.0,9.9331,-84.0792
2026-06-29T06:00,24.5,14.6,14.6,13.0,9.9331,-84.0792
2026-06-29T07:00,23.9,14.2,13.3,14.0,9.9331,-84.0792
2026-06-29T08:00,25.0,14.0,11.8,15.0,9.9331,-84.0792
2026-06-29T09:00,27.5,14.3,10.6,16.0,9.9331,-84.0792
2026-06-29T10:00,28.8,14.6,10.6,14.0,9.9331,-84.0792
2026-06-29T11:00,29.5,15.0,10.9,13.0,9.9331,-84.0792
2026-06-29T12:00,27.9,15.4,9.9,17.0,9.9331,-84.0792
2026-06-29T13:00,36.6,17.2,7.8,31.0,9.9331,-84.0792
2026-06-29T14:00,32.9,15.3,4.9,50.0,9.9331,-84.0792
2026-06-29T15:00,27.5,13.7,2.7,64.0,9.9331,-84.0792
2026-06-29T16:00,25.2,13.3,1.8,70.0,9.9331,-84.0792
2026-06-29T17:00,23.1,12.5,1.5,71.0,9.9331,-84.0792
2026-06-29T18:00,20.5,11.5,1.6,71.0,9.9331,-84.0792
2026-06-29T19:00,17.6,10.3,1.6,71.0,9.9331,-84.0792
2026-06-29T20:00,14.0,9.0,2.0,71.0,9.9331,-84.0792
2026-06-29T21:00,12.6,8.6,3.2,67.0,9.9331,-84.0792
2026-06-29T22:00,11.1,7.9,6.3,58.0,9.9331,-84.0792
2026-06-29T23:00,11.7,9.7,10.4,46.0,9.9331,-84.0792
2026-06-30T00:00,12.8,9.1,9.1,41.0,9.9331,-84.0792
2026-06-30T01:00,13.0,10.8,11.0,35.0,9.9331,-84.0792
2026-06-30T02:00,13.0,10.7,13.6,27.0,9.9331,-84.0792
2026-06-30T03:00,12.1,9.5,15.2,21.0,9.9331,-84.0792
2026-06-30T04:00,11.4,8.8,15.0,19.0,9.9331,-84.0792
2026-06-30T05:00,11.4,8.8,13.8,20.0,9.9331,-84.0792
2026-06-30T06:00,11.3,8.7,12.4,21.0,9.9331,-84.0792
2026-06-30T07:00,11.3,8.4,10.9,22.0,9.9331,-84.0792
2026-06-30T08:00,10.8,8.0,9.3,22.0,9.9331,-84.0792
2026-06-30T09:00,10.0,7.5,8.2,23.0,9.9331,-84.0792
2026-06-30T10:00,9.9,7.4,8.4,22.0,9.9331,-84.0792
2026-06-30T11:00,9.0,6.9,9.2,21.0,9.9331,-84.0792
2026-06-30T12:00,9.6,7.7,9.5,23.0,9.9331,-84.0792
2026-06-30T13:00,9.5,7.3,7.8,34.0,9.9331,-84.0792
2026-06-30T14:00,8.5,6.6,5.5,49.0,9.9331,-84.0792
2026-06-30T15:00,8.4,6.5,3.6,61.0,9.9331,-84.0792
2026-06-30T16:00,8.1,6.2,2.6,68.0,9.9331,-84.0792
2026-06-30T17:00,8.2,6.4,2.1,72.0,9.9331,-84.0792
2026-06-30T18:00,8.0,6.3,1.9,74.0,9.9331,-84.0792
2026-06-30T19:00,7.9,6.3,1.9,73.0,9.9331,-84.0792
2026-06-30T20:00,8.1,6.6,2.2,70.0,9.9331,-84.0792
2026-06-30T21:00,8.0,6.4,3.0,65.0,9.9331,-84.0792
2026-06-30T22:00,7.3,5.8,4.7,57.0,9.9331,-84.0792
2026-06-30T23:00,6.4,5.0,6.8,47.0,9.9331,-84.0792
2026-07-01T00:00,12.8,9.8,7.5,46.0,9.9331,-84.0792
2026-07-01T01:00,11.9,9.7,8.0,43.0,9.9331,-84.0792
2026-07-01T02:00,12.2,10.4,8.7,40.0,9.9331,-84.0792
2026-07-01T03:00,11.5,9.2,9.1,37.0,9.9331,-84.0792
2026-07-01T04:00,10.7,8.6,8.9,36.0,9.9331,-84.0792
2026-07-01T05:00,10.1,7.6,8.3,36.0,9.9331,-84.0792
2026-07-01T06:00,8.7,6.6,7.6,36.0,9.9331,-84.0792
2026-07-01T07:00,7.0,5.3,6.5,37.0,9.9331,-84.0792
2026-07-01T08:00,4.8,3.6,5.2,38.0,9.9331,-84.0792
2026-07-01T09:00,2.2,1.7,4.6,38.0,9.9331,-84.0792
2026-07-01T10:00,1.2,1.0,5.4,34.0,9.9331,-84.0792
2026-07-01T11:00,1.2,1.0,7.0,30.0,9.9331,-84.0792
2026-07-01T12:00,1.9,1.9,7.2,30.0,9.9331,-84.0792
2026-07-01T13:00,4.3,3.9,6.6,39.0,9.9331,-84.0792
2026-07-01T14:00,10.0,9.2,5.6,52.0,9.9331,-84.0792
2026-07-01T15:00,8.9,6.7,4.7,62.0,9.9331,-84.0792
2026-07-01T16:00,11.1,8.1,3.7,67.0,9.9331,-84.0792
2026-07-01T17:00,11.0,7.5,2.6,68.0,9.9331,-84.0792
2026-07-01T18:00,10.3,6.9,2.0,67.0,9.9331,-84.0792
2026-07-01T19:00,10.1,6.8,1.4,63.0,9.9331,-84.0792
2026-07-01T20:00,8.4,5.5,1.1,56.0,9.9331,-84.0792
2026-07-01T21:00,6.9,4.5,2.8,48.0,9.9331,-84.0792
2026-07-01T22:00,7.2,5.4,8.4,37.0,9.9331,-84.0792
2026-07-01T23:00,8.3,6.9,15.9,25.0,9.9331,-84.0792
2026-07-02T00:00,10.5,7.6,11.6,30.0,9.9331,-84.0792
2026-07-02T01:00,8.6,7.1,11.4,28.0,9.9331,-84.0792
2026-07-02T02:00,7.3,6.1,11.0,25.0,9.9331,-84.0792
2026-07-02T03:00,3.2,2.8,10.4,24.0,9.9331,-84.0792
2026-07-02T04:00,2.8,2.5,9.5,25.0,9.9331,-84.0792
2026-07-02T05:00,3.3,2.9,8.4,26.0,9.9331,-84.0792
2026-07-02T06:00,3.0,2.6,7.4,28.0,9.9331,-84.0792
2026-07-02T07:00,2.7,2.4,6.6,29.0,9.9331,-84.0792
2026-07-02T08:00,2.2,2.0,6.0,30.0,9.9331,-84.0792
2026-07-02T09:00,1.8,1.6,5.9,30.0,9.9331,-84.0792
2026-07-02T10:00,1.4,1.2,6.5,29.0,9.9331,-84.0792
2026-07-02T11:00,1.5,1.3,7.5,28.0,9.9331,-84.0792
2026-07-02T12:00,2.5,2.2,6.6,40.0,9.9331,-84.0792
2026-07-02T13:00,3.3,3.1,5.7,46.0,9.9331,-84.0792
2026-07-02T14:00,5.7,5.5,4.4,53.0,9.9331,-84.0792
2026-07-02T15:00,3.1,2.4,3.5,59.0,9.9331,-84.0792
2026-07-02T16:00,4.6,3.3,2.9,61.0,9.9331,-84.0792
2026-07-02T17:00,5.0,3.8,2.8,61.0,9.9331,-84.0792
2026-07-02T18:00,5.3,4.2,3.8,58.0,9.9331,-84.0792
2026-07-02T19:00,5.6,4.5,7.0,51.0,9.9331,-84.0792
2026-07-02T20:00,6.4,6.0,11.4,41.0,9.9331,-84.0792
2026-07-02T21:00,8.4,8.1,14.9,33.0,9.9331,-84.0792
2026-07-02T22:00,7.6,7.3,16.8,31.0,9.9331,-84.0792
2026-07-02T23:00,6.0,5.4,17.8,31.0,9.9331,-84.0792
2026-07-03T00:00,6.4,5.6,16.1,32.0,9.9331,-84.0792
2026-07-03T01:00,7.8,7.3,14.2,34.0,9.9331,-84.0792
2026-07-03T02:00,4.1,3.9,11.6,38.0,9.9331,-84.0792
2026-07-03T03:00,2.0,1.9,9.4,40.0,9.9331,-84.0792
2026-07-03T04:00,2.1,2.0,8.1,41.0,9.9331,-84.0792
2026-07-03T05:00,1.7,1.6,7.2,41.0,9.9331,-84.0792
2026-07-03T06:00,1.2,1.1,6.4,41.0,9.9331,-84.0792
2026-07-03T07:00,0.9,0.9,5.4,40.0,9.9331,-84.0792
2026-07-03T08:00,0.8,0.8,4.5,38.0,9.9331,-84.0792
2026-07-03T09:00,0.8,0.8,4.2,36.0,9.9331,-84.0792
2026-07-03T10:00,0.8,0.8,5.3,33.0,9.9331,-84.0792
2026-07-03T11:00,0.8,0.8,7.0,31.0,9.9331,-84.0792
2026-07-03T12:00,7.9,6.3,7.5,34.0,9.9331,-84.0792
2026-07-03T13:00,9.0,7.5,7.1,41.0,9.9331,-84.0792
2026-07-03T14:00,10.3,8.6,6.6,52.0,9.9331,-84.0792
2026-07-03T15:00,9.8,8.0,5.9,61.0,9.9331,-84.0792
2026-07-03T16:00,10.7,8.6,4.8,69.0,9.9331,-84.0792
2026-07-03T17:00,10.9,8.7,3.5,75.0,9.9331,-84.0792
2026-07-03T18:00,9.7,7.9,2.7,77.0,9.9331,-84.0792
2026-07-03T19:00,8.7,7.4,2.3,73.0,9.9331,-84.0792
2026-07-03T20:00,6.2,5.1,2.3,65.0,9.9331,-84.0792
2026-07-03T21:00,5.9,4.6,3.7,56.0,9.9331,-84.0792
2026-07-03T22:00,6.1,4.8,7.7,47.0,9.9331,-84.0792
2026-07-03T23:00,9.3,7.9,13.0,37.0,9.9331,-84.0792
2026-07-04T00:00,6.4,5.5,14.4,34.0,9.9331,-84.0792
2026-07-04T01:00,5.8,5.0,12.9,34.0,9.9331,-84.0792
2026-07-04T02:00,5.2,4.4,10.8,33.0,9.9331,-84.0792
2026-07-04T03:00,4.3,3.7,9.0,33.0,9.9331,-84.0792
2026-07-04T04:00,3.9,3.2,7.9,33.0,9.9331,-84.0792
2026-07-04T05:00,3.8,3.1,7.1,33.0,9.9331,-84.0792
2026-07-04T06:00,3.5,2.8,6.3,33.0,9.9331,-84.0792
2026-07-04T07:00,3.0,2.4,5.4,33.0,9.9331,-84.0792
2026-07-04T08:00,3.1,2.4,4.6,34.0,9.9331,-84.0792
2026-07-04T09:00,2.5,2.0,4.2,34.0,9.9331,-84.0792
2026-07-04T10:00,1.7,1.4,4.8,32.0,9.9331,-84.0792
2026-07-04T11:00,1.5,1.3,5.9,30.0,9.9331,-84.0792
2026-07-04T12:00,0.7,0.7,6.0,36.0,9.9331,-84.0792
2026-07-04T13:00,2.3,2.3,6.6,36.0,9.9331,-84.0792
2026-07-04T14:00,2.7,2.7,7.4,37.0,9.9331,-84.0792
2026-07-04T15:00,1.6,1.6,8.0,37.0,9.9331,-84.0792
2026-07-04T16:00,2.7,2.7,8.1,36.0,9.9331,-84.0792
2026-07-04T17:00,3.4,3.4,8.1,34.0,9.9331,-84.0792
2026-07-04T18:00,3.4,3.4,8.2,32.0,9.9331,-84.0792
2026-07-04T19:00,4.7,4.6,8.7,31.0,9.9331,-84.0792
2026-07-04T20:00,2.5,2.4,9.4,30.0,9.9331,-84.0792
2026-07-04T21:00,2.7,2.7,10.3,30.0,9.9331,-84.0792
2026-07-04T22:00,3.8,3.8,11.9,30.0,9.9331,-84.0792
2026-07-04T23:00,3.3,3.2,13.7,30.0,9.9331,-84.0792
2026-07-05T00:00,4.3,4.1,11.8,34.0,9.9331,-84.0792
2026-07-05T01:00,3.4,3.4,11.6,31.0,9.9331,-84.0792
2026-07-05T02:00,2.9,2.8,11.2,26.0,9.9331,-84.0792
2026-07-05T03:00,2.6,2.6,11.1,21.0,9.9331,-84.0792
2026-07-05T04:00,3.1,3.1,11.5,17.0,9.9331,-84.0792
2026-07-05T05:00,3.3,3.3,12.2,13.0,9.9331,-84.0792
2026-07-05T06:00,3.1,3.1,12.2,11.0,9.9331,-84.0792
2026-07-05T07:00,2.1,2.0,10.8,14.0,9.9331,-84.0792
2026-07-05T08:00,1.4,1.3,8.8,19.0,9.9331,-84.0792
2026-07-05T09:00,1.2,1.1,7.5,22.0,9.9331,-84.0792
2026-07-05T10:00,1.2,1.1,7.8,18.0,9.9331,-84.0792
2026-07-05T11:00,1.7,1.6,8.9,12.0,9.9331,-84.0792
2026-07-05T12:00,1.2,1.2,9.9,11.0,9.9331,-84.0792
2026-07-05T13:00,2.6,2.3,8.6,25.0,9.9331,-84.0792
2026-07-05T14:00,4.8,4.2,6.7,45.0,9.9331,-84.0792
2026-07-05T15:00,6.3,5.3,5.0,61.0,9.9331,-84.0792
2026-07-05T16:00,5.7,4.7,3.5,70.0,9.9331,-84.0792
2026-07-05T17:00,5.7,4.8,2.1,76.0,9.9331,-84.0792
2026-07-05T18:00,6.4,5.4,1.3,78.0,9.9331,-84.0792
2026-07-05T19:00,6.7,5.5,1.2,75.0,9.9331,-84.0792
2026-07-05T20:00,6.9,5.8,1.7,68.0,9.9331,-84.0792
2026-07-05T21:00,7.4,6.3,2.6,60.0,9.9331,-84.0792
2026-07-05T22:00,8.7,7.8,3.9,53.0,9.9331,-84.0792
2026-07-05T23:00,8.4,7.3,5.6,45.0,9.9331,-84.0792
2026-07-06T00:00,5.9,5.3,7.0,38.0,9.9331,-84.0792
2026-07-06T01:00,5.1,4.7,8.5,34.0,9.9331,-84.0792
2026-07-06T02:00,4.8,4.5,10.6,29.0,9.9331,-84.0792
2026-07-06T03:00,5.6,5.1,12.2,25.0,9.9331,-84.0792
2026-07-06T04:00,6.7,6.1,12.8,23.0,9.9331,-84.0792
2026-07-06T05:00,7.4,6.7,12.9,21.0,9.9331,-84.0792
2026-07-06T06:00,7.6,6.8,12.5,20.0,9.9331,-84.0792
2026-07-06T07:00,7.5,6.6,11.4,20.0,9.9331,-84.0792
2026-07-06T08:00,6.4,5.6,9.9,21.0,9.9331,-84.0792
2026-07-06T09:00,6.0,5.2,9.0,21.0,9.9331,-84.0792
2026-07-06T10:00,5.6,4.8,9.4,18.0,9.9331,-84.0792
2026-07-06T11:00,5.3,4.6,10.4,15.0,9.9331,-84.0792
2026-07-06T12:00,2.3,2.2,7.2,27.0,9.9331,-84.0792
2026-07-06T13:00,3.4,3.3,6.3,38.0,9.9331,-84.0792
2026-07-06T14:00,6.6,6.5,5.0,53.0,9.9331,-84.0792
2026-07-06T15:00,4.2,3.6,3.9,64.0,9.9331,-84.0792
2026-07-06T16:00,9.1,5.3,3.0,67.0,9.9331,-84.0792
2026-07-06T17:00,17.0,8.1,2.4,66.0,9.9331,-84.0792
2026-07-06T18:00,22.2,9.9,2.2,64.0,9.9331,-84.0792
2026-07-06T19:00,23.0,10.6,2.8,63.0,9.9331,-84.0792
2026-07-06T20:00,21.9,11.3,4.0,61.0,9.9331,-84.0792
2026-07-06T21:00,20.8,11.7,5.2,57.0,9.9331,-84.0792
2026-07-06T22:00,20.0,12.7,6.4,51.0,9.9331,-84.0792
2026-07-06T23:00,18.7,11.2,7.8,43.0,9.9331,-84.0792
2026-07-07T00:00,25.4,13.7,8.1,38.0,9.9331,-84.0792
2026-07-07T01:00,16.8,12.0,11.8,29.0,9.9331,-84.0792
2026-07-07T02:00,14.7,11.0,16.9,18.0,9.9331,-84.0792
2026-07-07T03:00,15.8,10.9,19.9,10.0,9.9331,-84.0792
2026-07-07T04:00,18.0,11.6,19.1,10.0,9.9331,-84.0792
2026-07-07T05:00,18.6,11.7,16.4,13.0,9.9331,-84.0792
2026-07-07T06:00,18.5,11.5,13.7,16.0,9.9331,-84.0792
2026-07-07T07:00,17.8,10.9,11.6,18.0,9.9331,-84.0792
2026-07-07T08:00,17.6,10.5,9.6,20.0,9.9331,-84.0792
2026-07-07T09:00,17.1,9.9,8.4,21.0,9.9331,-84.0792
2026-07-07T10:00,16.5,9.3,8.6,20.0,9.9331,-84.0792
2026-07-07T11:00,15.4,8.6,9.5,18.0,9.9331,-84.0792
2026-07-07T12:00,12.4,8.0,9.2,22.0,9.9331,-84.0792
2026-07-07T13:00,11.5,7.9,7.6,35.0,9.9331,-84.0792
2026-07-07T14:00,10.1,6.9,5.4,53.0,9.9331,-84.0792
2026-07-07T15:00,12.6,8.0,3.6,68.0,9.9331,-84.0792
2026-07-07T16:00,17.4,10.4,2.5,76.0,9.9331,-84.0792
2026-07-07T17:00,22.9,13.1,1.9,80.0,9.9331,-84.0792
2026-07-07T18:00,25.1,14.1,1.5,82.0,9.9331,-84.0792
2026-07-07T19:00,26.9,14.8,1.3,82.0,9.9331,-84.0792
2026-07-07T20:00,27.3,15.0,1.3,79.0,9.9331,-84.0792
2026-07-07T21:00,26.9,14.8,2.0,74.0,9.9331,-84.0792
2026-07-07T22:00,26.1,14.7,3.6,66.0,9.9331,-84.0792
2026-07-07T23:00,24.5,14.1,5.9,56.0,9.9331,-84.0792
2026-07-08T00:00,21.7,12.9,7.0,47.0,9.9331,-84.0792
2026-07-08T01:00,18.7,14.2,8.0,42.0,9.9331,-84.0792
2026-07-08T02:00,17.0,13.2,9.4,35.0,9.9331,-84.0792
2026-07-08T03:00,17.5,11.3,10.7,29.0,9.9331,-84.0792
2026-07-08T04:00,16.0,11.1,11.9,24.0,9.9331,-84.0792
2026-07-08T05:00,15.1,11.1,13.0,21.0,9.9331,-84.0792
2026-07-08T06:00,14.8,10.7,13.2,19.0,9.9331,-84.0792
2026-07-08T07:00,13.9,10.1,11.8,20.0,9.9331,-84.0792
2026-07-08T08:00,13.6,9.6,9.5,23.0,9.9331,-84.0792
2026-07-08T09:00,11.5,8.2,8.0,25.0,9.9331,-84.0792
2026-07-08T10:00,10.2,7.3,8.3,24.0,9.9331,-84.0792
2026-07-08T11:00,9.1,6.6,9.3,23.0,9.9331,-84.0792
2026-07-08T12:00,4.6,4.5,10.0,22.0,9.9331,-84.0792
2026-07-08T13:00,5.6,4.8,8.3,30.0,9.9331,-84.0792
2026-07-08T14:00,5.1,4.4,5.9,41.0,9.9331,-84.0792
2026-07-08T15:00,4.6,3.8,4.0,52.0,9.9331,-84.0792
2026-07-08T16:00,4.9,4.2,3.0,62.0,9.9331,-84.0792
2026-07-08T17:00,6.0,5.0,2.4,70.0,9.9331,-84.0792
2026-07-08T18:00,6.1,5.1,2.2,74.0,9.9331,-84.0792
2026-07-08T19:00,4.7,3.8,1.8,70.0,9.9331,-84.0792
2026-07-08T20:00,4.7,3.8,1.7,60.0,9.9331,-84.0792
2026-07-08T21:00,4.7,3.9,3.7,50.0,9.9331,-84.0792
2026-07-08T22:00,5.9,5.0,10.3,38.0,9.9331,-84.0792
2026-07-08T23:00,8.0,7.0,19.0,25.0,9.9331,-84.0792
2026-07-09T00:00,9.6,8.3,14.6,29.0,9.9331,-84.0792
2026-07-09T01:00,8.5,7.5,14.1,27.0,9.9331,-84.0792
2026-07-09T02:00,7.1,6.3,13.5,24.0,9.9331,-84.0792
2026-07-09T03:00,5.6,4.9,12.8,22.0,9.9331,-84.0792
2026-07-09T04:00,5.5,4.7,12.3,21.0,9.9331,-84.0792
2026-07-09T05:00,6.2,5.3,11.7,21.0,9.9331,-84.0792
2026-07-09T06:00,6.4,5.4,10.9,21.0,9.9331,-84.0792
2026-07-09T07:00,6.2,5.0,9.4,22.0,9.9331,-84.0792
2026-07-09T08:00,5.6,4.4,7.6,24.0,9.9331,-84.0792
2026-07-09T09:00,4.8,3.8,6.5,26.0,9.9331,-84.0792
2026-07-09T10:00,3.9,3.1,6.7,27.0,9.9331,-84.0792
2026-07-09T11:00,3.0,2.5,7.5,27.0,9.9331,-84.0792
2026-07-09T12:00,4.9,4.2,9.7,21.0,9.9331,-84.0792
2026-07-09T13:00,5.0,4.4,7.8,29.0,9.9331,-84.0792
2026-07-09T14:00,2.6,2.2,5.3,40.0,9.9331,-84.0792
2026-07-09T15:00,2.3,2.0,3.4,49.0,9.9331,-84.0792
2026-07-09T16:00,2.0,1.7,2.9,55.0,9.9331,-84.0792
2026-07-09T17:00,2.9,2.5,3.0,60.0,9.9331,-84.0792
2026-07-09T18:00,4.6,4.0,3.2,62.0,9.9331,-84.0792
2026-07-09T19:00,4.2,3.6,2.5,63.0,9.9331,-84.0792
2026-07-09T20:00,4.4,3.6,1.8,61.0,9.9331,-84.0792
2026-07-09T21:00,4.8,3.9,2.9,57.0,9.9331,-84.0792
2026-07-09T22:00,6.0,5.2,7.9,47.0,9.9331,-84.0792
2026-07-09T23:00,7.8,6.9,14.7,34.0,9.9331,-84.0792
2026-07-10T00:00,11.6,9.7,13.3,34.0,9.9331,-84.0792
2026-07-10T01:00,10.4,9.2,13.3,31.0,9.9331,-84.0792
2026-07-10T02:00,8.2,7.2,13.2,27.0,9.9331,-84.0792
2026-07-10T03:00,6.6,5.7,12.8,24.0,9.9331,-84.0792
2026-07-10T04:00,6.4,5.6,12.0,24.0,9.9331,-84.0792
2026-07-10T05:00,5.0,4.3,10.9,25.0,9.9331,-84.0792
2026-07-10T06:00,4.6,3.9,9.6,26.0,9.9331,-84.0792
2026-07-10T07:00,4.9,4.1,7.8,29.0,9.9331,-84.0792
2026-07-10T08:00,5.2,4.1,5.9,32.0,9.9331,-84.0792
2026-07-10T09:00,5.4,4.3,4.9,33.0,9.9331,-84.0792
2026-07-10T10:00,5.9,4.7,5.9,30.0,9.9331,-84.0792
2026-07-10T11:00,6.9,5.4,7.8,24.0,9.9331,-84.0792
2026-07-10T12:00,6.2,5.1,8.2,26.0,9.9331,-84.0792
2026-07-10T13:00,6.4,5.5,7.4,34.0,9.9331,-84.0792
2026-07-10T14:00,6.6,5.6,6.3,46.0,9.9331,-84.0792
2026-07-10T15:00,5.8,4.9,5.2,55.0,9.9331,-84.0792
2026-07-10T16:00,4.9,4.0,4.0,58.0,9.9331,-84.0792
2026-07-10T17:00,4.7,3.8,2.9,58.0,9.9331,-84.0792
2026-07-10T18:00,4.4,3.7,2.7,58.0,9.9331,-84.0792
2026-07-10T19:00,5.1,4.5,3.7,58.0,9.9331,-84.0792
2026-07-10T20:00,7.2,6.7,5.6,58.0,9.9331,-84.0792
2026-07-10T21:00,6.5,6.1,8.6,54.0,9.9331,-84.0792
2026-07-10T22:00,7.4,7.1,14.0,43.0,9.9331,-84.0792
2026-07-10T23:00,7.9,7.8,20.6,28.0,9.9331,-84.0792
2026-07-11T00:00,6.5,6.0,16.5,26.0,9.9331,-84.0792
2026-07-11T01:00,4.0,3.8,16.7,23.0,9.9331,-84.0792
2026-07-11T02:00,5.0,4.7,16.9,18.0,9.9331,-84.0792
2026-07-11T03:00,6.2,5.8,16.7,15.0,9.9331,-84.0792
2026-07-11T04:00,6.8,6.3,15.9,15.0,9.9331,-84.0792
2026-07-11T05:00,7.7,7.1,14.7,16.0,9.9331,-84.0792
2026-07-11T06:00,8.0,7.2,13.6,17.0,9.9331,-84.0792
2026-07-11T07:00,7.7,7.0,12.8,16.0,9.9331,-84.0792
2026-07-11T08:00,7.4,6.5,12.2,14.0,9.9331,-84.0792
2026-07-11T09:00,7.3,6.5,11.6,14.0,9.9331,-84.0792
2026-07-11T10:00,7.4,6.4,11.1,15.0,9.9331,-84.0792
2026-07-11T11:00,7.6,6.4,10.6,18.0,9.9331,-84.0792
2026-07-11T12:00,4.0,3.6,8.4,30.0,9.9331,-84.0792
2026-07-11T13:00,5.5,5.1,7.2,39.0,9.9331,-84.0792
2026-07-11T14:00,6.2,5.9,5.6,52.0,9.9331,-84.0792
2026-07-11T15:00,4.4,4.2,4.2,61.0,9.9331,-84.0792
2026-07-11T16:00,4.5,4.3,3.2,64.0,9.9331,-84.0792
2026-07-11T17:00,3.6,3.3,2.5,65.0,9.9331,-84.0792
2026-07-11T18:00,3.2,3.0,2.4,63.0,9.9331,-84.0792
2026-07-11T19:00,5.0,4.6,2.7,60.0,9.9331,-84.0792
2026-07-11T20:00,4.6,4.1,3.6,55.0,9.9331,-84.0792
2026-07-11T21:00,4.2,3.9,5.5,49.0,9.9331,-84.0792
2026-07-11T22:00,4.9,4.7,9.9,40.0,9.9331,-84.0792
2026-07-11T23:00,6.9,6.7,15.3,29.0,9.9331,-84.0792
2026-07-12T00:00,6.7,6.0,11.5,34.0,9.9331,-84.0792
2026-07-12T01:00,6.2,5.4,11.3,30.0,9.9331,-84.0792
2026-07-12T02:00,7.0,6.4,10.9,26.0,9.9331,-84.0792
2026-07-12T03:00,7.0,6.3,10.3,23.0,9.9331,-84.0792
2026-07-12T04:00,6.9,6.2,9.1,25.0,9.9331,-84.0792
2026-07-12T05:00,6.9,6.0,7.6,29.0,9.9331,-84.0792
2026-07-12T06:00,6.0,5.1,6.4,32.0,9.9331,-84.0792
2026-07-12T07:00,5.9,4.7,5.7,33.0,9.9331,-84.0792
2026-07-12T08:00,5.8,4.7,5.3,33.0,9.9331,-84.0792
2026-07-12T09:00,6.1,5.0,5.2,32.0,9.9331,-84.0792
2026-07-12T10:00,6.4,5.2,5.8,28.0,9.9331,-84.0792
2026-07-12T11:00,7.1,5.8,6.7,24.0,9.9331,-84.0792
2026-07-12T12:00,5.6,4.3,6.8,30.0,9.9331,-84.0792
2026-07-12T13:00,8.9,6.4,5.9,38.0,9.9331,-84.0792
2026-07-12T14:00,13.7,9.3,4.8,49.0,9.9331,-84.0792
2026-07-12T15:00,15.9,8.9,3.7,57.0,9.9331,-84.0792
2026-07-12T16:00,19.6,10.3,2.9,60.0,9.9331,-84.0792
2026-07-12T17:00,19.0,10.2,2.2,60.0,9.9331,-84.0792
2026-07-12T18:00,18.5,9.3,1.9,59.0,9.9331,-84.0792
2026-07-12T19:00,17.2,8.5,2.0,58.0,9.9331,-84.0792
2026-07-12T20:00,16.0,8.1,2.4,55.0,9.9331,-84.0792
2026-07-12T21:00,15.0,8.1,3.4,51.0,9.9331,-84.0792
2026-07-12T22:00,14.8,9.0,5.1,45.0,9.9331,-84.0792
2026-07-12T23:00,15.5,9.2,7.4,37.0,9.9331,-84.0792
2026-07-13T00:00,8.2,5.0,6.7,36.0,9.9331,-84.0792
2026-07-13T01:00,10.2,7.1,8.6,32.0,9.9331,-84.0792
2026-07-13T02:00,11.6,8.3,11.3,26.0,9.9331,-84.0792
2026-07-13T03:00,13.0,8.7,13.2,22.0,9.9331,-84.0792
2026-07-13T04:00,14.2,9.3,13.7,20.0,9.9331,-84.0792
2026-07-13T05:00,14.4,9.1,13.3,19.0,9.9331,-84.0792
2026-07-13T06:00,14.5,9.3,12.7,18.0,9.9331,-84.0792
2026-07-13T07:00,14.9,9.0,11.7,18.0,9.9331,-84.0792
2026-07-13T08:00,15.0,8.9,10.3,19.0,9.9331,-84.0792
2026-07-13T09:00,15.1,8.9,9.4,20.0,9.9331,-84.0792
2026-07-13T10:00,15.6,8.9,9.3,20.0,9.9331,-84.0792
2026-07-13T11:00,15.4,8.7,9.7,20.0,9.9331,-84.0792
2026-07-13T12:00,16.8,9.6,8.9,26.0,9.9331,-84.0792
2026-07-13T13:00,16.4,10.1,8.7,29.0,9.9331,-84.0792
2026-07-13T14:00,14.7,9.4,8.4,34.0,9.9331,-84.0792
2026-07-13T15:00,12.0,7.2,7.8,39.0,9.9331,-84.0792
2026-07-13T16:00,11.8,7.0,6.5,45.0,9.9331,-84.0792
2026-07-13T17:00,11.1,6.4,4.8,50.0,9.9331,-84.0792
2026-07-13T18:00,10.3,6.3,3.8,54.0,9.9331,-84.0792
2026-07-13T19:00,8.8,6.2,3.7,54.0,9.9331,-84.0792
2026-07-13T20:00,5.5,3.6,4.2,53.0,9.9331,-84.0792
2026-07-13T21:00,6.1,4.4,5.7,49.0,9.9331,-84.0792
2026-07-13T22:00,3.8,3.2,8.9,42.0,9.9331,-84.0792
2026-07-13T23:00,4.5,4.2,13.0,33.0,9.9331,-84.0792
2026-07-14T00:00,4.1,2.9,14.1,28.0,9.9331,-84.0792
2026-07-14T01:00,4.9,4.2,16.6,24.0,9.9331,-84.0792
2026-07-14T02:00,6.4,5.5,19.9,19.0,9.9331,-84.0792
2026-07-14T03:00,7.7,6.6,21.9,15.0,9.9331,-84.0792
2026-07-14T04:00,9.1,8.0,21.5,15.0,9.9331,-84.0792
2026-07-14T05:00,9.5,8.4,19.8,16.0,9.9331,-84.0792
2026-07-14T06:00,8.2,7.1,17.5,18.0,9.9331,-84.0792
2026-07-14T07:00,6.9,5.7,14.5,20.0,9.9331,-84.0792
2026-07-14T08:00,6.5,5.2,10.9,23.0,9.9331,-84.0792
2026-07-14T09:00,6.9,5.1,8.6,25.0,9.9331,-84.0792
2026-07-14T10:00,8.0,5.5,8.6,24.0,9.9331,-84.0792
2026-07-14T11:00,9.4,6.5,9.7,22.0,9.9331,-84.0792
2026-07-14T12:00,12.3,9.1,10.6,22.0,9.9331,-84.0792
2026-07-14T13:00,14.3,11.4,9.3,32.0,9.9331,-84.0792
2026-07-14T14:00,14.6,11.0,7.5,46.0,9.9331,-84.0792
2026-07-14T15:00,10.9,7.9,6.1,56.0,9.9331,-84.0792
2026-07-14T16:00,10.9,8.1,5.5,58.0,9.9331,-84.0792
2026-07-14T17:00,9.2,7.1,5.4,56.0,9.9331,-84.0792
2026-07-14T18:00,7.2,5.8,5.4,54.0,9.9331,-84.0792
2026-07-14T19:00,6.9,5.7,5.1,56.0,9.9331,-84.0792
2026-07-14T20:00,7.5,6.5,5.0,59.0,9.9331,-84.0792
2026-07-14T21:00,8.4,6.9,6.3,58.0,9.9331,-84.0792
2026-07-14T22:00,8.1,6.5,10.8,50.0,9.9331,-84.0792
2026-07-14T23:00,11.6,10.5,16.8,37.0,9.9331,-84.0792
2026-07-15T00:00,7.5,6.5,13.5,29.0,9.9331,-84.0792
2026-07-15T01:00,9.0,8.3,14.1,26.0,9.9331,-84.0792
2026-07-15T02:00,8.8,7.5,15.0,22.0,9.9331,-84.0792
2026-07-15T03:00,9.3,7.8,15.4,19.0,9.9331,-84.0792
2026-07-15T04:00,10.0,8.7,15.3,17.0,9.9331,-84.0792
2026-07-15T05:00,9.4,7.8,14.7,16.0,9.9331,-84.0792
2026-07-15T06:00,7.7,6.6,13.6,16.0,9.9331,-84.0792
2026-07-15T07:00,5.5,4.5,11.4,19.0,9.9331,-84.0792
2026-07-15T08:00,4.0,3.1,8.6,23.0,9.9331,-84.0792
2026-07-15T09:00,4.0,3.2,6.9,26.0,9.9331,-84.0792
2026-07-15T10:00,4.2,3.4,7.3,23.0,9.9331,-84.0792
2026-07-15T11:00,4.7,3.8,8.7,19.0,9.9331,-84.0792
2026-07-15T12:00,2.5,2.3,8.0,29.0,9.9331,-84.0792
2026-07-15T13:00,3.4,3.2,7.0,37.0,9.9331,-84.0792
2026-07-15T14:00,6.0,5.7,5.6,49.0,9.9331,-84.0792
2026-07-15T15:00,3.7,3.5,4.4,59.0,9.9331,-84.0792
2026-07-15T16:00,3.7,3.5,3.4,66.0,9.9331,-84.0792
2026-07-15T17:00,4.0,3.7,2.7,71.0,9.9331,-84.0792
2026-07-15T18:00,4.3,4.0,2.4,74.0,9.9331,-84.0792
2026-07-15T19:00,4.6,4.3,2.3,75.0,9.9331,-84.0792
2026-07-15T20:00,5.4,5.1,2.7,73.0,9.9331,-84.0792
2026-07-15T21:00,6.1,5.7,5.2,67.0,9.9331,-84.0792
2026-07-15T22:00,7.4,6.8,12.2,52.0,9.9331,-84.0792
2026-07-15T23:00,10.2,9.5,21.2,33.0,9.9331,-84.0792
2026-07-16T00:00,13.2,11.8,20.9,26.0,9.9331,-84.0792
2026-07-16T01:00,14.6,13.6,23.3,19.0,9.9331,-84.0792
2026-07-16T02:00,13.4,12.6,26.5,9.0,9.9331,-84.0792
2026-07-16T03:00,10.3,9.7,27.3,4.0,9.9331,-84.0792
2026-07-16T04:00,8.3,7.7,23.7,7.0,9.9331,-84.0792
2026-07-16T05:00,7.5,6.8,17.8,13.0,9.9331,-84.0792
2026-07-16T06:00,6.5,5.6,12.8,19.0,9.9331,-84.0792
2026-07-16T07:00,5.8,4.7,9.6,23.0,9.9331,-84.0792
2026-07-16T08:00,5.4,4.4,7.2,26.0,9.9331,-84.0792
2026-07-16T09:00,5.1,4.1,6.0,27.0,9.9331,-84.0792
2026-07-16T10:00,5.0,4.1,6.7,24.0,9.9331,-84.0792
2026-07-16T11:00,5.0,4.2,8.6,19.0,9.9331,-84.0792
2026-07-16T12:00,2.5,2.5,8.5,26.0,9.9331,-84.0792
2026-07-16T13:00,4.4,4.2,9.1,29.0,9.9331,-84.0792
2026-07-16T14:00,4.8,4.5,9.8,34.0,9.9331,-84.0792
2026-07-16T15:00,6.2,5.8,9.7,40.0,9.9331,-84.0792
2026-07-16T16:00,5.8,5.3,7.9,50.0,9.9331,-84.0792
2026-07-16T17:00,6.5,5.8,5.3,62.0,9.9331,-84.0792
2026-07-16T18:00,6.4,5.6,3.6,70.0,9.9331,-84.0792
2026-07-16T19:00,7.5,6.5,3.2,71.0,9.9331,-84.0792
2026-07-16T20:00,7.9,7.0,3.7,67.0,9.9331,-84.0792
2026-07-16T21:00,7.2,6.2,5.5,60.0,9.9331,-84.0792
2026-07-16T22:00,8.8,8.5,9.8,49.0,9.9331,-84.0792
2026-07-16T23:00,6.0,5.8,15.3,35.0,9.9331,-84.0792
2026-07-17T00:00,10.5,9.3,14.8,35.0,9.9331,-84.0792
2026-07-17T01:00,8.5,7.5,14.0,33.0,9.9331,-84.0792
2026-07-17T02:00,6.8,6.0,13.0,30.0,9.9331,-84.0792
2026-07-17T03:00,6.1,5.3,12.0,28.0,9.9331,-84.0792
2026-07-17T04:00,5.8,4.9,11.3,27.0,9.9331,-84.0792
2026-07-17T05:00,5.7,4.9,10.7,27.0,9.9331,-84.0792
2026-07-17T06:00,6.1,4.7,9.9,27.0,9.9331,-84.0792
2026-07-17T07:00,6.0,4.3,8.4,28.0,9.9331,-84.0792
2026-07-17T08:00,5.6,3.8,6.6,30.0,9.9331,-84.0792
2026-07-17T09:00,4.8,3.2,5.5,31.0,9.9331,-84.0792
2026-07-17T10:00,3.2,2.1,5.9,31.0,9.9331,-84.0792
2026-07-17T11:00,2.3,1.6,7.1,32.0,9.9331,-84.0792
2026-07-17T12:00,1.0,1.0,7.7,31.0,9.9331,-84.0792
2026-07-17T13:00,2.5,2.4,8.4,39.0,9.9331,-84.0792
2026-07-17T14:00,6.8,6.3,9.4,50.0,9.9331,-84.0792
2026-07-17T15:00,6.2,5.6,9.5,58.0,9.9331,-84.0792
2026-07-17T16:00,5.0,3.3,7.9,61.0,9.9331,-84.0792
2026-07-17T17:00,5.5,3.9,5.4,60.0,9.9331,-84.0792
2026-07-17T18:00,5.4,4.2,3.7,59.0,9.9331,-84.0792
2026-07-17T19:00,4.8,3.1,3.3,58.0,9.9331,-84.0792
2026-07-17T20:00,5.1,3.2,3.8,57.0,9.9331,-84.0792
2026-07-17T21:00,7.0,5.2,5.0,53.0,9.9331,-84.0792
2026-07-17T22:00,6.8,5.8,7.8,46.0,9.9331,-84.0792
2026-07-17T23:00,3.1,2.8,11.3,37.0,9.9331,-84.0792
2026-07-18T00:00,13.2,10.2,15.6,33.0,9.9331,-84.0792
2026-07-18T01:00,8.3,6.6,13.4,33.0,9.9331,-84.0792
2026-07-18T02:00,5.5,4.2,10.3,33.0,9.9331,-84.0792
2026-07-18T03:00,4.0,3.1,7.8,33.0,9.9331,-84.0792
2026-07-18T04:00,4.8,3.5,6.5,33.0,9.9331,-84.0792
2026-07-18T05:00,5.9,3.7,5.8,34.0,9.9331,-84.0792
2026-07-18T06:00,5.4,3.8,5.2,35.0,9.9331,-84.0792
2026-07-18T07:00,5.2,3.5,4.3,39.0,9.9331,-84.0792
2026-07-18T08:00,5.2,3.4,3.4,43.0,9.9331,-84.0792
2026-07-18T09:00,7.2,4.3,3.0,46.0,9.9331,-84.0792
2026-07-18T10:00,5.3,3.4,3.4,45.0,9.9331,-84.0792
2026-07-18T11:00,4.4,2.9,4.3,42.0,9.9331,-84.0792
2026-07-18T12:00,5.0,3.7,5.9,34.0,9.9331,-84.0792
2026-07-18T13:00,4.0,3.3,5.8,38.0,9.9331,-84.0792
2026-07-18T14:00,3.8,3.2,5.7,44.0,9.9331,-84.0792
2026-07-18T15:00,4.7,4.0,5.3,49.0,9.9331,-84.0792
2026-07-18T16:00,4.4,3.8,4.2,53.0,9.9331,-84.0792
2026-07-18T17:00,4.1,3.3,2.9,56.0,9.9331,-84.0792
2026-07-18T18:00,3.3,2.4,2.2,57.0,9.9331,-84.0792
2026-07-18T19:00,2.9,2.1,2.3,56.0,9.9331,-84.0792
2026-07-18T20:00,3.6,2.8,3.0,53.0,9.9331,-84.0792
2026-07-18T21:00,3.3,2.8,4.7,48.0,9.9331,-84.0792
2026-07-18T22:00,4.6,4.4,8.5,40.0,9.9331,-84.0792
2026-07-18T23:00,4.8,4.5,13.2,31.0,9.9331,-84.0792
2026-07-19T00:00,9.7,7.2,8.8,38.0,9.9331,-84.0792
2026-07-19T01:00,4.8,3.7,8.2,35.0,9.9331,-84.0792
2026-07-19T02:00,3.3,2.5,7.3,31.0,9.9331,-84.0792
2026-07-19T03:00,3.0,2.6,6.6,29.0,9.9331,-84.0792
2026-07-19T04:00,3.2,2.6,6.1,29.0,9.9331,-84.0792
2026-07-19T05:00,3.3,2.6,5.7,31.0,9.9331,-84.0792
2026-07-19T06:00,3.0,2.3,5.3,32.0,9.9331,-84.0792
2026-07-19T07:00,1.7,1.3,4.8,33.0,9.9331,-84.0792
2026-07-19T08:00,1.6,1.2,4.2,34.0,9.9331,-84.0792
2026-07-19T09:00,1.8,1.4,3.9,34.0,9.9331,-84.0792
2026-07-19T10:00,2.1,1.6,4.1,34.0,9.9331,-84.0792
2026-07-19T11:00,2.9,2.1,4.5,33.0,9.9331,-84.0792
2026-07-19T12:00,1.9,1.7,5.4,29.0,9.9331,-84.0792
2026-07-19T13:00,6.2,4.3,4.8,34.0,9.9331,-84.0792
2026-07-19T14:00,8.1,5.2,3.9,40.0,9.9331,-84.0792
2026-07-19T15:00,10.1,6.2,3.1,45.0,9.9331,-84.0792
2026-07-19T16:00,10.8,6.5,2.4,48.0,9.9331,-84.0792
2026-07-19T17:00,11.2,6.4,1.7,49.0,9.9331,-84.0792
2026-07-19T18:00,11.2,6.4,1.3,50.0,9.9331,-84.0792
2026-07-19T19:00,10.7,6.3,1.2,50.0,9.9331,-84.0792
2026-07-19T20:00,10.3,6.4,1.4,49.0,9.9331,-84.0792
2026-07-19T21:00,9.6,6.1,2.2,46.0,9.9331,-84.0792
2026-07-19T22:00,8.8,5.9,3.9,40.0,9.9331,-84.0792
2026-07-19T23:00,8.2,5.8,6.0,33.0,9.9331,-84.0792
2026-07-20T00:00,6.6,5.2,6.3,32.0,9.9331,-84.0792
2026-07-20T01:00,5.0,4.3,7.9,28.0,9.9331,-84.0792
2026-07-20T02:00,3.7,3.4,10.1,23.0,9.9331,-84.0792
2026-07-20T03:00,3.7,3.4,11.4,20.0,9.9331,-84.0792
2026-07-20T04:00,3.7,3.5,11.1,19.0,9.9331,-84.0792
2026-07-20T05:00,2.9,2.7,10.0,20.0,9.9331,-84.0792
2026-07-20T06:00,2.1,2.0,8.7,22.0,9.9331,-84.0792
2026-07-20T07:00,1.0,1.0,7.3,24.0,9.9331,-84.0792
2026-07-20T08:00,0.9,0.8,5.7,27.0,9.9331,-84.0792
2026-07-20T09:00,0.7,0.7,4.9,29.0,9.9331,-84.0792
2026-07-20T10:00,0.8,0.7,5.5,28.0,9.9331,-84.0792
2026-07-20T11:00,0.9,0.9,6.9,26.0,9.9331,-84.0792
2026-07-20T12:00,3.4,2.6,6.7,36.0,9.9331,-84.0792
2026-07-20T13:00,2.1,1.9,7.9,36.0,9.9331,-84.0792
2026-07-20T14:00,2.5,2.4,9.4,36.0,9.9331,-84.0792
2026-07-20T15:00,2.2,2.2,10.4,37.0,9.9331,-84.0792
2026-07-20T16:00,3.3,3.2,10.1,38.0,9.9331,-84.0792
2026-07-20T17:00,3.1,3.1,9.1,40.0,9.9331,-84.0792
2026-07-20T18:00,2.4,2.4,8.8,40.0,9.9331,-84.0792
2026-07-20T19:00,3.1,3.1,9.7,39.0,9.9331,-84.0792
2026-07-20T20:00,3.3,3.3,11.3,36.0,9.9331,-84.0792
2026-07-20T21:00,3.9,3.9,12.8,34.0,9.9331,-84.0792
2026-07-20T22:00,2.3,2.2,14.3,32.0,9.9331,-84.0792
2026-07-20T23:00,4.3,4.2,15.8,29.0,9.9331,-84.0792
2026-07-21T00:00,5.6,4.8,15.4,32.0,9.9331,-84.0792
2026-07-21T01:00,3.5,3.2,15.1,30.0,9.9331,-84.0792
2026-07-21T02:00,2.8,2.6,14.7,27.0,9.9331,-84.0792
2026-07-21T03:00,2.7,2.6,14.6,24.0,9.9331,-84.0792
2026-07-21T04:00,2.4,2.3,15.3,20.0,9.9331,-84.0792
2026-07-21T05:00,2.5,2.4,16.3,17.0,9.9331,-84.0792
2026-07-21T06:00,2.9,2.8,16.3,15.0,9.9331,-84.0792
2026-07-21T07:00,3.1,2.8,14.3,16.0,9.9331,-84.0792
2026-07-21T08:00,3.2,2.9,11.3,20.0,9.9331,-84.0792
2026-07-21T09:00,3.1,2.8,9.2,22.0,9.9331,-84.0792
2026-07-21T10:00,3.2,2.9,9.3,20.0,9.9331,-84.0792
2026-07-21T11:00,3.6,3.3,10.2,17.0,9.9331,-84.0792
2026-07-21T12:00,2.9,2.8,8.8,29.0,9.9331,-84.0792
2026-07-21T13:00,3.9,3.8,7.7,39.0,9.9331,-84.0792
2026-07-21T14:00,4.0,3.9,6.2,52.0,9.9331,-84.0792
2026-07-21T15:00,3.1,2.9,5.0,63.0,9.9331,-84.0792
2026-07-21T16:00,2.5,2.3,4.1,69.0,9.9331,-84.0792
2026-07-21T17:00,3.1,2.9,3.6,73.0,9.9331,-84.0792
2026-07-21T18:00,4.4,4.0,3.8,73.0,9.9331,-84.0792
2026-07-21T19:00,6.4,6.0,5.1,70.0,9.9331,-84.0792
2026-07-21T20:00,6.7,6.1,7.2,63.0,9.9331,-84.0792
2026-07-21T21:00,6.4,6.1,9.7,56.0,9.9331,-84.0792
2026-07-21T22:00,6.0,5.8,13.4,47.0,9.9331,-84.0792
2026-07-21T23:00,6.3,6.0,17.5,37.0,9.9331,-84.0792
2026-07-22T00:00,5.6,5.2,16.1,35.0,9.9331,-84.0792
2026-07-22T01:00,6.8,6.3,15.6,34.0,9.9331,-84.0792
2026-07-22T02:00,7.1,6.3,14.8,32.0,9.9331,-84.0792
2026-07-22T03:00,7.6,6.7,13.9,31.0,9.9331,-84.0792
2026-07-22T04:00,8.3,7.3,12.9,31.0,9.9331,-84.0792
2026-07-22T05:00,7.3,6.2,11.8,32.0,9.9331,-84.0792
2026-07-22T06:00,4.4,3.8,10.9,32.0,9.9331,-84.0792
2026-07-22T07:00,3.0,2.7,10.2,29.0,9.9331,-84.0792
2026-07-22T08:00,3.1,2.8,9.6,24.0,9.9331,-84.0792
2026-07-22T09:00,3.3,2.9,9.4,21.0,9.9331,-84.0792
2026-07-22T10:00,3.4,3.0,9.8,20.0,9.9331,-84.0792
2026-07-22T11:00,3.8,3.3,10.6,20.0,9.9331,-84.0792
2026-07-22T12:00,1.4,1.4,7.3,35.0,9.9331,-84.0792
2026-07-22T13:00,1.6,1.6,7.6,37.0,9.9331,-84.0792
2026-07-22T14:00,2.2,2.2,8.0,39.0,9.9331,-84.0792
2026-07-22T15:00,2.1,2.1,8.0,42.0,9.9331,-84.0792
2026-07-22T16:00,2.8,2.8,6.9,47.0,9.9331,-84.0792
2026-07-22T17:00,3.4,3.4,5.5,52.0,9.9331,-84.0792
2026-07-22T18:00,3.8,3.5,5.6,53.0,9.9331,-84.0792
2026-07-22T19:00,7.4,7.2,8.3,48.0,9.9331,-84.0792
2026-07-22T20:00,6.5,6.3,12.5,40.0,9.9331,-84.0792
2026-07-22T21:00,8.4,8.1,16.9,32.0,9.9331,-84.0792
2026-07-22T22:00,5.3,4.9,22.1,24.0,9.9331,-84.0792
2026-07-22T23:00,6.2,5.9,27.4,16.0,9.9331,-84.0792
2026-07-23T00:00,6.0,5.1,22.7,20.0,9.9331,-84.0792
2026-07-23T01:00,2.7,2.7,22.5,18.0,9.9331,-84.0792
2026-07-23T02:00,2.4,2.4,22.1,14.0,9.9331,-84.0792
2026-07-23T03:00,3.7,3.7,20.9,13.0,9.9331,-84.0792
2026-07-23T04:00,2.2,2.2,18.3,15.0,9.9331,-84.0792
2026-07-23T05:00,1.9,1.9,15.0,20.0,9.9331,-84.0792
2026-07-23T06:00,1.5,1.4,12.3,23.0,9.9331,-84.0792
2026-07-23T07:00,1.1,1.1,10.5,24.0,9.9331,-84.0792
2026-07-23T08:00,0.9,0.9,9.4,24.0,9.9331,-84.0792
2026-07-23T09:00,0.8,0.8,8.9,23.0,9.9331,-84.0792
2026-07-23T10:00,0.8,0.8,9.4,21.0,9.9331,-84.0792
2026-07-23T11:00,1.0,0.9,10.6,19.0,9.9331,-84.0792
2026-07-23T12:00,6.8,4.0,10.0,24.0,9.9331,-84.0792
2026-07-23T13:00,8.6,5.5,10.9,23.0,9.9331,-84.0792
2026-07-23T14:00,9.9,5.8,12.1,23.0,9.9331,-84.0792
2026-07-23T15:00,10.8,7.3,12.3,24.0,9.9331,-84.0792
2026-07-23T16:00,6.3,4.0,10.4,29.0,9.9331,-84.0792
2026-07-23T17:00,5.2,3.1,7.5,36.0,9.9331,-84.0792
2026-07-23T18:00,5.9,3.4,6.1,40.0,9.9331,-84.0792
2026-07-23T19:00,4.2,2.6,7.3,38.0,9.9331,-84.0792
2026-07-23T20:00,5.1,3.5,10.1,34.0,9.9331,-84.0792
2026-07-23T21:00,8.9,6.7,13.4,29.0,9.9331,-84.0792
2026-07-23T22:00,11.5,7.7,17.5,24.0,9.9331,-84.0792
2026-07-23T23:00,13.1,8.8,22.2,20.0,9.9331,-84.0792
2026-07-24T00:00,5.5,4.5,23.0,19.0,9.9331,-84.0792
2026-07-24T01:00,5.9,4.9,24.9,15.0,9.9331,-84.0792
2026-07-24T02:00,5.5,4.3,27.5,9.0,9.9331,-84.0792
2026-07-24T03:00,7.4,5.1,28.9,5.0,9.9331,-84.0792
2026-07-24T04:00,9.8,5.1,28.1,5.0,9.9331,-84.0792
2026-07-24T05:00,15.0,6.8,26.0,7.0,9.9331,-84.0792
2026-07-24T06:00,15.1,6.6,23.6,9.0,9.9331,-84.0792
2026-07-24T07:00,18.8,7.5,20.7,10.0,9.9331,-84.0792
2026-07-24T08:00,25.2,9.4,17.5,11.0,9.9331,-84.0792
2026-07-24T09:00,27.2,10.4,15.0,12.0,9.9331,-84.0792
2026-07-24T10:00,30.3,11.9,14.2,12.0,9.9331,-84.0792
2026-07-24T11:00,31.1,13.2,14.2,12.0,9.9331,-84.0792
2026-07-24T12:00,44.0,19.9,14.4,16.0,9.9331,-84.0792
2026-07-24T13:00,41.7,22.1,12.8,26.0,9.9331,-84.0792
2026-07-24T14:00,36.4,18.7,10.6,41.0,9.9331,-84.0792
2026-07-24T15:00,25.9,13.8,8.5,53.0,9.9331,-84.0792
2026-07-24T16:00,19.1,10.1,6.6,60.0,9.9331,-84.0792
2026-07-24T17:00,18.5,9.8,4.8,64.0,9.9331,-84.0792
2026-07-24T18:00,17.8,9.6,3.9,66.0,9.9331,-84.0792
2026-07-24T19:00,17.7,9.7,3.8,66.0,9.9331,-84.0792
2026-07-24T20:00,16.5,9.3,4.4,64.0,9.9331,-84.0792
2026-07-24T21:00,16.2,9.5,6.7,59.0,9.9331,-84.0792
2026-07-24T22:00,17.2,12.0,12.2,48.0,9.9331,-84.0792
2026-07-24T23:00,16.5,11.2,19.3,34.0,9.9331,-84.0792
2026-07-25T00:00,18.0,13.3,18.8,39.0,9.9331,-84.0792
2026-07-25T01:00,10.5,8.4,17.4,36.0,9.9331,-84.0792
2026-07-25T02:00,4.7,3.9,15.6,32.0,9.9331,-84.0792
2026-07-25T03:00,3.4,3.0,14.1,28.0,9.9331,-84.0792
2026-07-25T04:00,3.9,3.6,13.5,25.0,9.9331,-84.0792
2026-07-25T05:00,5.0,4.4,13.4,22.0,9.9331,-84.0792
2026-07-25T06:00,4.1,3.4,13.3,19.0,9.9331,-84.0792
2026-07-25T07:00,2.7,2.4,13.1,15.0,9.9331,-84.0792
2026-07-25T08:00,2.2,2.0,12.8,12.0,9.9331,-84.0792
2026-07-25T09:00,1.8,1.6,12.4,10.0,9.9331,-84.0792
2026-07-25T10:00,1.4,1.3,11.9,9.0,9.9331,-84.0792
2026-07-25T11:00,1.7,1.6,11.3,9.0,9.9331,-84.0792
2026-07-25T12:00,7.5,6.0,9.4,21.0,9.9331,-84.0792
2026-07-25T13:00,10.2,8.7,8.0,35.0,9.9331,-84.0792
2026-07-25T14:00,13.5,11.8,6.2,55.0,9.9331,-84.0792
2026-07-25T15:00,12.8,11.1,4.5,70.0,9.9331,-84.0792
2026-07-25T16:00,11.5,10.0,3.3,75.0,9.9331,-84.0792
2026-07-25T17:00,10.5,9.1,2.3,74.0,9.9331,-84.0792
2026-07-25T18:00,9.6,8.2,1.8,72.0,9.9331,-84.0792
2026-07-25T19:00,8.2,6.9,1.9,68.0,9.9331,-84.0792
2026-07-25T20:00,7.3,6.2,2.5,62.0,9.9331,-84.0792
2026-07-25T21:00,7.4,6.4,3.7,55.0,9.9331,-84.0792
2026-07-25T22:00,8.4,7.6,6.3,48.0,9.9331,-84.0792
2026-07-25T23:00,8.1,7.5,9.5,40.0,9.9331,-84.0792
2026-07-26T00:00,12.4,10.1,11.4,33.0,9.9331,-84.0792
2026-07-26T01:00,12.1,10.0,11.3,29.0,9.9331,-84.0792
2026-07-26T02:00,11.7,10.1,11.2,24.0,9.9331,-84.0792
2026-07-26T03:00,11.4,9.9,10.9,20.0,9.9331,-84.0792
2026-07-26T04:00,10.9,9.2,10.2,20.0,9.9331,-84.0792
2026-07-26T05:00,10.6,9.0,9.2,22.0,9.9331,-84.0792
2026-07-26T06:00,10.6,8.8,8.3,24.0,9.9331,-84.0792
2026-07-26T07:00,10.7,8.6,7.6,24.0,9.9331,-84.0792
2026-07-26T08:00,10.7,8.4,7.0,23.0,9.9331,-84.0792
2026-07-26T09:00,10.3,8.1,6.6,23.0,9.9331,-84.0792
2026-07-26T10:00,10.5,8.0,6.6,23.0,9.9331,-84.0792
2026-07-26T11:00,10.4,8.0,6.7,24.0,9.9331,-84.0792
2026-07-26T12:00,10.3,8.3,6.7,24.0,9.9331,-84.0792
2026-07-26T13:00,10.5,8.2,5.4,34.0,9.9331,-84.0792
2026-07-26T14:00,9.1,7.3,3.6,47.0,9.9331,-84.0792
2026-07-26T15:00,8.8,6.5,2.2,58.0,9.9331,-84.0792
2026-07-26T16:00,8.0,5.9,1.5,63.0,9.9331,-84.0792
2026-07-26T17:00,8.0,5.6,1.2,64.0,9.9331,-84.0792
2026-07-26T18:00,8.9,6.1,1.1,64.0,9.9331,-84.0792
2026-07-26T19:00,10.0,6.6,1.0,63.0,9.9331,-84.0792
2026-07-26T20:00,11.7,7.3,1.1,61.0,9.9331,-84.0792
2026-07-26T21:00,13.5,7.9,1.7,57.0,9.9331,-84.0792
2026-07-26T22:00,17.9,9.9,2.8,52.0,9.9331,-84.0792
2026-07-26T23:00,19.9,10.9,4.4,45.0,9.9331,-84.0792
2026-07-27T00:00,26.6,16.2,7.8,35.0,9.9331,-84.0792
2026-07-27T01:00,27.8,17.7,10.6,29.0,9.9331,-84.0792
2026-07-27T02:00,25.1,16.5,14.3,21.0,9.9331,-84.0792
2026-07-27T03:00,23.7,15.8,16.8,16.0,9.9331,-84.0792
2026-07-27T04:00,23.9,15.4,16.8,15.0,9.9331,-84.0792
2026-07-27T05:00,25.0,15.5,15.5,16.0,9.9331,-84.0792
2026-07-27T06:00,24.7,15.3,13.9,18.0,9.9331,-84.0792
2026-07-27T07:00,24.6,14.9,12.1,20.0,9.9331,-84.0792
2026-07-27T08:00,25.3,14.6,10.0,21.0,9.9331,-84.0792
2026-07-27T09:00,25.8,14.4,8.7,22.0,9.9331,-84.0792
2026-07-27T10:00,26.3,14.1,9.0,19.0,9.9331,-84.0792
2026-07-27T11:00,26.4,14.2,10.0,15.0,9.9331,-84.0792
2026-07-27T12:00,31.5,15.5,9.2,19.0,9.9331,-84.0792
2026-07-27T13:00,38.9,17.8,7.6,31.0,9.9331,-84.0792
2026-07-27T14:00,30.9,12.8,5.3,46.0,9.9331,-84.0792
2026-07-27T15:00,22.2,10.4,3.6,57.0,9.9331,-84.0792
2026-07-27T16:00,13.4,6.1,2.9,58.0,9.9331,-84.0792
2026-07-27T17:00,10.0,4.8,2.7,53.0,9.9331,-84.0792
2026-07-27T18:00,9.5,4.7,2.8,50.0,9.9331,-84.0792
2026-07-27T19:00,10.5,5.4,2.9,51.0,9.9331,-84.0792
2026-07-27T20:00,12.8,6.4,3.2,52.0,9.9331,-84.0792
2026-07-27T21:00,13.0,6.7,4.7,51.0,9.9331,-84.0792
2026-07-27T22:00,13.2,7.7,7.9,44.0,9.9331,-84.0792
2026-07-27T23:00,13.2,7.9,12.3,34.0,9.9331,-84.0792
2026-07-28T00:00,22.6,14.1,18.0,22.0,9.9331,-84.0792
2026-07-28T01:00,24.4,18.3,21.3,16.0,9.9331,-84.0792
2026-07-28T02:00,25.4,19.1,25.8,8.0,9.9331,-84.0792
2026-07-28T03:00,25.2,18.6,28.4,3.0,9.9331,-84.0792
2026-07-28T04:00,25.8,18.8,27.7,3.0,9.9331,-84.0792
2026-07-28T05:00,25.6,17.8,25.1,6.0,9.9331,-84.0792
2026-07-28T06:00,23.9,15.8,22.3,8.0,9.9331,-84.0792
2026-07-28T07:00,22.2,13.9,19.6,10.0,9.9331,-84.0792
2026-07-28T08:00,20.7,13.1,16.7,11.0,9.9331,-84.0792
2026-07-28T09:00,20.0,12.8,14.4,12.0,9.9331,-84.0792
2026-07-28T10:00,19.3,12.1,13.5,11.0,9.9331,-84.0792
2026-07-28T11:00,18.4,11.5,13.3,9.0,9.9331,-84.0792
2026-07-28T12:00,27.8,18.5,17.2,8.0,9.9331,-84.0792
2026-07-28T13:00,29.0,19.3,14.1,25.0,9.9331,-84.0792
2026-07-28T14:00,29.6,16.9,9.8,49.0,9.9331,-84.0792
2026-07-28T15:00,29.8,16.7,6.3,69.0,9.9331,-84.0792
2026-07-28T16:00,29.6,17.1,4.2,82.0,9.9331,-84.0792
2026-07-28T17:00,27.1,16.2,2.9,90.0,9.9331,-84.0792
2026-07-28T18:00,30.3,18.3,2.5,93.0,9.9331,-84.0792
2026-07-28T19:00,20.8,12.8,3.2,87.0,9.9331,-84.0792
2026-07-28T20:00,18.3,12.0,4.8,76.0,9.9331,-84.0792
2026-07-28T21:00,17.4,12.1,7.3,64.0,9.9331,-84.0792
2026-07-28T22:00,18.5,14.5,11.7,52.0,9.9331,-84.0792
2026-07-28T23:00,15.5,12.9,17.0,40.0,9.9331,-84.0792
2026-07-29T00:00,8.0,6.7,18.9,32.0,9.9331,-84.0792
2026-07-29T01:00,6.1,5.2,18.5,28.0,9.9331,-84.0792
2026-07-29T02:00,5.6,4.8,17.9,22.0,9.9331,-84.0792
2026-07-29T03:00,6.7,5.7,17.3,17.0,9.9331,-84.0792
2026-07-29T04:00,7.4,6.1,16.7,15.0,9.9331,-84.0792
2026-07-29T05:00,8.0,6.6,15.9,13.0,9.9331,-84.0792
2026-07-29T06:00,8.4,6.9,15.0,13.0,9.9331,-84.0792
2026-07-29T07:00,8.3,6.9,13.6,13.0,9.9331,-84.0792
2026-07-29T08:00,8.3,6.6,11.9,14.0,9.9331,-84.0792
2026-07-29T09:00,8.8,6.5,10.9,15.0,9.9331,-84.0792
2026-07-29T10:00,9.7,6.8,11.3,13.0,9.9331,-84.0792
2026-07-29T11:00,10.7,7.6,12.3,11.0,9.9331,-84.0792
2026-07-29T12:00,15.3,11.1,10.7,20.0,9.9331,-84.0792
2026-07-29T13:00,16.0,12.5,9.2,36.0,9.9331,-84.0792
2026-07-29T14:00,12.5,10.0,7.0,57.0,9.9331,-84.0792
2026-07-29T15:00,10.0,8.1,5.1,74.0,9.9331,-84.0792
2026-07-29T16:00,8.5,6.7,3.7,81.0,9.9331,-84.0792
2026-07-29T17:00,8.2,6.5,2.5,82.0,9.9331,-84.0792
2026-07-29T18:00,8.1,6.5,1.8,82.0,9.9331,-84.0792
2026-07-29T19:00,8.1,6.5,1.3,81.0,9.9331,-84.0792
2026-07-29T20:00,8.1,6.6,1.3,79.0,9.9331,-84.0792
2026-07-29T21:00,8.6,7.0,2.6,74.0,9.9331,-84.0792
2026-07-29T22:00,9.1,7.5,6.3,64.0,9.9331,-84.0792
2026-07-29T23:00,9.9,8.1,11.2,51.0,9.9331,-84.0792
2026-07-30T00:00,10.0,8.6,12.0,44.0,9.9331,-84.0792
2026-07-30T01:00,10.8,9.8,13.5,38.0,9.9331,-84.0792
2026-07-30T02:00,11.0,9.9,15.6,29.0,9.9331,-84.0792
2026-07-30T03:00,10.6,9.5,16.9,22.0,9.9331,-84.0792
2026-07-30T04:00,10.5,9.5,16.8,19.0,9.9331,-84.0792
2026-07-30T05:00,10.1,9.3,16.0,19.0,9.9331,-84.0792
2026-07-30T06:00,9.3,8.4,14.7,20.0,9.9331,-84.0792
2026-07-30T07:00,8.4,7.4,12.6,22.0,9.9331,-84.0792
2026-07-30T08:00,7.0,6.2,10.1,26.0,9.9331,-84.0792
2026-07-30T09:00,6.2,5.5,8.4,28.0,9.9331,-84.0792
2026-07-30T10:00,5.9,5.1,8.6,27.0,9.9331,-84.0792
2026-07-30T11:00,5.5,4.7,9.7,25.0,9.9331,-84.0792
2026-07-30T12:00,8.4,7.3,9.7,25.0,9.9331,-84.0792
2026-07-30T13:00,8.2,7.2,7.7,33.0,9.9331,-84.0792
2026-07-30T14:00,7.4,5.4,5.0,44.0,9.9331,-84.0792
2026-07-30T15:00,8.8,5.8,2.9,53.0,9.9331,-84.0792
2026-07-30T16:00,9.6,6.2,1.9,58.0,9.9331,-84.0792
2026-07-30T17:00,9.6,5.9,1.5,60.0,9.9331,-84.0792
2026-07-30T18:00,10.6,6.4,1.4,62.0,9.9331,-84.0792
2026-07-30T19:00,11.9,7.1,1.2,63.0,9.9331,-84.0792
2026-07-30T20:00,12.5,7.4,1.3,63.0,9.9331,-84.0792
2026-07-30T21:00,13.0,7.7,2.1,61.0,9.9331,-84.0792
2026-07-30T22:00,15.6,9.2,4.0,55.0,9.9331,-84.0792
2026-07-30T23:00,13.9,8.6,6.6,46.0,9.9331,-84.0792
2026-07-31T00:00,16.2,9.8,7.6,40.0,9.9331,-84.0792
2026-07-31T01:00,15.1,10.4,11.0,31.0,9.9331,-84.0792
2026-07-31T02:00,14.2,11.1,15.6,19.0,9.9331,-84.0792
2026-07-31T03:00,13.3,10.6,18.6,11.0,9.9331,-84.0792
2026-07-31T04:00,12.7,9.0,18.6,10.0,9.9331,-84.0792
2026-07-31T05:00,12.2,9.1,16.9,12.0,9.9331,-84.0792
2026-07-31T06:00,12.5,9.2,15.0,14.0,9.9331,-84.0792
2026-07-31T07:00,12.7,9.1,13.0,16.0,9.9331,-84.0792
2026-07-31T08:00,12.8,8.9,10.8,18.0,9.9331,-84.0792
2026-07-31T09:00,12.6,8.8,9.5,20.0,9.9331,-84.0792
2026-07-31T10:00,13.0,9.0,9.9,19.0,9.9331,-84.0792
2026-07-31T11:00,13.3,9.3,11.2,17.0,9.9331,-84.0792
2026-07-31T12:00,14.6,11.1,12.0,16.0,9.9331,-84.0792
2026-07-31T13:00,18.9,14.1,9.7,31.0,9.9331,-84.0792
2026-07-31T14:00,16.9,11.1,6.5,53.0,9.9331,-84.0792
2026-07-31T15:00,14.6,10.0,4.1,68.0,9.9331,-84.0792
2026-07-31T16:00,12.3,8.5,3.0,72.0,9.9331,-84.0792
2026-07-31T17:00,10.3,7.2,2.6,70.0,9.9331,-84.0792
2026-07-31T18:00,8.5,6.0,2.7,67.0,9.9331,-84.0792
2026-07-31T19:00,7.2,5.2,3.2,66.0,9.9331,-84.0792
2026-07-31T20:00,6.3,4.6,4.2,64.0,9.9331,-84.0792
2026-07-31T21:00,7.6,6.1,5.8,60.0,9.9331,-84.0792
2026-07-31T22:00,8.3,6.8,8.7,53.0,9.9331,-84.0792
2026-07-31T23:00,7.9,6.5,12.1,45.0,9.9331,-84.0792
2026-08-01T00:00,9.3,7.9,17.0,31.0,9.9331,-84.0792
2026-08-01T01:00,6.6,5.5,14.7,31.0,9.9331,-84.0792
2026-08-01T02:00,5.5,4.5,11.6,31.0,9.9331,-84.0792
2026-08-01T03:00,4.8,4.0,9.0,32.0,9.9331,-84.0792
2026-08-01T04:00,4.3,3.6,7.6,33.0,9.9331,-84.0792
2026-08-01T05:00,4.3,3.5,6.8,34.0,9.9331,-84.0792
2026-08-01T06:00,4.1,3.3,6.1,35.0,9.9331,-84.0792
2026-08-01T07:00,3.2,2.6,5.2,36.0,9.9331,-84.0792
2026-08-01T08:00,2.6,2.1,4.4,36.0,9.9331,-84.0792
2026-08-01T09:00,2.3,1.8,4.1,36.0,9.9331,-84.0792
2026-08-01T10:00,2.2,1.8,4.7,34.0,9.9331,-84.0792
2026-08-01T11:00,2.3,1.9,5.7,33.0,9.9331,-84.0792
2026-08-01T12:00,2.3,1.9,5.6,37.0,9.9331,-84.0792
2026-08-01T13:00,3.7,3.0,4.8,45.0,9.9331,-84.0792
2026-08-01T14:00,5.4,4.2,3.6,55.0,9.9331,-84.0792
2026-08-01T15:00,8.3,5.4,2.7,63.0,9.9331,-84.0792
2026-08-01T16:00,6.9,4.5,2.1,66.0,9.9331,-84.0792
2026-08-01T17:00,7.5,5.1,1.7,67.0,9.9331,-84.0792
2026-08-01T18:00,7.1,4.9,1.5,67.0,9.9331,-84.0792
2026-08-01T19:00,7.2,5.3,1.4,67.0,9.9331,-84.0792
2026-08-01T20:00,6.4,4.9,1.5,66.0,9.9331,-84.0792
2026-08-01T21:00,6.4,5.0,2.5,63.0,9.9331,-84.0792
2026-08-01T22:00,4.6,3.5,5.2,54.0,9.9331,-84.0792
2026-08-01T23:00,4.8,3.9,8.8,43.0,9.9331,-84.0792
2026-08-02T00:00,6.7,5.6,8.1,47.0,9.9331,-84.0792
2026-08-02T01:00,3.3,2.9,7.6,44.0,9.9331,-84.0792
2026-08-02T02:00,2.6,2.4,7.0,39.0,9.9331,-84.0792
2026-08-02T03:00,2.6,2.3,6.3,36.0,9.9331,-84.0792
2026-08-02T04:00,2.8,2.5,5.7,36.0,9.9331,-84.0792
2026-08-02T05:00,3.3,2.9,5.1,37.0,9.9331,-84.0792
2026-08-02T06:00,3.2,2.6,4.7,37.0,9.9331,-84.0792
2026-08-02T07:00,2.4,1.9,4.4,36.0,9.9331,-84.0792
2026-08-02T08:00,1.9,1.6,4.3,35.0,9.9331,-84.0792
2026-08-02T09:00,1.6,1.4,4.4,33.0,9.9331,-84.0792
2026-08-02T10:00,1.8,1.6,5.0,31.0,9.9331,-84.0792
2026-08-02T11:00,2.4,2.0,5.7,28.0,9.9331,-84.0792
2026-08-02T12:00,3.0,2.4,5.6,33.0,9.9331,-84.0792
2026-08-02T13:00,5.5,4.1,5.5,34.0,9.9331,-84.0792
2026-08-02T14:00,2.5,2.2,5.4,36.0,9.9331,-84.0792
2026-08-02T15:00,1.6,1.5,5.3,38.0,9.9331,-84.0792
2026-08-02T16:00,1.3,1.2,5.1,39.0,9.9331,-84.0792
2026-08-02T17:00,1.8,1.7,4.9,40.0,9.9331,-84.0792
2026-08-02T18:00,2.8,2.5,4.7,42.0,9.9331,-84.0792
2026-08-02T19:00,3.8,3.6,4.1,45.0,9.9331,-84.0792
2026-08-02T20:00,4.2,4.0,3.5,49.0,9.9331,-84.0792
2026-08-02T21:00,4.0,3.6,4.0,49.0,9.9331,-84.0792
2026-08-02T22:00,4.8,4.3,6.3,43.0,9.9331,-84.0792
2026-08-02T23:00,5.5,5.0,9.7,34.0,9.9331,-84.0792
2026-08-03T00:00,5.2,4.7,10.4,30.0,9.9331,-84.0792
2026-08-03T01:00,7.4,6.8,13.3,25.0,9.9331,-84.0792
2026-08-03T02:00,8.5,7.7,17.3,17.0,9.9331,-84.0792
2026-08-03T03:00,10.3,9.5,20.5,11.0,9.9331,-84.0792
2026-08-03T04:00,11.9,11.1,22.3,7.0,9.9331,-84.0792
2026-08-03T05:00,12.9,12.1,23.3,5.0,9.9331,-84.0792
2026-08-03T06:00,12.5,11.6,23.0,5.0,9.9331,-84.0792
2026-08-03T07:00,11.9,11.0,20.7,7.0,9.9331,-84.0792
2026-08-03T08:00,11.1,10.0,17.2,11.0,9.9331,-84.0792
2026-08-03T09:00,10.3,9.0,14.3,14.0,9.9331,-84.0792
2026-08-03T10:00,9.9,8.2,12.9,15.0,9.9331,-84.0792
2026-08-03T11:00,9.5,8.1,12.0,16.0,9.9331,-84.0792
2026-08-03T12:00,6.8,5.7,12.3,17.0,9.9331,-84.0792
2026-08-03T13:00,10.2,8.9,11.0,26.0,9.9331,-84.0792
2026-08-03T14:00,9.7,7.4,9.0,38.0,9.9331,-84.0792
2026-08-03T15:00,8.5,6.6,7.3,48.0,9.9331,-84.0792
2026-08-03T16:00,5.9,4.4,5.8,54.0,9.9331,-84.0792
2026-08-03T17:00,5.0,3.8,4.5,57.0,9.9331,-84.0792
2026-08-03T18:00,5.9,4.8,3.7,60.0,9.9331,-84.0792
2026-08-03T19:00,5.6,4.6,3.4,64.0,9.9331,-84.0792
2026-08-03T20:00,5.1,4.5,3.7,67.0,9.9331,-84.0792
2026-08-03T21:00,5.7,5.0,5.2,67.0,9.9331,-84.0792
2026-08-03T22:00,7.3,6.3,8.9,60.0,9.9331,-84.0792
2026-08-03T23:00,9.3,8.1,13.8,49.0,9.9331,-84.0792
2026-08-04T00:00,16.9,15.5,24.9,23.0,9.9331,-84.0792
2026-08-04T01:00,17.0,15.4,24.9,20.0,9.9331,-84.0792
2026-08-04T02:00,17.0,15.2,24.9,17.0,9.9331,-84.0792
2026-08-04T03:00,17.5,15.7,24.5,14.0,9.9331,-84.0792
2026-08-04T04:00,16.9,15.3,23.6,13.0,9.9331,-84.0792
2026-08-04T05:00,16.1,14.6,22.3,14.0,9.9331,-84.0792
2026-08-04T06:00,14.9,13.3,20.5,15.0,9.9331,-84.0792
2026-08-04T07:00,14.0,12.5,17.5,18.0,9.9331,-84.0792
2026-08-04T08:00,13.7,11.8,14.0,21.0,9.9331,-84.0792
2026-08-04T09:00,13.2,11.4,11.5,24.0,9.9331,-84.0792
2026-08-04T10:00,12.5,10.7,11.0,24.0,9.9331,-84.0792
2026-08-04T11:00,12.4,10.6,11.6,23.0,9.9331,-84.0792
2026-08-04T12:00,12.0,10.2,10.0,30.0,9.9331,-84.0792
2026-08-04T13:00,13.3,11.2,8.2,43.0,9.9331,-84.0792
2026-08-04T14:00,11.0,9.5,5.7,60.0,9.9331,-84.0792
2026-08-04T15:00,8.7,7.1,3.7,72.0,9.9331,-84.0792
2026-08-04T16:00,9.1,6.8,2.7,75.0,9.9331,-84.0792
2026-08-04T17:00,10.2,7.3,2.3,72.0,9.9331,-84.0792
2026-08-04T18:00,10.1,7.1,2.1,69.0,9.9331,-84.0792
2026-08-04T19:00,9.6,6.6,1.8,67.0,9.9331,-84.0792
2026-08-04T20:00,9.2,6.3,1.7,64.0,9.9331,-84.0792
2026-08-04T21:00,9.6,6.6,3.1,59.0,9.9331,-84.0792
2026-08-04T22:00,9.4,6.6,7.5,50.0,9.9331,-84.0792
2026-08-04T23:00,10.7,8.5,13.4,39.0,9.9331,-84.0792
2026-08-05T00:00,15.3,12.7,21.7,23.0,9.9331,-84.0792
2026-08-05T01:00,15.0,12.3,18.4,25.0,9.9331,-84.0792
2026-08-05T02:00,12.0,9.9,13.8,28.0,9.9331,-84.0792
2026-08-05T03:00,7.4,5.7,10.6,29.0,9.9331,-84.0792
2026-08-05T04:00,6.7,5.4,10.0,27.0,9.9331,-84.0792
2026-08-05T05:00,5.7,4.2,10.7,23.0,9.9331,-84.0792
2026-08-05T06:00,6.0,4.8,11.2,20.0,9.9331,-84.0792
2026-08-05T07:00,6.1,5.1,10.9,18.0,9.9331,-84.0792
2026-08-05T08:00,6.2,4.9,10.4,18.0,9.9331,-84.0792
2026-08-05T09:00,6.5,5.1,10.1,17.0,9.9331,-84.0792
2026-08-05T10:00,6.9,5.3,10.7,15.0,9.9331,-84.0792
2026-08-05T11:00,7.4,5.6,11.5,13.0,9.9331,-84.0792
2026-08-05T12:00,6.4,5.0,8.7,28.0,9.9331,-84.0792
2026-08-05T13:00,8.4,7.0,7.9,41.0,9.9331,-84.0792
2026-08-05T14:00,7.5,6.0,6.8,59.0,9.9331,-84.0792
2026-08-05T15:00,8.6,7.1,5.6,72.0,9.9331,-84.0792
2026-08-05T16:00,6.3,4.9,4.0,75.0,9.9331,-84.0792
2026-08-05T17:00,5.0,4.0,2.5,73.0,9.9331,-84.0792
2026-08-05T18:00,4.2,3.4,2.4,69.0,9.9331,-84.0792
2026-08-05T19:00,4.6,3.8,5.3,62.0,9.9331,-84.0792
2026-08-05T20:00,4.9,4.2,9.7,52.0,9.9331,-84.0792
2026-08-05T21:00,7.2,6.9,12.7,45.0,9.9331,-84.0792
2026-08-05T22:00,6.8,6.6,12.6,44.0,9.9331,-84.0792
2026-08-05T23:00,7.5,7.3,11.2,46.0,9.9331,-84.0792
2026-08-06T00:00,6.4,6.1,22.1,26.0,9.9331,-84.0792
2026-08-06T01:00,5.2,5.0,20.7,26.0,9.9331,-84.0792
2026-08-06T02:00,3.9,3.7,18.7,25.0,9.9331,-84.0792
2026-08-06T03:00,3.2,3.0,16.8,25.0,9.9331,-84.0792
2026-08-06T04:00,3.0,2.9,15.4,25.0,9.9331,-84.0792
2026-08-06T05:00,2.9,2.7,14.0,25.0,9.9331,-84.0792
2026-08-06T06:00,2.5,2.4,12.4,27.0,9.9331,-84.0792
2026-08-06T07:00,2.3,1.9,9.9,32.0,9.9331,-84.0792
2026-08-06T08:00,2.3,1.9,7.2,38.0,9.9331,-84.0792
2026-08-06T09:00,2.5,2.1,5.5,42.0,9.9331,-84.0792
2026-08-06T10:00,3.0,2.5,6.0,41.0,9.9331,-84.0792
2026-08-06T11:00,3.7,3.1,7.5,38.0,9.9331,-84.0792
2026-08-06T12:00,3.2,2.9,9.2,37.0,9.9331,-84.0792
2026-08-06T13:00,4.6,4.1,9.7,41.0,9.9331,-84.0792
2026-08-06T14:00,9.5,8.9,10.4,47.0,9.9331,-84.0792
2026-08-06T15:00,8.9,7.6,10.2,53.0,9.9331,-84.0792
2026-08-06T16:00,9.1,6.9,8.3,59.0,9.9331,-84.0792
2026-08-06T17:00,10.1,7.1,5.5,66.0,9.9331,-84.0792
2026-08-06T18:00,10.4,7.6,3.9,70.0,9.9331,-84.0792
2026-08-06T19:00,10.4,8.0,4.0,71.0,9.9331,-84.0792
2026-08-06T20:00,11.6,9.4,5.3,69.0,9.9331,-84.0792
2026-08-06T21:00,8.7,7.4,8.1,64.0,9.9331,-84.0792
2026-08-06T22:00,11.6,10.3,13.9,52.0,9.9331,-84.0792
2026-08-06T23:00,11.6,10.7,21.2,37.0,9.9331,-84.0792
2026-08-07T00:00,7.1,6.9,20.9,30.0,9.9331,-84.0792
2026-08-07T01:00,7.1,7.0,21.9,25.0,9.9331,-84.0792
2026-08-07T02:00,8.6,8.2,23.2,19.0,9.9331,-84.0792
2026-08-07T03:00,9.6,9.1,23.7,15.0,9.9331,-84.0792
2026-08-07T04:00,10.7,10.1,23.0,14.0,9.9331,-84.0792
2026-08-07T05:00,11.5,10.6,21.5,16.0,9.9331,-84.0792
2026-08-07T06:00,10.6,9.1,19.3,18.0,9.9331,-84.0792
2026-08-07T07:00,10.0,7.8,15.5,22.0,9.9331,-84.0792
2026-08-07T08:00,9.3,6.7,11.0,27.0,9.9331,-84.0792
2026-08-07T09:00,9.8,6.4,8.0,30.0,9.9331,-84.0792
2026-08-07T10:00,10.8,6.7,8.0,28.0,9.9331,-84.0792
2026-08-07T11:00,11.5,7.1,9.5,25.0,9.9331,-84.0792
2026-08-07T12:00,14.1,9.2,10.8,24.0,9.9331,-84.0792
2026-08-07T13:00,18.0,10.3,8.8,34.0,9.9331,-84.0792
2026-08-07T14:00,15.9,8.6,6.1,48.0,9.9331,-84.0792
2026-08-07T15:00,10.5,6.1,4.0,59.0,9.9331,-84.0792
2026-08-07T16:00,9.3,5.8,3.2,66.0,9.9331,-84.0792
2026-08-07T17:00,8.6,5.9,3.1,70.0,9.9331,-84.0792
2026-08-07T18:00,7.7,5.5,3.2,72.0,9.9331,-84.0792
2026-08-07T19:00,6.7,4.8,2.9,74.0,9.9331,-84.0792
2026-08-07T20:00,7.1,5.1,2.8,73.0,9.9331,-84.0792
2026-08-07T21:00,7.8,5.7,4.1,70.0,9.9331,-84.0792
2026-08-07T22:00,8.9,6.5,8.3,61.0,9.9331,-84.0792
2026-08-07T23:00,10.0,7.5,13.9,49.0,9.9331,-84.0792
2026-08-08T00:00,13.0,8.7,11.7,44.0,9.9331,-84.0792
2026-08-08T01:00,13.4,11.0,13.8,36.0,9.9331,-84.0792
2026-08-08T02:00,14.0,11.8,16.7,25.0,9.9331,-84.0792
2026-08-08T03:00,13.9,11.3,18.3,18.0,9.9331,-84.0792
2026-08-08T04:00,14.0,10.9,17.5,18.0,9.9331,-84.0792
2026-08-08T05:00,14.0,10.8,15.3,21.0,9.9331,-84.0792
2026-08-08T06:00,13.6,10.0,13.1,24.0,9.9331,-84.0792
2026-08-08T07:00,12.9,9.1,11.0,26.0,9.9331,-84.0792
2026-08-08T08:00,12.2,8.4,8.8,27.0,9.9331,-84.0792
2026-08-08T09:00,12.3,8.1,7.4,29.0,9.9331,-84.0792
2026-08-08T10:00,12.8,8.1,7.4,29.0,9.9331,-84.0792
2026-08-08T11:00,13.6,8.6,8.2,29.0,9.9331,-84.0792
2026-08-08T12:00,7.9,6.0,8.4,34.0,9.9331,-84.0792
2026-08-08T13:00,8.0,5.8,6.9,42.0,9.9331,-84.0792
2026-08-08T14:00,9.5,6.1,4.7,53.0,9.9331,-84.0792
2026-08-08T15:00,9.3,5.8,3.0,62.0,9.9331,-84.0792
2026-08-08T16:00,9.3,5.9,2.0,68.0,9.9331,-84.0792
2026-08-08T17:00,9.2,6.2,1.4,73.0,9.9331,-84.0792
2026-08-08T18:00,8.1,5.7,1.4,73.0,9.9331,-84.0792
2026-08-08T19:00,7.5,5.5,2.2,67.0,9.9331,-84.0792
2026-08-08T20:00,5.7,4.1,3.6,58.0,9.9331,-84.0792
2026-08-08T21:00,6.7,5.7,5.3,49.0,9.9331,-84.0792
2026-08-08T22:00,5.2,4.3,7.6,41.0,9.9331,-84.0792
2026-08-08T23:00,4.4,4.1,10.1,34.0,9.9331,-84.0792
2026-08-09T00:00,4.9,4.1,8.1,41.0,9.9331,-84.0792
2026-08-09T01:00,5.5,4.4,7.1,41.0,9.9331,-84.0792
2026-08-09T02:00,5.3,4.1,5.7,41.0,9.9331,-84.0792
2026-08-09T03:00,5.7,3.9,4.7,40.0,9.9331,-84.0792
2026-08-09T04:00,6.1,4.2,4.6,38.0,9.9331,-84.0792
2026-08-09T05:00,6.1,4.3,4.9,35.0,9.9331,-84.0792
2026-08-09T06:00,6.1,4.1,5.0,33.0,9.9331,-84.0792
2026-08-09T07:00,5.6,3.7,4.7,33.0,9.9331,-84.0792
2026-08-09T08:00,4.8,3.2,4.2,33.0,9.9331,-84.0792
2026-08-09T09:00,4.4,2.9,4.0,33.0,9.9331,-84.0792
2026-08-09T10:00,4.0,2.7,4.3,32.0,9.9331,-84.0792
2026-08-09T11:00,3.5,2.6,4.8,30.0,9.9331,-84.0792
2026-08-09T12:00,2.3,1.8,4.6,32.0,9.9331,-84.0792
2026-08-09T13:00,6.8,4.1,3.7,40.0,9.9331,-84.0792
2026-08-09T14:00,18.6,8.9,2.4,52.0,9.9331,-84.0792
2026-08-09T15:00,27.6,12.2,1.4,60.0,9.9331,-84.0792
2026-08-09T16:00,32.9,14.1,0.9,63.0,9.9331,-84.0792
2026-08-09T17:00,34.5,15.0,0.8,63.0,9.9331,-84.0792
2026-08-09T18:00,33.3,14.9,0.7,62.0,9.9331,-84.0792
2026-08-09T19:00,29.8,13.7,0.6,61.0,9.9331,-84.0792
2026-08-09T20:00,25.5,12.3,0.7,59.0,9.9331,-84.0792
2026-08-09T21:00,22.2,11.2,1.0,56.0,9.9331,-84.0792
2026-08-09T22:00,19.8,10.5,1.6,52.0,9.9331,-84.0792
2026-08-09T23:00,19.0,10.7,2.5,47.0,9.9331,-84.0792
2026-08-10T00:00,19.0,10.4,3.2,42.0,9.9331,-84.0792
2026-08-10T01:00,18.0,10.8,5.7,36.0,9.9331,-84.0792
2026-08-10T02:00,15.3,10.5,9.2,27.0,9.9331,-84.0792
2026-08-10T03:00,15.4,10.4,11.7,21.0,9.9331,-84.0792
2026-08-10T04:00,13.9,10.1,12.3,19.0,9.9331,-84.0792
2026-08-10T05:00,13.4,9.5,11.9,19.0,9.9331,-84.0792
2026-08-10T06:00,13.2,9.1,11.1,20.0,9.9331,-84.0792
2026-08-10T07:00,12.5,8.4,9.8,22.0,9.9331,-84.0792
2026-08-10T08:00,11.9,7.8,8.2,24.0,9.9331,-84.0792
2026-08-10T09:00,10.6,7.0,7.3,25.0,9.9331,-84.0792
2026-08-10T10:00,9.5,6.4,7.9,23.0,9.9331,-84.0792
2026-08-10T11:00,7.5,5.2,9.3,20.0,9.9331,-84.0792
2026-08-10T12:00,8.1,5.8,8.7,26.0,9.9331,-84.0792
2026-08-10T13:00,7.9,5.5,7.0,37.0,9.9331,-84.0792
2026-08-10T14:00,7.6,5.6,4.7,53.0,9.9331,-84.0792
2026-08-10T15:00,5.7,4.1,2.9,64.0,9.9331,-84.0792
2026-08-10T16:00,7.0,4.3,2.3,67.0,9.9331,-84.0792
2026-08-10T17:00,9.0,5.4,2.2,67.0,9.9331,-84.0792
2026-08-10T18:00,9.8,6.2,2.3,65.0,9.9331,-84.0792
2026-08-10T19:00,11.1,6.5,2.1,63.0,9.9331,-84.0792
2026-08-10T20:00,12.4,7.5,2.0,60.0,9.9331,-84.0792
2026-08-10T21:00,13.1,7.7,3.1,55.0,9.9331,-84.0792
2026-08-10T22:00,12.7,7.6,6.3,47.0,9.9331,-84.0792
2026-08-10T23:00,12.7,8.7,10.6,37.0,9.9331,-84.0792
2026-08-11T00:00,17.2,10.2,8.0,40.0,9.9331,-84.0792
2026-08-11T01:00,14.5,10.8,11.4,32.0,9.9331,-84.0792
2026-08-11T02:00,13.4,9.8,16.1,20.0,9.9331,-84.0792
2026-08-11T03:00,12.7,9.8,19.2,12.0,9.9331,-84.0792
2026-08-11T04:00,13.1,10.0,19.3,11.0,9.9331,-84.0792
2026-08-11T05:00,13.3,10.1,17.8,13.0,9.9331,-84.0792
2026-08-11T06:00,13.6,9.9,15.9,15.0,9.9331,-84.0792
2026-08-11T07:00,14.0,9.5,13.6,17.0,9.9331,-84.0792
2026-08-11T08:00,12.8,8.9,10.9,20.0,9.9331,-84.0792
2026-08-11T09:00,12.1,8.4,9.1,22.0,9.9331,-84.0792
2026-08-11T10:00,11.4,7.9,9.4,21.0,9.9331,-84.0792
2026-08-11T11:00,11.6,7.8,10.7,18.0,9.9331,-84.0792
2026-08-11T12:00,10.8,7.6,9.6,25.0,9.9331,-84.0792
2026-08-11T13:00,10.4,7.8,7.9,38.0,9.9331,-84.0792
2026-08-11T14:00,8.2,6.2,5.6,56.0,9.9331,-84.0792
2026-08-11T15:00,8.0,5.9,3.7,71.0,9.9331,-84.0792
2026-08-11T16:00,8.4,6.3,2.7,79.0,9.9331,-84.0792
2026-08-11T17:00,9.3,7.0,2.2,83.0,9.9331,-84.0792
2026-08-11T18:00,10.0,7.7,2.1,83.0,9.9331,-84.0792
2026-08-11T19:00,9.7,7.3,2.0,77.0,9.9331,-84.0792
2026-08-11T20:00,8.8,6.6,2.2,66.0,9.9331,-84.0792
2026-08-11T21:00,8.7,6.8,3.9,55.0,9.9331,-84.0792
2026-08-11T22:00,10.0,8.1,8.5,46.0,9.9331,-84.0792
2026-08-11T23:00,12.5,10.9,14.6,36.0,9.9331,-84.0792
2026-08-12T00:00,16.9,12.3,9.0,42.0,9.9331,-84.0792
2026-08-12T01:00,14.8,12.5,11.4,35.0,9.9331,-84.0792
2026-08-12T02:00,14.0,11.7,14.7,24.0,9.9331,-84.0792
2026-08-12T03:00,12.1,9.9,16.1,19.0,9.9331,-84.0792
2026-08-12T04:00,10.5,8.3,14.1,23.0,9.9331,-84.0792
2026-08-12T05:00,9.0,7.2,10.2,31.0,9.9331,-84.0792
2026-08-12T06:00,8.4,6.2,7.2,37.0,9.9331,-84.0792
2026-08-12T07:00,6.9,5.2,5.9,38.0,9.9331,-84.0792
2026-08-12T08:00,5.8,4.5,5.5,37.0,9.9331,-84.0792
2026-08-12T09:00,5.6,4.3,5.5,36.0,9.9331,-84.0792
2026-08-12T10:00,4.6,3.6,6.4,33.0,9.9331,-84.0792
2026-08-12T11:00,3.8,3.1,7.9,29.0,9.9331,-84.0792
2026-08-12T12:00,2.6,2.5,9.1,27.0,9.9331,-84.0792
2026-08-12T13:00,4.1,3.8,7.5,39.0,9.9331,-84.0792
2026-08-12T14:00,4.6,4.1,5.3,56.0,9.9331,-84.0792
2026-08-12T15:00,5.5,4.6,3.6,70.0,9.9331,-84.0792
2026-08-12T16:00,6.5,5.3,2.4,78.0,9.9331,-84.0792
2026-08-12T17:00,7.2,5.8,1.7,82.0,9.9331,-84.0792
2026-08-12T18:00,7.6,6.3,2.0,82.0,9.9331,-84.0792
2026-08-12T19:00,7.9,6.6,3.7,76.0,9.9331,-84.0792
2026-08-12T20:00,7.8,6.6,6.5,66.0,9.9331,-84.0792
2026-08-12T21:00,9.9,8.9,9.9,55.0,9.9331,-84.0792
2026-08-12T22:00,8.2,7.0,14.7,43.0,9.9331,-84.0792
2026-08-12T23:00,10.5,9.6,20.0,29.0,9.9331,-84.0792
2026-08-13T00:00,9.7,8.5,13.1,35.0,9.9331,-84.0792
2026-08-13T01:00,8.8,8.1,12.8,33.0,9.9331,-84.0792
2026-08-13T02:00,5.9,5.4,12.5,30.0,9.9331,-84.0792
2026-08-13T03:00,5.7,5.2,12.6,27.0,9.9331,-84.0792
2026-08-13T04:00,6.5,5.9,13.7,23.0,9.9331,-84.0792
2026-08-13T05:00,7.4,6.8,15.2,18.0,9.9331,-84.0792
2026-08-13T06:00,7.5,6.9,15.6,16.0,9.9331,-84.0792
2026-08-13T07:00,7.0,6.3,13.8,18.0,9.9331,-84.0792
2026-08-13T08:00,6.7,5.9,10.9,22.0,9.9331,-84.0792
2026-08-13T09:00,6.4,5.5,8.8,25.0,9.9331,-84.0792
2026-08-13T10:00,6.0,5.1,8.8,25.0,9.9331,-84.0792
2026-08-13T11:00,6.3,5.3,9.6,24.0,9.9331,-84.0792
2026-08-13T12:00,9.2,8.0,10.0,25.0,9.9331,-84.0792
2026-08-13T13:00,10.1,8.8,8.7,38.0,9.9331,-84.0792
2026-08-13T14:00,9.4,8.0,6.8,56.0,9.9331,-84.0792
2026-08-13T15:00,8.7,7.5,5.2,69.0,9.9331,-84.0792
2026-08-13T16:00,6.6,5.6,3.9,72.0,9.9331,-84.0792
2026-08-13T17:00,4.4,3.8,2.8,69.0,9.9331,-84.0792
2026-08-13T18:00,4.2,3.7,2.6,66.0,9.9331,-84.0792
2026-08-13T19:00,4.1,3.6,3.3,66.0,9.9331,-84.0792
2026-08-13T20:00,4.9,4.5,4.8,66.0,9.9331,-84.0792
2026-08-13T21:00,6.9,6.5,7.5,62.0,9.9331,-84.0792
2026-08-13T22:00,7.3,6.6,12.7,52.0,9.9331,-84.0792
2026-08-13T23:00,8.4,7.2,19.2,39.0,9.9331,-84.0792
2026-08-14T00:00,7.5,7.1,17.8,34.0,9.9331,-84.0792
2026-08-14T01:00,8.7,8.1,17.8,31.0,9.9331,-84.0792
2026-08-14T02:00,7.9,7.1,17.6,26.0,9.9331,-84.0792
2026-08-14T03:00,8.0,7.2,16.6,24.0,9.9331,-84.0792
2026-08-14T04:00,8.8,7.6,14.1,26.0,9.9331,-84.0792
2026-08-14T05:00,8.8,7.2,10.7,31.0,9.9331,-84.0792
2026-08-14T06:00,7.9,6.3,8.0,35.0,9.9331,-84.0792
2026-08-14T07:00,7.7,6.0,6.4,36.0,9.9331,-84.0792
2026-08-14T08:00,8.2,6.3,5.5,36.0,9.9331,-84.0792
2026-08-14T09:00,8.3,6.5,5.3,36.0,9.9331,-84.0792
2026-08-14T10:00,8.5,6.7,6.3,33.0,9.9331,-84.0792
2026-08-14T11:00,8.5,6.8,7.9,29.0,9.9331,-84.0792
2026-08-14T12:00,8.1,6.8,9.8,24.0,9.9331,-84.0792
2026-08-14T13:00,9.3,7.9,8.2,39.0,9.9331,-84.0792
2026-08-14T14:00,11.6,10.1,6.0,59.0,9.9331,-84.0792
2026-08-14T15:00,10.7,8.6,4.2,74.0,9.9331,-84.0792
2026-08-14T16:00,11.2,8.8,3.2,80.0,9.9331,-84.0792
2026-08-14T17:00,10.6,8.7,2.5,80.0,9.9331,-84.0792
2026-08-14T18:00,9.2,7.4,2.2,78.0,9.9331,-84.0792
2026-08-14T19:00,9.6,7.5,1.6,74.0,9.9331,-84.0792
2026-08-14T20:00,10.7,8.0,1.3,66.0,9.9331,-84.0792
2026-08-14T21:00,10.5,7.9,2.8,58.0,9.9331,-84.0792
2026-08-14T22:00,10.0,7.7,8.2,47.0,9.9331,-84.0792
2026-08-14T23:00,13.3,11.5,15.5,35.0,9.9331,-84.0792
