fecha,hora,dia_semana,ubicacion,temperatura,humedad,velocidad_viento,latitud,longitud
2026-05-16 00:00:00,0,5,San Jose Centro,22.2,73,8.6,9.9331,-84.0792
2026-05-16 01:00:00,1,5,San Jose Centro,20.9,79,9.6,9.9331,-84.0792
2026-05-16 02:00:00,2,5,San Jose Centro,20.2,81,10.5,9.9331,-84.0792
2026-05-16 03:00:00,3,5,San Jose Centro,20.0,79,11.0,9.9331,-84.0792
2026-05-16 04:00:00,4,5,San Jose Centro,19.7,77,11.6,9.9331,-84.0792
2026-05-16 05:00:00,5,5,San Jose Centro,19.6,76,11.4,9.9331,-84.0792
2026-05-16 06:00:00,6,5,San Jose Centro,19.5,75,11.0,9.9331,-84.0792
2026-05-16 07:00:00,7,5,San Jose Centro,19.4,77,11.7,9.9331,-84.0792
2026-05-16 08:00:00,8,5,San Jose Centro,19.8,75,11.2,9.9331,-84.0792
2026-05-16 09:00:00,9,5,San Jose Centro,20.2,75,10.4,9.9331,-84.0792
2026-05-16 10:00:00,10,5,San Jose Centro,20.3,76,10.1,9.9331,-84.0792
2026-05-16 11:00:00,11,5,San Jose Centro,20.4,79,10.6,9.9331,-84.0792
2026-05-16 12:00:00,12,5,San Jose Centro,20.9,76,8.7,9.9331,-84.0792
2026-05-16 13:00:00,13,5,San Jose Centro,22.5,71,10.7,9.9331,-84.0792
2026-05-16 14:00:00,14,5,San Jose Centro,24.3,65,11.7,9.9331,-84.0792
2026-05-16 15:00:00,15,5,San Jose Centro,24.8,63,10.0,9.9331,-84.0792
2026-05-16 16:00:00,16,5,San Jose Centro,24.6,67,11.8,9.9331,-84.0792
2026-05-16 17:00:00,17,5,San Jose Centro,24.2,70,9.4,9.9331,-84.0792
2026-05-16 18:00:00,18,5,San Jose Centro,26.1,59,7.2,9.9331,-84.0792
2026-05-16 19:00:00,19,5,San Jose Centro,26.9,57,6.6,9.9331,-84.0792
2026-05-16 20:00:00,20,5,San Jose Centro,26.3,60,6.9,9.9331,-84.0792
2026-05-16 21:00:00,21,5,San Jose Centro,25.2,64,5.0,9.9331,-84.0792
2026-05-16 22:00:00,22,5,San Jose Centro,24.4,67,3.6,9.9331,-84.0792
2026-05-16 23:00:00,23,5,San Jose Centro,23.7,71,4.6,9.9331,-84.0792
2026-05-17 00:00:00,0,6,San Jose Centro,23.0,74,6.4,9.9331,-84.0792
2026-05-17 01:00:00,1,6,San Jose Centro,22.4,75,7.1,9.9331,-84.0792
2026-05-17 02:00:00,2,6,San Jose Centro,21.5,79,9.4,9.9331,-84.0792
2026-05-17 03:00:00,3,6,San Jose Centro,20.9,82,8.6,9.9331,-84.0792
2026-05-17 04:00:00,4,6,San Jose Centro,21.1,80,7.6,9.9331,-84.0792
2026-05-17 05:00:00,5,6,San Jose Centro,20.9,79,9.4,9.9331,-84.0792
2026-05-17 06:00:00,6,6,San Jose Centro,20.4,78,8.1,9.9331,-84.0792
2026-05-17 07:00:00,7,6,San Jose Centro,20.2,78,8.5,9.9331,-84.0792
2026-05-17 08:00:00,8,6,San Jose Centro,19.9,80,8.2,9.9331,-84.0792
2026-05-17 09:00:00,9,6,San Jose Centro,20.4,78,8.3,9.9331,-84.0792
2026-05-17 10:00:00,10,6,San Jose Centro,20.4,78,7.9,9.9331,-84.0792
2026-05-17 11:00:00,11,6,San Jose Centro,20.5,78,7.1,9.9331,-84.0792
2026-05-17 12:00:00,12,6,San Jose Centro,21.3,77,9.1,9.9331,-84.0792
2026-05-17 13:00:00,13,6,San Jose Centro,22.3,72,10.1,9.9331,-84.0792
2026-05-17 14:00:00,14,6,San Jose Centro,23.7,67,9.2,9.9331,-84.0792
2026-05-17 15:00:00,15,6,San Jose Centro,25.1,62,9.9,9.9331,-84.0792
2026-05-17 16:00:00,16,6,San Jose Centro,27.1,55,9.6,9.9331,-84.0792
2026-05-17 17:00:00,17,6,San Jose Centro,27.5,53,9.5,9.9331,-84.0792
2026-05-17 18:00:00,18,6,San Jose Centro,27.7,51,9.1,9.9331,-84.0792
2026-05-17 19:00:00,19,6,San Jose Centro,26.3,61,8.2,9.9331,-84.0792
2026-05-17 20:00:00,20,6,San Jose Centro,25.5,63,5.7,9.9331,-84.0792
2026-05-17 21:00:00,21,6,San Jose Centro,25.1,64,3.5,9.9331,-84.0792
2026-05-17 22:00:00,22,6,San Jose Centro,24.3,66,3.9,9.9331,-84.0792
2026-05-17 23:00:00,23,6,San Jose Centro,23.9,66,5.0,9.9331,-84.0792
2026-05-18 00:00:00,0,0,San Jose Centro,23.7,66,4.7,9.9331,-84.0792
2026-05-18 01:00:00,1,0,San Jose Centro,22.9,69,6.6,9.9331,-84.0792
2026-05-18 02:00:00,2,0,San Jose Centro,22.0,73,10.3,9.9331,-84.0792
2026-05-18 03:00:00,3,0,San Jose Centro,21.4,74,10.5,9.9331,-84.0792
2026-05-18 04:00:00,4,0,San Jose Centro,20.6,76,10.4,9.9331,-84.0792
2026-05-18 05:00:00,5,0,San Jose Centro,20.4,73,10.1,9.9331,-84.0792
2026-05-18 06:00:00,6,0,San Jose Centro,19.5,70,11.0,9.9331,-84.0792
2026-05-18 07:00:00,7,0,San Jose Centro,19.2,68,10.8,9.9331,-84.0792
2026-05-18 08:00:00,8,0,San Jose Centro,18.8,70,11.0,9.9331,-84.0792
2026-05-18 09:00:00,9,0,San Jose Centro,18.5,71,10.6,9.9331,-84.0792
2026-05-18 10:00:00,10,0,San Jose Centro,18.4,71,10.5,9.9331,-84.0792
2026-05-18 11:00:00,11,0,San Jose Centro,18.1,72,10.3,9.9331,-84.0792
2026-05-18 12:00:00,12,0,San Jose Centro,19.4,71,11.6,9.9331,-84.0792
2026-05-18 13:00:00,13,0,San Jose Centro,21.9,62,11.2,9.9331,-84.0792
2026-05-18 14:00:00,14,0,San Jose Centro,24.1,60,11.7,9.9331,-84.0792
2026-05-18 15:00:00,15,0,San Jose Centro,26.4,53,11.7,9.9331,-84.0792
2026-05-18 16:00:00,16,0,San Jose Centro,27.2,51,11.8,9.9331,-84.0792
2026-05-18 17:00:00,17,0,San Jose Centro,27.2,52,12.2,9.9331,-84.0792
2026-05-18 18:00:00,18,0,San Jose Centro,28.0,48,10.6,9.9331,-84.0792
2026-05-18 19:00:00,19,0,San Jose Centro,27.1,55,9.3,9.9331,-84.0792
2026-05-18 20:00:00,20,0,San Jose Centro,26.5,56,7.1,9.9331,-84.0792
2026-05-18 21:00:00,21,0,San Jose Centro,25.9,60,3.4,9.9331,-84.0792
2026-05-18 22:00:00,22,0,San Jose Centro,24.9,62,3.9,9.9331,-84.0792
2026-05-18 23:00:00,23,0,San Jose Centro,24.3,64,7.7,9.9331,-84.0792
2026-05-19 00:00:00,0,1,San Jose Centro,23.7,68,7.6,9.9331,-84.0792
2026-05-19 01:00:00,1,1,San Jose Centro,22.2,74,9.4,9.9331,-84.0792
2026-05-19 02:00:00,2,1,San Jose Centro,21.4,77,10.3,9.9331,-84.0792
2026-05-19 03:00:00,3,1,San Jose Centro,21.0,77,10.8,9.9331,-84.0792
2026-05-19 04:00:00,4,1,San Jose Centro,21.1,76,11.1,9.9331,-84.0792
2026-05-19 05:00:00,5,1,San Jose Centro,21.0,76,9.9,9.9331,-84.0792
2026-05-19 06:00:00,6,1,San Jose Centro,20.7,76,8.7,9.9331,-84.0792
2026-05-19 07:00:00,7,1,San Jose Centro,20.6,76,8.8,9.9331,-84.0792
2026-05-19 08:00:00,8,1,San Jose Centro,20.3,77,8.6,9.9331,-84.0792
2026-05-19 09:00:00,9,1,San Jose Centro,20.4,77,8.5,9.9331,-84.0792
2026-05-19 10:00:00,10,1,San Jose Centro,20.6,78,8.7,9.9331,-84.0792
2026-05-19 11:00:00,11,1,San Jose Centro,20.7,77,9.4,9.9331,-84.0792
2026-05-19 12:00:00,12,1,San Jose Centro,20.8,78,9.3,9.9331,-84.0792
2026-05-19 13:00:00,13,1,San Jose Centro,22.0,72,11.4,9.9331,-84.0792
2026-05-19 14:00:00,14,1,San Jose Centro,24.1,64,11.4,9.9331,-84.0792
2026-05-19 15:00:00,15,1,San Jose Centro,26.2,57,10.9,9.9331,-84.0792
2026-05-19 16:00:00,16,1,San Jose Centro,27.5,53,7.7,9.9331,-84.0792
2026-05-19 17:00:00,17,1,San Jose Centro,28.5,51,8.9,9.9331,-84.0792
2026-05-19 18:00:00,18,1,San Jose Centro,28.9,46,9.8,9.9331,-84.0792
2026-05-19 19:00:00,19,1,San Jose Centro,27.4,53,9.0,9.9331,-84.0792
2026-05-19 20:00:00,20,1,San Jose Centro,26.6,57,6.8,9.9331,-84.0792
2026-05-19 21:00:00,21,1,San Jose Centro,25.3,62,4.8,9.9331,-84.0792
2026-05-19 22:00:00,22,1,San Jose Centro,25.1,62,2.2,9.9331,-84.0792
2026-05-19 23:00:00,23,1,San Jose Centro,24.0,70,7.6,9.9331,-84.0792
2026-05-20 00:00:00,0,2,San Jose Centro,23.8,72,7.6,9.9331,-84.0792
2026-05-20 01:00:00,1,2,San Jose Centro,22.8,76,9.7,9.9331,-84.0792
2026-05-20 02:00:00,2,2,San Jose Centro,22.1,77,9.5,9.9331,-84.0792
2026-05-20 03:00:00,3,2,San Jose Centro,21.8,77,10.1,9.9331,-84.0792
2026-05-20 04:00:00,4,2,San Jose Centro,21.5,77,10.7,9.9331,-84.0792
2026-05-20 05:00:00,5,2,San Jose Centro,21.3,78,11.8,9.9331,-84.0792
2026-05-20 06:00:00,6,2,San Jose Centro,21.0,77,10.1,9.9331,-84.0792
2026-05-20 07:00:00,7,2,San Jose Centro,20.9,77,10.3,9.9331,-84.0792
2026-05-20 08:00:00,8,2,San Jose Centro,20.9,78,10.5,9.9331,-84.0792
2026-05-20 09:00:00,9,2,San Jose Centro,20.7,80,9.6,9.9331,-84.0792
2026-05-20 10:00:00,10,2,San Jose Centro,20.9,80,9.6,9.9331,-84.0792
2026-05-20 11:00:00,11,2,San Jose Centro,21.0,79,11.5,9.9331,-84.0792
2026-05-20 12:00:00,12,2,San Jose Centro,21.4,78,11.1,9.9331,-84.0792
2026-05-20 13:00:00,13,2,San Jose Centro,22.0,75,11.5,9.9331,-84.0792
2026-05-20 14:00:00,14,2,San Jose Centro,23.2,73,11.7,9.9331,-84.0792
2026-05-20 15:00:00,15,2,San Jose Centro,24.0,69,11.5,9.9331,-84.0792
2026-05-20 16:00:00,16,2,San Jose Centro,23.7,70,10.7,9.9331,-84.0792
2026-05-20 17:00:00,17,2,San Jose Centro,23.6,72,9.9,9.9331,-84.0792
2026-05-20 18:00:00,18,2,San Jose Centro,24.7,65,6.7,9.9331,-84.0792
2026-05-20 19:00:00,19,2,San Jose Centro,25.1,63,10.5,9.9331,-84.0792
2026-05-20 20:00:00,20,2,San Jose Centro,24.1,68,9.4,9.9331,-84.0792
2026-05-20 21:00:00,21,2,San Jose Centro,24.7,66,11.9,9.9331,-84.0792
2026-05-20 22:00:00,22,2,San Jose Centro,23.5,72,11.2,9.9331,-84.0792
2026-05-20 23:00:00,23,2,San Jose Centro,22.4,78,10.7,9.9331,-84.0792
2026-05-21 00:00:00,0,3,San Jose Centro,22.0,79,11.3,9.9331,-84.0792
2026-05-21 01:00:00,1,3,San Jose Centro,21.5,78,11.2,9.9331,-84.0792
2026-05-21 02:00:00,2,3,San Jose Centro,21.0,78,9.9,9.9331,-84.0792
2026-05-21 03:00:00,3,3,San Jose Centro,20.4,80,11.6,9.9331,-84.0792
2026-05-21 04:00:00,4,3,San Jose Centro,20.1,80,12.3,9.9331,-84.0792
2026-05-21 05:00:00,5,3,San Jose Centro,20.5,76,12.6,9.9331,-84.0792
2026-05-21 06:00:00,6,3,San Jose Centro,19.5,75,11.7,9.9331,-84.0792
2026-05-21 07:00:00,7,3,San Jose Centro,19.5,73,12.8,9.9331,-84.0792
2026-05-21 08:00:00,8,3,San Jose Centro,19.7,73,11.5,9.9331,-84.0792
2026-05-21 09:00:00,9,3,San Jose Centro,19.4,76,10.6,9.9331,-84.0792
2026-05-21 10:00:00,10,3,San Jose Centro,18.6,80,9.4,9.9331,-84.0792
2026-05-21 11:00:00,11,3,San Jose Centro,18.0,83,9.5,9.9331,-84.0792
2026-05-21 12:00:00,12,3,San Jose Centro,18.5,78,10.0,9.9331,-84.0792
2026-05-21 13:00:00,13,3,San Jose Centro,21.1,66,10.5,9.9331,-84.0792
2026-05-21 14:00:00,14,3,San Jose Centro,23.3,60,11.1,9.9331,-84.0792
2026-05-21 15:00:00,15,3,San Jose Centro,24.8,57,10.2,9.9331,-84.0792
2026-05-21 16:00:00,16,3,San Jose Centro,26.6,51,9.1,9.9331,-84.0792
2026-05-21 17:00:00,17,3,San Jose Centro,27.7,47,7.7,9.9331,-84.0792
2026-05-21 18:00:00,18,3,San Jose Centro,28.0,46,8.1,9.9331,-84.0792
2026-05-21 19:00:00,19,3,San Jose Centro,27.5,49,9.0,9.9331,-84.0792
2026-05-21 20:00:00,20,3,San Jose Centro,25.2,60,4.9,9.9331,-84.0792
2026-05-21 21:00:00,21,3,San Jose Centro,23.6,70,4.4,9.9331,-84.0792
2026-05-21 22:00:00,22,3,San Jose Centro,23.7,71,3.6,9.9331,-84.0792
2026-05-21 23:00:00,23,3,San Jose Centro,22.7,75,3.1,9.9331,-84.0792
2026-05-22 00:00:00,0,4,San Jose Centro,23.1,71,5.8,9.9331,-84.0792
2026-05-22 01:00:00,1,4,San Jose Centro,22.6,73,5.0,9.9331,-84.0792
2026-05-22 02:00:00,2,4,San Jose Centro,22.0,77,3.6,9.9331,-84.0792
2026-05-22 03:00:00,3,4,San Jose Centro,21.5,79,4.8,9.9331,-84.0792
2026-05-22 04:00:00,4,4,San Jose Centro,21.0,82,6.7,9.9331,-84.0792
2026-05-22 05:00:00,5,4,San Jose Centro,20.4,84,8.3,9.9331,-84.0792
2026-05-22 06:00:00,6,4,San Jose Centro,20.2,80,8.6,9.9331,-84.0792
2026-05-22 07:00:00,7,4,San Jose Centro,20.1,79,9.4,9.9331,-84.0792
2026-05-22 08:00:00,8,4,San Jose Centro,20.1,79,9.2,9.9331,-84.0792
2026-05-22 09:00:00,9,4,San Jose Centro,19.9,79,9.7,9.9331,-84.0792
2026-05-22 10:00:00,10,4,San Jose Centro,20.0,79,10.5,9.9331,-84.0792
2026-05-22 11:00:00,11,4,San Jose Centro,19.9,77,9.6,9.9331,-84.0792
2026-05-22 12:00:00,12,4,San Jose Centro,20.3,78,10.6,9.9331,-84.0792
2026-05-22 13:00:00,13,4,San Jose Centro,21.9,70,11.7,9.9331,-84.0792
2026-05-22 14:00:00,14,4,San Jose Centro,21.9,77,8.7,9.9331,-84.0792
2026-05-22 15:00:00,15,4,San Jose Centro,23.5,72,6.7,9.9331,-84.0792
2026-05-22 16:00:00,16,4,San Jose Centro,26.0,60,7.2,9.9331,-84.0792
2026-05-22 17:00:00,17,4,San Jose Centro,27.4,57,4.4,9.9331,-84.0792
2026-05-22 18:00:00,18,4,San Jose Centro,27.2,53,2.6,9.9331,-84.0792
2026-05-22 19:00:00,19,4,San Jose Centro,25.3,62,4.7,9.9331,-84.0792
2026-05-22 20:00:00,20,4,San Jose Centro,24.9,65,5.2,9.9331,-84.0792
2026-05-22 21:00:00,21,4,San Jose Centro,24.5,65,4.4,9.9331,-84.0792
2026-05-22 22:00:00,22,4,San Jose Centro,24.2,67,6.1,9.9331,-84.0792
2026-05-22 23:00:00,23,4,San Jose Centro,23.6,70,5.8,9.9331,-84.0792
2026-05-23 00:00:00,0,5,San Jose Centro,23.7,69,4.7,9.9331,-84.0792
2026-05-23 01:00:00,1,5,San Jose Centro,23.1,70,5.8,9.9331,-84.0792
2026-05-23 02:00:00,2,5,San Jose Centro,22.5,72,4.9,9.9331,-84.0792
2026-05-23 03:00:00,3,5,San Jose Centro,22.2,73,5.0,9.9331,-84.0792
2026-05-23 04:00:00,4,5,San Jose Centro,22.0,75,7.6,9.9331,-84.0792
2026-05-23 05:00:00,5,5,San Jose Centro,21.4,78,3.1,9.9331,-84.0792
2026-05-23 06:00:00,6,5,San Jose Centro,20.8,77,8.5,9.9331,-84.0792
2026-05-23 07:00:00,7,5,San Jose Centro,20.4,77,10.1,9.9331,-84.0792
2026-05-23 08:00:00,8,5,San Jose Centro,20.7,75,8.2,9.9331,-84.0792
2026-05-23 09:00:00,9,5,San Jose Centro,20.6,76,8.5,9.9331,-84.0792
2026-05-23 10:00:00,10,5,San Jose Centro,19.9,79,10.2,9.9331,-84.0792
2026-05-23 11:00:00,11,5,San Jose Centro,19.6,78,10.8,9.9331,-84.0792
2026-05-23 12:00:00,12,5,San Jose Centro,21.0,74,10.4,9.9331,-84.0792
2026-05-23 13:00:00,13,5,San Jose Centro,22.5,69,11.7,9.9331,-84.0792
2026-05-23 14:00:00,14,5,San Jose Centro,24.4,64,13.0,9.9331,-84.0792
2026-05-23 15:00:00,15,5,San Jose Centro,26.7,55,11.2,9.9331,-84.0792
2026-05-23 16:00:00,16,5,San Jose Centro,27.8,51,10.6,9.9331,-84.0792
2026-05-23 17:00:00,17,5,San Jose Centro,28.1,51,8.9,9.9331,-84.0792
2026-05-23 18:00:00,18,5,San Jose Centro,28.7,45,9.2,9.9331,-84.0792
2026-05-23 19:00:00,19,5,San Jose Centro,27.9,51,10.5,9.9331,-84.0792
2026-05-23 20:00:00,20,5,San Jose Centro,27.8,51,3.6,9.9331,-84.0792
2026-05-23 21:00:00,21,5,San Jose Centro,24.7,63,3.7,9.9331,-84.0792
2026-05-23 22:00:00,22,5,San Jose Centro,23.9,68,4.6,9.9331,-84.0792
2026-05-23 23:00:00,23,5,San Jose Centro,24.2,64,8.0,9.9331,-84.0792
2026-05-24 00:00:00,0,6,San Jose Centro,23.0,70,7.9,9.9331,-84.0792
2026-05-24 01:00:00,1,6,San Jose Centro,22.4,74,7.0,9.9331,-84.0792
2026-05-24 02:00:00,2,6,San Jose Centro,22.3,74,6.3,9.9331,-84.0792
2026-05-24 03:00:00,3,6,San Jose Centro,22.0,76,6.3,9.9331,-84.0792
2026-05-24 04:00:00,4,6,San Jose Centro,21.4,79,7.8,9.9331,-84.0792
2026-05-24 05:00:00,5,6,San Jose Centro,21.3,79,8.8,9.9331,-84.0792
2026-05-24 06:00:00,6,6,San Jose Centro,20.9,77,10.7,9.9331,-84.0792
2026-05-24 07:00:00,7,6,San Jose Centro,20.6,74,12.1,9.9331,-84.0792
2026-05-24 08:00:00,8,6,San Jose Centro,20.4,73,11.6,9.9331,-84.0792
2026-05-24 09:00:00,9,6,San Jose Centro,19.9,76,11.3,9.9331,-84.0792
2026-05-24 10:00:00,10,6,San Jose Centro,19.3,79,12.1,9.9331,-84.0792
2026-05-24 11:00:00,11,6,San Jose Centro,18.8,81,11.2,9.9331,-84.0792
2026-05-24 12:00:00,12,6,San Jose Centro,20.1,77,10.6,9.9331,-84.0792
2026-05-24 13:00:00,13,6,San Jose Centro,21.9,69,10.5,9.9331,-84.0792
2026-05-24 14:00:00,14,6,San Jose Centro,24.0,64,11.9,9.9331,-84.0792
2026-05-24 15:00:00,15,6,San Jose Centro,26.7,55,11.4,9.9331,-84.0792
2026-05-24 16:00:00,16,6,San Jose Centro,28.1,51,8.8,9.9331,-84.0792
2026-05-24 17:00:00,17,6,San Jose Centro,28.5,52,8.1,9.9331,-84.0792
2026-05-24 18:00:00,18,6,San Jose Centro,27.5,54,2.3,9.9331,-84.0792
2026-05-24 19:00:00,19,6,San Jose Centro,27.2,57,4.2,9.9331,-84.0792
2026-05-24 20:00:00,20,6,San Jose Centro,25.8,62,3.5,9.9331,-84.0792
2026-05-24 21:00:00,21,6,San Jose Centro,25.2,66,4.8,9.9331,-84.0792
2026-05-24 22:00:00,22,6,San Jose Centro,24.5,69,2.7,9.9331,-84.0792
2026-05-24 23:00:00,23,6,San Jose Centro,23.5,74,6.2,9.9331,-84.0792
2026-05-25 00:00:00,0,0,San Jose Centro,23.1,75,8.4,9.9331,-84.0792
2026-05-25 01:00:00,1,0,San Jose Centro,22.5,77,8.5,9.9331,-84.0792
2026-05-25 02:00:00,2,0,San Jose Centro,22.1,78,8.3,9.9331,-84.0792
2026-05-25 03:00:00,3,0,San Jose Centro,21.8,78,9.2,9.9331,-84.0792
2026-05-25 04:00:00,4,0,San Jose Centro,21.6,78,8.8,9.9331,-84.0792
2026-05-25 05:00:00,5,0,San Jose Centro,21.4,78,8.3,9.9331,-84.0792
2026-05-25 06:00:00,6,0,San Jose Centro,21.0,76,6.5,9.9331,-84.0792
2026-05-25 07:00:00,7,0,San Jose Centro,20.6,77,7.0,9.9331,-84.0792
2026-05-25 08:00:00,8,0,San Jose Centro,20.3,78,7.2,9.9331,-84.0792
2026-05-25 09:00:00,9,0,San Jose Centro,20.0,78,9.5,9.9331,-84.0792
2026-05-25 10:00:00,10,0,San Jose Centro,19.9,76,11.3,9.9331,-84.0792
2026-05-25 11:00:00,11,0,San Jose Centro,19.5,75,10.1,9.9331,-84.0792
2026-05-25 12:00:00,12,0,San Jose Centro,19.8,76,9.7,9.9331,-84.0792
2026-05-25 13:00:00,13,0,San Jose Centro,21.5,66,11.3,9.9331,-84.0792
2026-05-25 14:00:00,14,0,San Jose Centro,23.5,59,10.3,9.9331,-84.0792
2026-05-25 15:00:00,15,0,San Jose Centro,25.4,53,10.7,9.9331,-84.0792
2026-05-25 16:00:00,16,0,San Jose Centro,27.1,47,8.5,9.9331,-84.0792
2026-05-25 17:00:00,17,0,San Jose Centro,28.2,43,7.2,9.9331,-84.0792
2026-05-25 18:00:00,18,0,San Jose Centro,29.4,39,6.4,9.9331,-84.0792
2026-05-25 19:00:00,19,0,San Jose Centro,28.1,47,6.7,9.9331,-84.0792
2026-05-25 20:00:00,20,0,San Jose Centro,26.8,53,8.8,9.9331,-84.0792
2026-05-25 21:00:00,21,0,San Jose Centro,26.9,54,8.8,9.9331,-84.0792
2026-05-25 22:00:00,22,0,San Jose Centro,26.1,56,5.9,9.9331,-84.0792
2026-05-25 23:00:00,23,0,San Jose Centro,24.9,60,4.9,9.9331,-84.0792
2026-05-26 00:00:00,0,1,San Jose Centro,23.3,69,7.1,9.9331,-84.0792
2026-05-26 01:00:00,1,1,San Jose Centro,22.7,72,7.5,9.9331,-84.0792
2026-05-26 02:00:00,2,1,San Jose Centro,22.2,73,6.5,9.9331,-84.0792
2026-05-26 03:00:00,3,1,San Jose Centro,21.7,76,9.0,9.9331,-84.0792
2026-05-26 04:00:00,4,1,San Jose Centro,21.3,77,9.4,9.9331,-84.0792
2026-05-26 05:00:00,5,1,San Jose Centro,21.2,77,6.6,9.9331,-84.0792
2026-05-26 06:00:00,6,1,San Jose Centro,20.8,76,7.9,9.9331,-84.0792
2026-05-26 07:00:00,7,1,San Jose Centro,20.5,76,8.9,9.9331,-84.0792
2026-05-26 08:00:00,8,1,San Jose Centro,20.5,77,9.3,9.9331,-84.0792
2026-05-26 09:00:00,9,1,San Jose Centro,20.6,77,8.5,9.9331,-84.0792
2026-05-26 10:00:00,10,1,San Jose Centro,20.6,77,8.0,9.9331,-84.0792
2026-05-26 11:00:00,11,1,San Jose Centro,20.6,77,7.3,9.9331,-84.0792
2026-05-26 12:00:00,12,1,San Jose Centro,21.1,77,8.5,9.9331,-84.0792
2026-05-26 13:00:00,13,1,San Jose Centro,22.1,73,8.5,9.9331,-84.0792
2026-05-26 14:00:00,14,1,San Jose Centro,23.3,67,8.9,9.9331,-84.0792
2026-05-26 15:00:00,15,1,San Jose Centro,24.7,61,6.6,9.9331,-84.0792
2026-05-26 16:00:00,16,1,San Jose Centro,25.1,59,5.9,9.9331,-84.0792
2026-05-26 17:00:00,17,1,San Jose Centro,25.1,59,3.6,9.9331,-84.0792
2026-05-26 18:00:00,18,1,San Jose Centro,25.3,58,4.2,9.9331,-84.0792
2026-05-26 19:00:00,19,1,San Jose Centro,25.6,58,1.5,9.9331,-84.0792
2026-05-26 20:00:00,20,1,San Jose Centro,25.7,57,2.2,9.9331,-84.0792
2026-05-26 21:00:00,21,1,San Jose Centro,25.2,58,3.3,9.9331,-84.0792
2026-05-26 22:00:00,22,1,San Jose Centro,23.8,68,3.1,9.9331,-84.0792
2026-05-26 23:00:00,23,1,San Jose Centro,23.3,70,2.9,9.9331,-84.0792
2026-05-27 00:00:00,0,2,San Jose Centro,22.5,73,2.8,9.9331,-84.0792
2026-05-27 01:00:00,1,2,San Jose Centro,22.3,73,5.2,9.9331,-84.0792
2026-05-27 02:00:00,2,2,San Jose Centro,22.0,73,4.7,9.9331,-84.0792
2026-05-27 03:00:00,3,2,San Jose Centro,21.8,75,3.8,9.9331,-84.0792
2026-05-27 04:00:00,4,2,San Jose Centro,21.3,77,7.3,9.9331,-84.0792
2026-05-27 05:00:00,5,2,San Jose Centro,21.4,76,6.6,9.9331,-84.0792
2026-05-27 06:00:00,6,2,San Jose Centro,20.9,77,7.1,9.9331,-84.0792
2026-05-27 07:00:00,7,2,San Jose Centro,20.5,75,8.4,9.9331,-84.0792
2026-05-27 08:00:00,8,2,San Jose Centro,20.4,74,8.8,9.9331,-84.0792
2026-05-27 09:00:00,9,2,San Jose Centro,20.4,72,8.6,9.9331,-84.0792
2026-05-27 10:00:00,10,2,San Jose Centro,20.5,70,9.4,9.9331,-84.0792
2026-05-27 11:00:00,11,2,San Jose Centro,20.8,69,7.8,9.9331,-84.0792
2026-05-27 12:00:00,12,2,San Jose Centro,20.3,79,9.9,9.9331,-84.0792
2026-05-27 13:00:00,13,2,San Jose Centro,21.4,73,9.4,9.9331,-84.0792
2026-05-27 14:00:00,14,2,San Jose Centro,23.8,61,6.5,9.9331,-84.0792
2026-05-27 15:00:00,15,2,San Jose Centro,27.5,48,5.6,9.9331,-84.0792
2026-05-27 16:00:00,16,2,San Jose Centro,29.3,41,4.6,9.9331,-84.0792
2026-05-27 17:00:00,17,2,San Jose Centro,29.2,41,2.8,9.9331,-84.0792
2026-05-27 18:00:00,18,2,San Jose Centro,29.6,43,5.5,9.9331,-84.0792
2026-05-27 19:00:00,19,2,San Jose Centro,28.0,49,4.5,9.9331,-84.0792
2026-05-27 20:00:00,20,2,San Jose Centro,25.7,60,5.7,9.9331,-84.0792
2026-05-27 21:00:00,21,2,San Jose Centro,23.9,70,5.6,9.9331,-84.0792
2026-05-27 22:00:00,22,2,San Jose Centro,23.8,71,1.8,9.9331,-84.0792
2026-05-27 23:00:00,23,2,San Jose Centro,23.4,73,2.7,9.9331,-84.0792
2026-05-28 00:00:00,0,3,San Jose Centro,23.3,70,3.8,9.9331,-84.0792
2026-05-28 01:00:00,1,3,San Jose Centro,22.8,71,5.0,9.9331,-84.0792
2026-05-28 02:00:00,2,3,San Jose Centro,22.2,73,7.3,9.9331,-84.0792
2026-05-28 03:00:00,3,3,San Jose Centro,21.9,75,10.3,9.9331,-84.0792
2026-05-28 04:00:00,4,3,San Jose Centro,21.8,77,9.0,9.9331,-84.0792
2026-05-28 05:00:00,5,3,San Jose Centro,21.1,78,9.8,9.9331,-84.0792
2026-05-28 06:00:00,6,3,San Jose Centro,20.2,85,9.6,9.9331,-84.0792
2026-05-28 07:00:00,7,3,San Jose Centro,19.6,90,9.4,9.9331,-84.0792
2026-05-28 08:00:00,8,3,San Jose Centro,19.2,93,8.9,9.9331,-84.0792
2026-05-28 09:00:00,9,3,San Jose Centro,19.3,91,13.3,9.9331,-84.0792
2026-05-28 10:00:00,10,3,San Jose Centro,19.0,87,13.1,9.9331,-84.0792
2026-05-28 11:00:00,11,3,San Jose Centro,19.0,85,11.2,9.9331,-84.0792
2026-05-28 12:00:00,12,3,San Jose Centro,20.2,84,8.3,9.9331,-84.0792
2026-05-28 13:00:00,13,3,San Jose Centro,21.5,77,9.4,9.9331,-84.0792
2026-05-28 14:00:00,14,3,San Jose Centro,24.0,67,8.0,9.9331,-84.0792
2026-05-28 15:00:00,15,3,San Jose Centro,26.2,58,5.1,9.9331,-84.0792
2026-05-28 16:00:00,16,3,San Jose Centro,26.9,56,3.3,9.9331,-84.0792
2026-05-28 17:00:00,17,3,San Jose Centro,26.6,57,6.3,9.9331,-84.0792
2026-05-28 18:00:00,18,3,San Jose Centro,27.0,53,6.8,9.9331,-84.0792
2026-05-28 19:00:00,19,3,San Jose Centro,24.6,68,5.9,9.9331,-84.0792
2026-05-28 20:00:00,20,3,San Jose Centro,24.3,71,3.5,9.9331,-84.0792
2026-05-28 21:00:00,21,3,San Jose Centro,24.2,74,3.5,9.9331,-84.0792
2026-05-28 22:00:00,22,3,San Jose Centro,22.7,82,4.4,9.9331,-84.0792
2026-05-28 23:00:00,23,3,San Jose Centro,20.8,89,3.0,9.9331,-84.0792
2026-05-29 00:00:00,0,4,San Jose Centro,21.7,86,3.2,9.9331,-84.0792
2026-05-29 01:00:00,1,4,San Jose Centro,21.0,92,2.7,9.9331,-84.0792
2026-05-29 02:00:00,2,4,San Jose Centro,20.8,93,1.0,9.9331,-84.0792
2026-05-29 03:00:00,3,4,San Jose Centro,20.9,88,4.3,9.9331,-84.0792
2026-05-29 04:00:00,4,4,San Jose Centro,21.0,85,1.9,9.9331,-84.0792
2026-05-29 05:00:00,5,4,San Jose Centro,20.4,86,5.9,9.9331,-84.0792
2026-05-29 06:00:00,6,4,San Jose Centro,19.8,94,2.7,9.9331,-84.0792
2026-05-29 07:00:00,7,4,San Jose Centro,19.5,96,4.6,9.9331,-84.0792
2026-05-29 08:00:00,8,4,San Jose Centro,19.2,96,6.8,9.9331,-84.0792
2026-05-29 09:00:00,9,4,San Jose Centro,19.0,95,8.1,9.9331,-84.0792
2026-05-29 10:00:00,10,4,San Jose Centro,19.1,92,8.2,9.9331,-84.0792
2026-05-29 11:00:00,11,4,San Jose Centro,19.1,91,8.6,9.9331,-84.0792
2026-05-29 12:00:00,12,4,San Jose Centro,19.3,92,5.2,9.9331,-84.0792
2026-05-29 13:00:00,13,4,San Jose Centro,20.8,88,2.4,9.9331,-84.0792
2026-05-29 14:00:00,14,4,San Jose Centro,22.9,73,0.4,9.9331,-84.0792
2026-05-29 15:00:00,15,4,San Jose Centro,24.5,67,1.1,9.9331,-84.0792
2026-05-29 16:00:00,16,4,San Jose Centro,25.1,65,2.9,9.9331,-84.0792
2026-05-29 17:00:00,17,4,San Jose Centro,24.6,69,4.0,9.9331,-84.0792
2026-05-29 18:00:00,18,4,San Jose Centro,22.3,83,7.4,9.9331,-84.0792
2026-05-29 19:00:00,19,4,San Jose Centro,22.3,83,4.8,9.9331,-84.0792
2026-05-29 20:00:00,20,4,San Jose Centro,22.6,82,3.4,9.9331,-84.0792
2026-05-29 21:00:00,21,4,San Jose Centro,22.2,83,3.1,9.9331,-84.0792
2026-05-29 22:00:00,22,4,San Jose Centro,22.0,86,3.3,9.9331,-84.0792
2026-05-29 23:00:00,23,4,San Jose Centro,21.7,88,3.9,9.9331,-84.0792
2026-05-30 00:00:00,0,5,San Jose Centro,21.6,83,6.4,9.9331,-84.0792
2026-05-30 01:00:00,1,5,San Jose Centro,20.9,85,6.7,9.9331,-84.0792
2026-05-30 02:00:00,2,5,San Jose Centro,20.1,88,4.5,9.9331,-84.0792
2026-05-30 03:00:00,3,5,San Jose Centro,19.8,91,1.9,9.9331,-84.0792
2026-05-30 04:00:00,4,5,San Jose Centro,19.5,94,1.5,9.9331,-84.0792
2026-05-30 05:00:00,5,5,San Jose Centro,19.4,94,1.5,9.9331,-84.0792
2026-05-30 06:00:00,6,5,San Jose Centro,19.5,89,4.1,9.9331,-84.0792
2026-05-30 07:00:00,7,5,San Jose Centro,19.0,92,3.7,9.9331,-84.0792
2026-05-30 08:00:00,8,5,San Jose Centro,18.7,90,4.3,9.9331,-84.0792
2026-05-30 09:00:00,9,5,San Jose Centro,18.7,89,4.5,9.9331,-84.0792
2026-05-30 10:00:00,10,5,San Jose Centro,18.3,88,6.1,9.9331,-84.0792
2026-05-30 11:00:00,11,5,San Jose Centro,18.2,86,6.7,9.9331,-84.0792
2026-05-30 12:00:00,12,5,San Jose Centro,18.4,82,7.8,9.9331,-84.0792
2026-05-30 13:00:00,13,5,San Jose Centro,21.4,72,2.9,9.9331,-84.0792
2026-05-30 14:00:00,14,5,San Jose Centro,22.9,64,3.1,9.9331,-84.0792
2026-05-30 15:00:00,15,5,San Jose Centro,23.8,66,6.3,9.9331,-84.0792
2026-05-30 16:00:00,16,5,San Jose Centro,24.5,66,4.7,9.9331,-84.0792
2026-05-30 17:00:00,17,5,San Jose Centro,25.8,62,7.4,9.9331,-84.0792
2026-05-30 18:00:00,18,5,San Jose Centro,25.1,65,9.6,9.9331,-84.0792
2026-05-30 19:00:00,19,5,San Jose Centro,25.5,59,9.0,9.9331,-84.0792
2026-05-30 20:00:00,20,5,San Jose Centro,23.0,75,9.9,9.9331,-84.0792
2026-05-30 21:00:00,21,5,San Jose Centro,21.8,88,4.0,9.9331,-84.0792
2026-05-30 22:00:00,22,5,San Jose Centro,21.0,94,3.6,9.9331,-84.0792
2026-05-30 23:00:00,23,5,San Jose Centro,20.7,92,2.4,9.9331,-84.0792
2026-05-31 00:00:00,0,6,San Jose Centro,20.7,98,3.1,9.9331,-84.0792
2026-05-31 01:00:00,1,6,San Jose Centro,20.9,96,1.5,9.9331,-84.0792
2026-05-31 02:00:00,2,6,San Jose Centro,20.8,95,0.6,9.9331,-84.0792
2026-05-31 03:00:00,3,6,San Jose Centro,20.5,95,2.1,9.9331,-84.0792
2026-05-31 04:00:00,4,6,San Jose Centro,20.1,98,1.5,9.9331,-84.0792
2026-05-31 05:00:00,5,6,San Jose Centro,20.1,95,2.1,9.9331,-84.0792
2026-05-31 06:00:00,6,6,San Jose Centro,19.6,95,5.4,9.9331,-84.0792
2026-05-31 07:00:00,7,6,San Jose Centro,19.1,93,7.7,9.9331,-84.0792
2026-05-31 08:00:00,8,6,San Jose Centro,18.6,92,8.6,9.9331,-84.0792
2026-05-31 09:00:00,9,6,San Jose Centro,18.1,92,9.7,9.9331,-84.0792
2026-05-31 10:00:00,10,6,San Jose Centro,18.1,92,10.0,9.9331,-84.0792
2026-05-31 11:00:00,11,6,San Jose Centro,18.3,89,9.5,9.9331,-84.0792
2026-05-31 12:00:00,12,6,San Jose Centro,19.1,84,9.0,9.9331,-84.0792
2026-05-31 13:00:00,13,6,San Jose Centro,21.4,77,8.1,9.9331,-84.0792
2026-05-31 14:00:00,14,6,San Jose Centro,23.6,70,7.6,9.9331,-84.0792
2026-05-31 15:00:00,15,6,San Jose Centro,25.2,65,5.1,9.9331,-84.0792
2026-05-31 16:00:00,16,6,San Jose Centro,26.8,61,4.3,9.9331,-84.0792
2026-05-31 17:00:00,17,6,San Jose Centro,25.9,64,4.6,9.9331,-84.0792
2026-05-31 18:00:00,18,6,San Jose Centro,25.9,60,4.1,9.9331,-84.0792
2026-05-31 19:00:00,19,6,San Jose Centro,25.6,65,2.7,9.9331,-84.0792
2026-05-31 20:00:00,20,6,San Jose Centro,26.2,62,2.0,9.9331,-84.0792
2026-05-31 21:00:00,21,6,San Jose Centro,24.9,68,4.0,9.9331,-84.0792
2026-05-31 22:00:00,22,6,San Jose Centro,24.0,77,4.3,9.9331,-84.0792
2026-05-31 23:00:00,23,6,San Jose Centro,23.1,83,4.3,9.9331,-84.0792
2026-06-01 00:00:00,0,0,San Jose Centro,22.1,92,1.0,9.9331,-84.0792
2026-06-01 01:00:00,1,0,San Jose Centro,22.2,91,2.4,9.9331,-84.0792
2026-06-01 02:00:00,2,0,San Jose Centro,22.0,92,4.7,9.9331,-84.0792
2026-06-01 03:00:00,3,0,San Jose Centro,22.0,88,7.7,9.9331,-84.0792
2026-06-01 04:00:00,4,0,San Jose Centro,21.4,88,8.1,9.9331,-84.0792
2026-06-01 05:00:00,5,0,San Jose Centro,20.8,90,7.7,9.9331,-84.0792
2026-06-01 06:00:00,6,0,San Jose Centro,20.8,85,6.9,9.9331,-84.0792
2026-06-01 07:00:00,7,0,San Jose Centro,20.6,85,6.9,9.9331,-84.0792
2026-06-01 08:00:00,8,0,San Jose Centro,20.3,86,6.6,9.9331,-84.0792
2026-06-01 09:00:00,9,0,San Jose Centro,19.7,88,7.4,9.9331,-84.0792
2026-06-01 10:00:00,10,0,San Jose Centro,19.2,89,8.3,9.9331,-84.0792
2026-06-01 11:00:00,11,0,San Jose Centro,19.5,86,8.5,9.9331,-84.0792
2026-06-01 12:00:00,12,0,San Jose Centro,20.3,83,8.5,9.9331,-84.0792
2026-06-01 13:00:00,13,0,San Jose Centro,21.9,74,10.3,9.9331,-84.0792
2026-06-01 14:00:00,14,0,San Jose Centro,23.4,70,9.7,9.9331,-84.0792
2026-06-01 15:00:00,15,0,San Jose Centro,25.0,66,8.8,9.9331,-84.0792
2026-06-01 16:00:00,16,0,San Jose Centro,26.3,63,7.4,9.9331,-84.0792
2026-06-01 17:00:00,17,0,San Jose Centro,26.6,61,8.3,9.9331,-84.0792
2026-06-01 18:00:00,18,0,San Jose Centro,26.0,64,8.1,9.9331,-84.0792
2026-06-01 19:00:00,19,0,San Jose Centro,26.2,62,11.7,9.9331,-84.0792
2026-06-01 20:00:00,20,0,San Jose Centro,26.0,63,12.4,9.9331,-84.0792
2026-06-01 21:00:00,21,0,San Jose Centro,26.0,64,9.1,9.9331,-84.0792
2026-06-01 22:00:00,22,0,San Jose Centro,25.5,65,7.7,9.9331,-84.0792
2026-06-01 23:00:00,23,0,San Jose Centro,24.2,72,8.5,9.9331,-84.0792
2026-06-02 00:00:00,0,1,San Jose Centro,22.6,79,7.7,9.9331,-84.0792
2026-06-02 01:00:00,1,1,San Jose Centro,21.9,82,9.2,9.9331,-84.0792
2026-06-02 02:00:00,2,1,San Jose Centro,21.6,81,8.3,9.9331,-84.0792
2026-06-02 03:00:00,3,1,San Jose Centro,21.5,80,7.0,9.9331,-84.0792
2026-06-02 04:00:00,4,1,San Jose Centro,21.2,81,6.5,9.9331,-84.0792
2026-06-02 05:00:00,5,1,San Jose Centro,21.0,81,5.8,9.9331,-84.0792
2026-06-02 06:00:00,6,1,San Jose Centro,19.8,86,7.5,9.9331,-84.0792
2026-06-02 07:00:00,7,1,San Jose Centro,20.0,81,6.8,9.9331,-84.0792
2026-06-02 08:00:00,8,1,San Jose Centro,19.6,83,6.9,9.9331,-84.0792
2026-06-02 09:00:00,9,1,San Jose Centro,19.6,84,6.7,9.9331,-84.0792
2026-06-02 10:00:00,10,1,San Jose Centro,19.3,85,7.8,9.9331,-84.0792
2026-06-02 11:00:00,11,1,San Jose Centro,19.0,85,8.7,9.9331,-84.0792
2026-06-02 12:00:00,12,1,San Jose Centro,20.4,81,8.2,9.9331,-84.0792
2026-06-02 13:00:00,13,1,San Jose Centro,22.0,74,8.3,9.9331,-84.0792
2026-06-02 14:00:00,14,1,San Jose Centro,23.5,69,8.8,9.9331,-84.0792
2026-06-02 15:00:00,15,1,San Jose Centro,25.1,64,8.6,9.9331,-84.0792
2026-06-02 16:00:00,16,1,San Jose Centro,25.7,64,7.2,9.9331,-84.0792
2026-06-02 17:00:00,17,1,San Jose Centro,24.2,77,5.1,9.9331,-84.0792
2026-06-02 18:00:00,18,1,San Jose Centro,23.7,79,2.1,9.9331,-84.0792
2026-06-02 19:00:00,19,1,San Jose Centro,23.3,80,4.2,9.9331,-84.0792
2026-06-02 20:00:00,20,1,San Jose Centro,24.7,72,4.4,9.9331,-84.0792
2026-06-02 21:00:00,21,1,San Jose Centro,25.3,66,4.2,9.9331,-84.0792
2026-06-02 22:00:00,22,1,San Jose Centro,25.1,66,2.9,9.9331,-84.0792
2026-06-02 23:00:00,23,1,San Jose Centro,22.8,78,5.1,9.9331,-84.0792
2026-06-03 00:00:00,0,2,San Jose Centro,23.2,72,3.1,9.9331,-84.0792
2026-06-03 01:00:00,1,2,San Jose Centro,22.3,75,5.6,9.9331,-84.0792
2026-06-03 02:00:00,2,2,San Jose Centro,21.5,79,7.8,9.9331,-84.0792
2026-06-03 03:00:00,3,2,San Jose Centro,21.3,79,7.6,9.9331,-84.0792
2026-06-03 04:00:00,4,2,San Jose Centro,21.2,79,6.5,9.9331,-84.0792
2026-06-03 05:00:00,5,2,San Jose Centro,21.0,81,5.0,9.9331,-84.0792
2026-06-03 06:00:00,6,2,San Jose Centro,19.7,88,5.3,9.9331,-84.0792
2026-06-03 07:00:00,7,2,San Jose Centro,19.1,90,5.7,9.9331,-84.0792
2026-06-03 08:00:00,8,2,San Jose Centro,19.0,90,4.5,9.9331,-84.0792
2026-06-03 09:00:00,9,2,San Jose Centro,19.2,87,4.9,9.9331,-84.0792
2026-06-03 10:00:00,10,2,San Jose Centro,19.1,87,5.1,9.9331,-84.0792
2026-06-03 11:00:00,11,2,San Jose Centro,19.2,89,3.4,9.9331,-84.0792
2026-06-03 12:00:00,12,2,San Jose Centro,20.0,85,6.1,9.9331,-84.0792
2026-06-03 13:00:00,13,2,San Jose Centro,22.0,74,5.7,9.9331,-84.0792
2026-06-03 14:00:00,14,2,San Jose Centro,23.0,70,5.4,9.9331,-84.0792
2026-06-03 15:00:00,15,2,San Jose Centro,24.8,66,2.0,9.9331,-84.0792
2026-06-03 16:00:00,16,2,San Jose Centro,25.6,66,4.1,9.9331,-84.0792
2026-06-03 17:00:00,17,2,San Jose Centro,23.0,80,4.7,9.9331,-84.0792
2026-06-03 18:00:00,18,2,San Jose Centro,23.7,77,3.6,9.9331,-84.0792
2026-06-03 19:00:00,19,2,San Jose Centro,21.0,89,8.2,9.9331,-84.0792
2026-06-03 20:00:00,20,2,San Jose Centro,20.5,98,6.0,9.9331,-84.0792
2026-06-03 21:00:00,21,2,San Jose Centro,20.7,95,5.0,9.9331,-84.0792
2026-06-03 22:00:00,22,2,San Jose Centro,20.3,99,4.4,9.9331,-84.0792
2026-06-03 23:00:00,23,2,San Jose Centro,20.0,100,1.8,9.9331,-84.0792
2026-06-04 00:00:00,0,3,San Jose Centro,20.2,93,1.3,9.9331,-84.0792
2026-06-04 01:00:00,1,3,San Jose Centro,20.2,96,1.2,9.9331,-84.0792
2026-06-04 02:00:00,2,3,San Jose Centro,20.1,95,1.4,9.9331,-84.0792
2026-06-04 03:00:00,3,3,San Jose Centro,20.2,93,0.2,9.9331,-84.0792
2026-06-04 04:00:00,4,3,San Jose Centro,19.7,96,2.2,9.9331,-84.0792
2026-06-04 05:00:00,5,3,San Jose Centro,19.2,98,3.3,9.9331,-84.0792
2026-06-04 06:00:00,6,3,San Jose Centro,19.0,95,3.4,9.9331,-84.0792
2026-06-04 07:00:00,7,3,San Jose Centro,18.7,94,4.2,9.9331,-84.0792
2026-06-04 08:00:00,8,3,San Jose Centro,18.7,94,4.5,9.9331,-84.0792
2026-06-04 09:00:00,9,3,San Jose Centro,18.2,94,3.9,9.9331,-84.0792
2026-06-04 10:00:00,10,3,San Jose Centro,18.0,94,5.1,9.9331,-84.0792
2026-06-04 11:00:00,11,3,San Jose Centro,18.0,94,6.1,9.9331,-84.0792
2026-06-04 12:00:00,12,3,San Jose Centro,18.8,92,7.8,9.9331,-84.0792
2026-06-04 13:00:00,13,3,San Jose Centro,20.7,84,7.3,9.9331,-84.0792
2026-06-04 14:00:00,14,3,San Jose Centro,22.9,75,4.8,9.9331,-84.0792
2026-06-04 15:00:00,15,3,San Jose Centro,24.4,71,2.3,9.9331,-84.0792
2026-06-04 16:00:00,16,3,San Jose Centro,22.9,82,9.3,9.9331,-84.0792
2026-06-04 17:00:00,17,3,San Jose Centro,21.4,91,6.0,9.9331,-84.0792
2026-06-04 18:00:00,18,3,San Jose Centro,21.3,93,8.5,9.9331,-84.0792
2026-06-04 19:00:00,19,3,San Jose Centro,21.9,90,5.6,9.9331,-84.0792
2026-06-04 20:00:00,20,3,San Jose Centro,19.8,94,3.7,9.9331,-84.0792
2026-06-04 21:00:00,21,3,San Jose Centro,20.0,98,2.7,9.9331,-84.0792
2026-06-04 22:00:00,22,3,San Jose Centro,20.0,97,3.6,9.9331,-84.0792
2026-06-04 23:00:00,23,3,San Jose Centro,19.8,99,2.2,9.9331,-84.0792
2026-06-05 00:00:00,0,4,San Jose Centro,19.6,95,3.1,9.9331,-84.0792
2026-06-05 01:00:00,1,4,San Jose Centro,19.4,98,2.5,9.9331,-84.0792
2026-06-05 02:00:00,2,4,San Jose Centro,19.5,96,3.1,9.9331,-84.0792
2026-06-05 03:00:00,3,4,San Jose Centro,19.3,98,0.8,9.9331,-84.0792
2026-06-05 04:00:00,4,4,San Jose Centro,19.3,97,1.8,9.9331,-84.0792
2026-06-05 05:00:00,5,4,San Jose Centro,19.0,98,4.4,9.9331,-84.0792
2026-06-05 06:00:00,6,4,San Jose Centro,18.9,95,3.8,9.9331,-84.0792
2026-06-05 07:00:00,7,4,San Jose Centro,18.8,96,1.3,9.9331,-84.0792
2026-06-05 08:00:00,8,4,San Jose Centro,18.5,97,0.4,9.9331,-84.0792
2026-06-05 09:00:00,9,4,San Jose Centro,18.3,95,3.5,9.9331,-84.0792
2026-06-05 10:00:00,10,4,San Jose Centro,18.2,95,2.1,9.9331,-84.0792
2026-06-05 11:00:00,11,4,San Jose Centro,18.1,93,1.6,9.9331,-84.0792
2026-06-05 12:00:00,12,4,San Jose Centro,19.0,96,4.6,9.9331,-84.0792
2026-06-05 13:00:00,13,4,San Jose Centro,20.9,88,3.5,9.9331,-84.0792
2026-06-05 14:00:00,14,4,San Jose Centro,22.2,78,3.8,9.9331,-84.0792
2026-06-05 15:00:00,15,4,San Jose Centro,23.0,76,5.7,9.9331,-84.0792
2026-06-05 16:00:00,16,4,San Jose Centro,24.0,76,7.3,9.9331,-84.0792
2026-06-05 17:00:00,17,4,San Jose Centro,22.0,86,9.4,9.9331,-84.0792
2026-06-05 18:00:00,18,4,San Jose Centro,20.7,90,7.9,9.9331,-84.0792
2026-06-05 19:00:00,19,4,San Jose Centro,20.4,93,4.7,9.9331,-84.0792
2026-06-05 20:00:00,20,4,San Jose Centro,21.5,88,6.9,9.9331,-84.0792
2026-06-05 21:00:00,21,4,San Jose Centro,19.4,100,5.5,9.9331,-84.0792
2026-06-05 22:00:00,22,4,San Jose Centro,19.2,100,2.7,9.9331,-84.0792
2026-06-05 23:00:00,23,4,San Jose Centro,19.6,97,0.7,9.9331,-84.0792
2026-06-06 00:00:00,0,5,San Jose Centro,19.0,98,4.3,9.9331,-84.0792
2026-06-06 01:00:00,1,5,San Jose Centro,19.0,98,4.4,9.9331,-84.0792
2026-06-06 02:00:00,2,5,San Jose Centro,18.9,99,3.6,9.9331,-84.0792
2026-06-06 03:00:00,3,5,San Jose Centro,18.9,98,1.8,9.9331,-84.0792
2026-06-06 04:00:00,4,5,San Jose Centro,18.9,98,1.1,9.9331,-84.0792
2026-06-06 05:00:00,5,5,San Jose Centro,19.0,98,2.8,9.9331,-84.0792
2026-06-06 06:00:00,6,5,San Jose Centro,19.0,96,0.7,9.9331,-84.0792
2026-06-06 07:00:00,7,5,San Jose Centro,18.7,98,1.2,9.9331,-84.0792
2026-06-06 08:00:00,8,5,San Jose Centro,18.8,96,2.4,9.9331,-84.0792
2026-06-06 09:00:00,9,5,San Jose Centro,18.7,95,1.4,9.9331,-84.0792
2026-06-06 10:00:00,10,5,San Jose Centro,18.7,95,0.3,9.9331,-84.0792
2026-06-06 11:00:00,11,5,San Jose Centro,18.6,94,3.6,9.9331,-84.0792
2026-06-06 12:00:00,12,5,San Jose Centro,19.4,95,2.1,9.9331,-84.0792
2026-06-06 13:00:00,13,5,San Jose Centro,20.0,93,1.3,9.9331,-84.0792
2026-06-06 14:00:00,14,5,San Jose Centro,20.9,87,2.7,9.9331,-84.0792
2026-06-06 15:00:00,15,5,San Jose Centro,22.0,81,4.0,9.9331,-84.0792
2026-06-06 16:00:00,16,5,San Jose Centro,22.8,80,6.2,9.9331,-84.0792
2026-06-06 17:00:00,17,5,San Jose Centro,23.0,75,7.6,9.9331,-84.0792
2026-06-06 18:00:00,18,5,San Jose Centro,24.0,66,9.7,9.9331,-84.0792
2026-06-06 19:00:00,19,5,San Jose Centro,22.3,85,8.1,9.9331,-84.0792
2026-06-06 20:00:00,20,5,San Jose Centro,21.0,92,5.4,9.9331,-84.0792
2026-06-06 21:00:00,21,5,San Jose Centro,20.1,98,6.1,9.9331,-84.0792
2026-06-06 22:00:00,22,5,San Jose Centro,20.1,97,5.1,9.9331,-84.0792
2026-06-06 23:00:00,23,5,San Jose Centro,20.0,96,3.3,9.9331,-84.0792
2026-06-07 00:00:00,0,6,San Jose Centro,19.4,98,2.8,9.9331,-84.0792
2026-06-07 01:00:00,1,6,San Jose Centro,18.9,99,1.6,9.9331,-84.0792
2026-06-07 02:00:00,2,6,San Jose Centro,18.6,99,1.2,9.9331,-84.0792
2026-06-07 03:00:00,3,6,San Jose Centro,18.9,97,1.5,9.9331,-84.0792
2026-06-07 04:00:00,4,6,San Jose Centro,18.6,98,1.0,9.9331,-84.0792
2026-06-07 05:00:00,5,6,San Jose Centro,18.5,99,1.2,9.9331,-84.0792
2026-06-07 06:00:00,6,6,San Jose Centro,18.6,98,2.1,9.9331,-84.0792
2026-06-07 07:00:00,7,6,San Jose Centro,18.5,99,1.3,9.9331,-84.0792
2026-06-07 08:00:00,8,6,San Jose Centro,18.6,99,1.5,9.9331,-84.0792
2026-06-07 09:00:00,9,6,San Jose Centro,18.6,99,1.4,9.9331,-84.0792
2026-06-07 10:00:00,10,6,San Jose Centro,18.6,98,1.5,9.9331,-84.0792
2026-06-07 11:00:00,11,6,San Jose Centro,18.4,99,3.1,9.9331,-84.0792
2026-06-07 12:00:00,12,6,San Jose Centro,19.1,97,2.1,9.9331,-84.0792
2026-06-07 13:00:00,13,6,San Jose Centro,19.6,97,0.6,9.9331,-84.0792
2026-06-07 14:00:00,14,6,San Jose Centro,20.2,88,3.7,9.9331,-84.0792
2026-06-07 15:00:00,15,6,San Jose Centro,20.3,95,1.7,9.9331,-84.0792
2026-06-07 16:00:00,16,6,San Jose Centro,20.4,93,2.6,9.9331,-84.0792
2026-06-07 17:00:00,17,6,San Jose Centro,20.2,97,4.5,9.9331,-84.0792
2026-06-07 18:00:00,18,6,San Jose Centro,19.5,94,6.1,9.9331,-84.0792
2026-06-07 19:00:00,19,6,San Jose Centro,19.8,98,6.9,9.9331,-84.0792
2026-06-07 20:00:00,20,6,San Jose Centro,19.1,97,8.0,9.9331,-84.0792
2026-06-07 21:00:00,21,6,San Jose Centro,19.1,97,8.4,9.9331,-84.0792
2026-06-07 22:00:00,22,6,San Jose Centro,18.8,98,7.5,9.9331,-84.0792
2026-06-07 23:00:00,23,6,San Jose Centro,18.5,99,4.4,9.9331,-84.0792
2026-06-08 00:00:00,0,0,San Jose Centro,18.8,98,7.1,9.9331,-84.0792
2026-06-08 01:00:00,1,0,San Jose Centro,18.4,98,4.9,9.9331,-84.0792
2026-06-08 02:00:00,2,0,San Jose Centro,18.2,98,5.0,9.9331,-84.0792
2026-06-08 03:00:00,3,0,San Jose Centro,18.2,99,4.8,9.9331,-84.0792
2026-06-08 04:00:00,4,0,San Jose Centro,18.3,99,4.3,9.9331,-84.0792
2026-06-08 05:00:00,5,0,San Jose Centro,18.2,98,4.2,9.9331,-84.0792
2026-06-08 06:00:00,6,0,San Jose Centro,17.9,99,9.0,9.9331,-84.0792
2026-06-08 07:00:00,7,0,San Jose Centro,17.5,98,8.9,9.9331,-84.0792
2026-06-08 08:00:00,8,0,San Jose Centro,17.5,98,7.2,9.9331,-84.0792
2026-06-08 09:00:00,9,0,San Jose Centro,17.4,98,6.2,9.9331,-84.0792
2026-06-08 10:00:00,10,0,San Jose Centro,17.4,98,5.2,9.9331,-84.0792
2026-06-08 11:00:00,11,0,San Jose Centro,17.4,97,4.5,9.9331,-84.0792
2026-06-08 12:00:00,12,0,San Jose Centro,17.8,98,5.6,9.9331,-84.0792
2026-06-08 13:00:00,13,0,San Jose Centro,18.0,96,5.5,9.9331,-84.0792
2026-06-08 14:00:00,14,0,San Jose Centro,18.5,92,6.0,9.9331,-84.0792
2026-06-08 15:00:00,15,0,San Jose Centro,18.9,89,8.8,9.9331,-84.0792
2026-06-08 16:00:00,16,0,San Jose Centro,19.8,86,8.8,9.9331,-84.0792
2026-06-08 17:00:00,17,0,San Jose Centro,20.4,85,9.0,9.9331,-84.0792
2026-06-08 18:00:00,18,0,San Jose Centro,20.3,85,8.6,9.9331,-84.0792
2026-06-08 19:00:00,19,0,San Jose Centro,20.3,82,10.3,9.9331,-84.0792
2026-06-08 20:00:00,20,0,San Jose Centro,21.0,79,10.8,9.9331,-84.0792
2026-06-08 21:00:00,21,0,San Jose Centro,18.9,89,9.4,9.9331,-84.0792
2026-06-08 22:00:00,22,0,San Jose Centro,18.3,96,9.4,9.9331,-84.0792
2026-06-08 23:00:00,23,0,San Jose Centro,18.5,89,6.0,9.9331,-84.0792
2026-06-09 00:00:00,0,1,San Jose Centro,18.7,92,5.1,9.9331,-84.0792
2026-06-09 01:00:00,1,1,San Jose Centro,18.2,92,5.3,9.9331,-84.0792
2026-06-09 02:00:00,2,1,San Jose Centro,18.0,90,3.5,9.9331,-84.0792
2026-06-09 03:00:00,3,1,San Jose Centro,17.8,88,3.2,9.9331,-84.0792
2026-06-09 04:00:00,4,1,San Jose Centro,17.5,89,4.1,9.9331,-84.0792
2026-06-09 05:00:00,5,1,San Jose Centro,17.4,91,6.2,9.9331,-84.0792
2026-06-09 06:00:00,6,1,San Jose Centro,17.9,91,2.5,9.9331,-84.0792
2026-06-09 07:00:00,7,1,San Jose Centro,17.4,93,1.5,9.9331,-84.0792
2026-06-09 08:00:00,8,1,San Jose Centro,17.3,91,2.3,9.9331,-84.0792
2026-06-09 09:00:00,9,1,San Jose Centro,17.1,88,6.9,9.9331,-84.0792
2026-06-09 10:00:00,10,1,San Jose Centro,17.0,89,8.0,9.9331,-84.0792
2026-06-09 11:00:00,11,1,San Jose Centro,17.0,91,8.1,9.9331,-84.0792
2026-06-09 12:00:00,12,1,San Jose Centro,17.6,94,4.7,9.9331,-84.0792
2026-06-09 13:00:00,13,1,San Jose Centro,18.0,95,4.5,9.9331,-84.0792
2026-06-09 14:00:00,14,1,San Jose Centro,18.3,90,3.6,9.9331,-84.0792
2026-06-09 15:00:00,15,1,San Jose Centro,18.8,87,2.3,9.9331,-84.0792
2026-06-09 16:00:00,16,1,San Jose Centro,20.0,81,2.0,9.9331,-84.0792
2026-06-09 17:00:00,17,1,San Jose Centro,19.5,82,2.9,9.9331,-84.0792
2026-06-09 18:00:00,18,1,San Jose Centro,20.2,79,2.3,9.9331,-84.0792
2026-06-09 19:00:00,19,1,San Jose Centro,20.9,75,3.1,9.9331,-84.0792
2026-06-09 20:00:00,20,1,San Jose Centro,20.9,75,4.1,9.9331,-84.0792
2026-06-09 21:00:00,21,1,San Jose Centro,19.9,80,4.3,9.9331,-84.0792
2026-06-09 22:00:00,22,1,San Jose Centro,19.3,84,0.5,9.9331,-84.0792
2026-06-09 23:00:00,23,1,San Jose Centro,19.3,85,1.6,9.9331,-84.0792
2026-06-10 00:00:00,0,2,San Jose Centro,19.4,92,3.4,9.9331,-84.0792
2026-06-10 01:00:00,1,2,San Jose Centro,19.1,93,2.5,9.9331,-84.0792
2026-06-10 02:00:00,2,2,San Jose Centro,18.8,96,3.5,9.9331,-84.0792
2026-06-10 03:00:00,3,2,San Jose Centro,18.4,98,2.7,9.9331,-84.0792
2026-06-10 04:00:00,4,2,San Jose Centro,18.4,98,2.3,9.9331,-84.0792
2026-06-10 05:00:00,5,2,San Jose Centro,18.6,97,1.8,9.9331,-84.0792
2026-06-10 06:00:00,6,2,San Jose Centro,17.7,98,2.4,9.9331,-84.0792
2026-06-10 07:00:00,7,2,San Jose Centro,17.6,98,1.5,9.9331,-84.0792
2026-06-10 08:00:00,8,2,San Jose Centro,17.9,96,2.0,9.9331,-84.0792
2026-06-10 09:00:00,9,2,San Jose Centro,18.1,95,0.5,9.9331,-84.0792
2026-06-10 10:00:00,10,2,San Jose Centro,18.1,95,1.7,9.9331,-84.0792
2026-06-10 11:00:00,11,2,San Jose Centro,18.3,94,0.4,9.9331,-84.0792
2026-06-10 12:00:00,12,2,San Jose Centro,18.4,97,1.8,9.9331,-84.0792
2026-06-10 13:00:00,13,2,San Jose Centro,19.2,93,1.8,9.9331,-84.0792
2026-06-10 14:00:00,14,2,San Jose Centro,20.0,85,1.7,9.9331,-84.0792
2026-06-10 15:00:00,15,2,San Jose Centro,20.3,81,2.6,9.9331,-84.0792
2026-06-10 16:00:00,16,2,San Jose Centro,22.1,73,6.2,9.9331,-84.0792
2026-06-10 17:00:00,17,2,San Jose Centro,22.0,74,6.5,9.9331,-84.0792
2026-06-10 18:00:00,18,2,San Jose Centro,22.3,74,7.6,9.9331,-84.0792
2026-06-10 19:00:00,19,2,San Jose Centro,22.6,74,8.1,9.9331,-84.0792
2026-06-10 20:00:00,20,2,San Jose Centro,20.6,87,8.6,9.9331,-84.0792
2026-06-10 21:00:00,21,2,San Jose Centro,19.7,96,6.0,9.9331,-84.0792
2026-06-10 22:00:00,22,2,San Jose Centro,19.9,96,4.4,9.9331,-84.0792
2026-06-10 23:00:00,23,2,San Jose Centro,19.7,97,3.9,9.9331,-84.0792
2026-06-11 00:00:00,0,3,San Jose Centro,19.6,95,3.0,9.9331,-84.0792
2026-06-11 01:00:00,1,3,San Jose Centro,19.3,97,1.3,9.9331,-84.0792
2026-06-11 02:00:00,2,3,San Jose Centro,19.1,97,3.9,9.9331,-84.0792
2026-06-11 03:00:00,3,3,San Jose Centro,18.8,96,5.2,9.9331,-84.0792
2026-06-11 04:00:00,4,3,San Jose Centro,18.5,96,5.4,9.9331,-84.0792
2026-06-11 05:00:00,5,3,San Jose Centro,17.9,97,8.2,9.9331,-84.0792
2026-06-11 06:00:00,6,3,San Jose Centro,18.2,92,7.9,9.9331,-84.0792
2026-06-11 07:00:00,7,3,San Jose Centro,18.1,92,8.7,9.9331,-84.0792
2026-06-11 08:00:00,8,3,San Jose Centro,17.9,92,8.5,9.9331,-84.0792
2026-06-11 09:00:00,9,3,San Jose Centro,17.2,94,9.1,9.9331,-84.0792
2026-06-11 10:00:00,10,3,San Jose Centro,16.6,94,9.8,9.9331,-84.0792
2026-06-11 11:00:00,11,3,San Jose Centro,16.5,93,10.0,9.9331,-84.0792
2026-06-11 12:00:00,12,3,San Jose Centro,17.1,90,8.6,9.9331,-84.0792
2026-06-11 13:00:00,13,3,San Jose Centro,20.6,82,6.3,9.9331,-84.0792
2026-06-11 14:00:00,14,3,San Jose Centro,23.3,67,1.8,9.9331,-84.0792
2026-06-11 15:00:00,15,3,San Jose Centro,25.1,59,2.5,9.9331,-84.0792
2026-06-11 16:00:00,16,3,San Jose Centro,25.8,58,6.9,9.9331,-84.0792
2026-06-11 17:00:00,17,3,San Jose Centro,25.8,57,10.3,9.9331,-84.0792
2026-06-11 18:00:00,18,3,San Jose Centro,26.7,50,10.2,9.9331,-84.0792
2026-06-11 19:00:00,19,3,San Jose Centro,25.9,56,12.0,9.9331,-84.0792
2026-06-11 20:00:00,20,3,San Jose Centro,24.7,66,10.4,9.9331,-84.0792
2026-06-11 21:00:00,21,3,San Jose Centro,23.7,70,7.8,9.9331,-84.0792
2026-06-11 22:00:00,22,3,San Jose Centro,22.8,76,4.8,9.9331,-84.0792
2026-06-11 23:00:00,23,3,San Jose Centro,22.3,81,3.0,9.9331,-84.0792
2026-06-12 00:00:00,0,4,San Jose Centro,21.8,86,3.2,9.9331,-84.0792
2026-06-12 01:00:00,1,4,San Jose Centro,21.5,87,0.9,9.9331,-84.0792
2026-06-12 02:00:00,2,4,San Jose Centro,20.8,89,6.1,9.9331,-84.0792
2026-06-12 03:00:00,3,4,San Jose Centro,19.9,91,8.0,9.9331,-84.0792
2026-06-12 04:00:00,4,4,San Jose Centro,19.6,89,9.2,9.9331,-84.0792
2026-06-12 05:00:00,5,4,San Jose Centro,19.7,86,8.5,9.9331,-84.0792
2026-06-12 06:00:00,6,4,San Jose Centro,18.7,88,9.3,9.9331,-84.0792
2026-06-12 07:00:00,7,4,San Jose Centro,18.6,88,10.0,9.9331,-84.0792
2026-06-12 08:00:00,8,4,San Jose Centro,19.2,85,9.4,9.9331,-84.0792
2026-06-12 09:00:00,9,4,San Jose Centro,19.2,84,9.5,9.9331,-84.0792
2026-06-12 10:00:00,10,4,San Jose Centro,19.2,83,9.8,9.9331,-84.0792
2026-06-12 11:00:00,11,4,San Jose Centro,19.2,83,10.3,9.9331,-84.0792
2026-06-12 12:00:00,12,4,San Jose Centro,19.8,81,7.7,9.9331,-84.0792
2026-06-12 13:00:00,13,4,San Jose Centro,21.4,75,6.7,9.9331,-84.0792
2026-06-12 14:00:00,14,4,San Jose Centro,23.6,69,6.4,9.9331,-84.0792
2026-06-12 15:00:00,15,4,San Jose Centro,25.2,64,4.8,9.9331,-84.0792
2026-06-12 16:00:00,16,4,San Jose Centro,26.6,61,4.5,9.9331,-84.0792
2026-06-12 17:00:00,17,4,San Jose Centro,26.9,62,3.4,9.9331,-84.0792
2026-06-12 18:00:00,18,4,San Jose Centro,27.1,59,1.3,9.9331,-84.0792
2026-06-12 19:00:00,19,4,San Jose Centro,26.2,63,4.0,9.9331,-84.0792
2026-06-12 20:00:00,20,4,San Jose Centro,25.8,64,4.4,9.9331,-84.0792
2026-06-12 21:00:00,21,4,San Jose Centro,26.2,61,5.1,9.9331,-84.0792
2026-06-12 22:00:00,22,4,San Jose Centro,26.1,60,4.8,9.9331,-84.0792
2026-06-12 23:00:00,23,4,San Jose Centro,24.8,66,3.2,9.9331,-84.0792
2026-06-13 00:00:00,0,5,San Jose Centro,23.4,76,2.3,9.9331,-84.0792
2026-06-13 01:00:00,1,5,San Jose Centro,22.6,79,2.9,9.9331,-84.0792
2026-06-13 02:00:00,2,5,San Jose Centro,22.1,80,4.3,9.9331,-84.0792
2026-06-13 03:00:00,3,5,San Jose Centro,21.5,80,5.0,9.9331,-84.0792
2026-06-13 04:00:00,4,5,San Jose Centro,21.0,82,6.3,9.9331,-84.0792
2026-06-13 05:00:00,5,5,San Jose Centro,20.0,87,7.0,9.9331,-84.0792
2026-06-13 06:00:00,6,5,San Jose Centro,20.0,87,8.5,9.9331,-84.0792
2026-06-13 07:00:00,7,5,San Jose Centro,19.9,83,8.5,9.9331,-84.0792
2026-06-13 08:00:00,8,5,San Jose Centro,19.6,78,8.9,9.9331,-84.0792
2026-06-13 09:00:00,9,5,San Jose Centro,19.3,77,10.6,9.9331,-84.0792
2026-06-13 10:00:00,10,5,San Jose Centro,19.3,75,10.4,9.9331,-84.0792
2026-06-13 11:00:00,11,5,San Jose Centro,19.1,77,11.0,9.9331,-84.0792
2026-06-13 12:00:00,12,5,San Jose Centro,18.9,80,11.0,9.9331,-84.0792
2026-06-13 13:00:00,13,5,San Jose Centro,21.2,73,10.6,9.9331,-84.0792
2026-06-13 14:00:00,14,5,San Jose Centro,23.4,67,10.5,9.9331,-84.0792
2026-06-13 15:00:00,15,5,San Jose Centro,25.3,61,8.6,9.9331,-84.0792
2026-06-13 16:00:00,16,5,San Jose Centro,26.5,58,7.3,9.9331,-84.0792
2026-06-13 17:00:00,17,5,San Jose Centro,26.9,57,9.8,9.9331,-84.0792
2026-06-13 18:00:00,18,5,San Jose Centro,27.1,58,7.7,9.9331,-84.0792
2026-06-13 19:00:00,19,5,San Jose Centro,27.0,58,9.9,9.9331,-84.0792
2026-06-13 20:00:00,20,5,San Jose Centro,26.6,59,9.3,9.9331,-84.0792
2026-06-13 21:00:00,21,5,San Jose Centro,26.2,60,4.8,9.9331,-84.0792
2026-06-13 22:00:00,22,5,San Jose Centro,23.5,71,4.8,9.9331,-84.0792
2026-06-13 23:00:00,23,5,San Jose Centro,23.4,74,3.1,9.9331,-84.0792
2026-06-14 00:00:00,0,6,San Jose Centro,22.5,78,0.8,9.9331,-84.0792
2026-06-14 01:00:00,1,6,San Jose Centro,22.0,83,2.0,9.9331,-84.0792
2026-06-14 02:00:00,2,6,San Jose Centro,21.9,82,6.3,9.9331,-84.0792
2026-06-14 03:00:00,3,6,San Jose Centro,21.4,85,2.9,9.9331,-84.0792
2026-06-14 04:00:00,4,6,San Jose Centro,20.5,88,5.8,9.9331,-84.0792
2026-06-14 05:00:00,5,6,San Jose Centro,19.5,91,7.9,9.9331,-84.0792
2026-06-14 06:00:00,6,6,San Jose Centro,19.2,90,6.2,9.9331,-84.0792
2026-06-14 07:00:00,7,6,San Jose Centro,18.9,89,8.4,9.9331,-84.0792
2026-06-14 08:00:00,8,6,San Jose Centro,19.0,85,8.8,9.9331,-84.0792
2026-06-14 09:00:00,9,6,San Jose Centro,19.0,83,9.1,9.9331,-84.0792
2026-06-14 10:00:00,10,6,San Jose Centro,19.1,82,8.6,9.9331,-84.0792
2026-06-14 11:00:00,11,6,San Jose Centro,18.6,84,9.7,9.9331,-84.0792
2026-06-14 12:00:00,12,6,San Jose Centro,20.7,80,8.6,9.9331,-84.0792
2026-06-14 13:00:00,13,6,San Jose Centro,21.4,76,8.5,9.9331,-84.0792
2026-06-14 14:00:00,14,6,San Jose Centro,21.7,76,7.0,9.9331,-84.0792
2026-06-14 15:00:00,15,6,San Jose Centro,24.8,66,9.5,9.9331,-84.0792
2026-06-14 16:00:00,16,6,San Jose Centro,24.2,67,13.0,9.9331,-84.0792
2026-06-14 17:00:00,17,6,San Jose Centro,25.0,66,4.1,9.9331,-84.0792
2026-06-14 18:00:00,18,6,San Jose Centro,27.1,59,2.3,9.9331,-84.0792
2026-06-14 19:00:00,19,6,San Jose Centro,27.3,57,5.7,9.9331,-84.0792
2026-06-14 20:00:00,20,6,San Jose Centro,24.8,69,10.7,9.9331,-84.0792
2026-06-14 21:00:00,21,6,San Jose Centro,23.1,82,7.5,9.9331,-84.0792
2026-06-14 22:00:00,22,6,San Jose Centro,21.3,87,3.9,9.9331,-84.0792
2026-06-14 23:00:00,23,6,San Jose Centro,20.9,91,2.7,9.9331,-84.0792
2026-06-15 00:00:00,0,0,San Jose Centro,21.0,89,2.3,9.9331,-84.0792
2026-06-15 01:00:00,1,0,San Jose Centro,21.3,89,1.0,9.9331,-84.0792
2026-06-15 02:00:00,2,0,San Jose Centro,21.1,90,1.5,9.9331,-84.0792
2026-06-15 03:00:00,3,0,San Jose Centro,20.8,92,0.5,9.9331,-84.0792
2026-06-15 04:00:00,4,0,San Jose Centro,20.3,94,1.6,9.9331,-84.0792
2026-06-15 05:00:00,5,0,San Jose Centro,19.8,94,5.8,9.9331,-84.0792
2026-06-15 06:00:00,6,0,San Jose Centro,20.1,93,5.7,9.9331,-84.0792
2026-06-15 07:00:00,7,0,San Jose Centro,19.7,92,8.9,9.9331,-84.0792
2026-06-15 08:00:00,8,0,San Jose Centro,19.4,89,9.2,9.9331,-84.0792
2026-06-15 09:00:00,9,0,San Jose Centro,18.9,88,8.8,9.9331,-84.0792
2026-06-15 10:00:00,10,0,San Jose Centro,18.3,88,9.4,9.9331,-84.0792
2026-06-15 11:00:00,11,0,San Jose Centro,18.1,87,8.2,9.9331,-84.0792
2026-06-15 12:00:00,12,0,San Jose Centro,19.4,82,8.5,9.9331,-84.0792
2026-06-15 13:00:00,13,0,San Jose Centro,21.7,75,6.5,9.9331,-84.0792
2026-06-15 14:00:00,14,0,San Jose Centro,23.0,72,8.3,9.9331,-84.0792
2026-06-15 15:00:00,15,0,San Jose Centro,23.9,67,9.3,9.9331,-84.0792
2026-06-15 16:00:00,16,0,San Jose Centro,25.7,63,5.2,9.9331,-84.0792
2026-06-15 17:00:00,17,0,San Jose Centro,27.0,59,7.2,9.9331,-84.0792
2026-06-15 18:00:00,18,0,San Jose Centro,28.0,49,4.1,9.9331,-84.0792
2026-06-15 19:00:00,19,0,San Jose Centro,26.7,53,3.1,9.9331,-84.0792
2026-06-15 20:00:00,20,0,San Jose Centro,24.2,73,9.7,9.9331,-84.0792
2026-06-15 21:00:00,21,0,San Jose Centro,23.0,78,6.2,9.9331,-84.0792
2026-06-15 22:00:00,22,0,San Jose Centro,21.3,84,2.0,9.9331,-84.0792
2026-06-15 23:00:00,23,0,San Jose Centro,21.4,89,4.6,9.9331,-84.0792
2026-06-16 00:00:00,0,1,San Jose Centro,22.1,85,2.7,9.9331,-84.0792
2026-06-16 01:00:00,1,1,San Jose Centro,21.3,93,4.5,9.9331,-84.0792
2026-06-16 02:00:00,2,1,San Jose Centro,20.7,95,2.4,9.9331,-84.0792
2026-06-16 03:00:00,3,1,San Jose Centro,20.7,93,0.6,9.9331,-84.0792
2026-06-16 04:00:00,4,1,San Jose Centro,20.4,93,3.4,9.9331,-84.0792
2026-06-16 05:00:00,5,1,San Jose Centro,20.2,91,5.4,9.9331,-84.0792
2026-06-16 06:00:00,6,1,San Jose Centro,19.9,86,6.3,9.9331,-84.0792
2026-06-16 07:00:00,7,1,San Jose Centro,19.9,84,5.4,9.9331,-84.0792
2026-06-16 08:00:00,8,1,San Jose Centro,19.9,83,5.2,9.9331,-84.0792
2026-06-16 09:00:00,9,1,San Jose Centro,19.7,83,6.2,9.9331,-84.0792
2026-06-16 10:00:00,10,1,San Jose Centro,19.6,82,6.5,9.9331,-84.0792
2026-06-16 11:00:00,11,1,San Jose Centro,19.2,84,4.0,9.9331,-84.0792
2026-06-16 12:00:00,12,1,San Jose Centro,19.4,87,6.8,9.9331,-84.0792
2026-06-16 13:00:00,13,1,San Jose Centro,21.5,78,3.8,9.9331,-84.0792
2026-06-16 14:00:00,14,1,San Jose Centro,23.0,71,4.7,9.9331,-84.0792
2026-06-16 15:00:00,15,1,San Jose Centro,24.5,66,5.5,9.9331,-84.0792
2026-06-16 16:00:00,16,1,San Jose Centro,25.7,63,4.5,9.9331,-84.0792
2026-06-16 17:00:00,17,1,San Jose Centro,26.0,62,5.4,9.9331,-84.0792
2026-06-16 18:00:00,18,1,San Jose Centro,25.7,62,3.7,9.9331,-84.0792
2026-06-16 19:00:00,19,1,San Jose Centro,23.0,73,6.0,9.9331,-84.0792
2026-06-16 20:00:00,20,1,San Jose Centro,22.2,81,9.2,9.9331,-84.0792
2026-06-16 21:00:00,21,1,San Jose Centro,19.6,97,6.0,9.9331,-84.0792
2026-06-16 22:00:00,22,1,San Jose Centro,19.5,97,3.1,9.9331,-84.0792
2026-06-16 23:00:00,23,1,San Jose Centro,19.6,92,4.2,9.9331,-84.0792
2026-06-17 00:00:00,0,2,San Jose Centro,19.5,92,0.4,9.9331,-84.0792
2026-06-17 01:00:00,1,2,San Jose Centro,19.7,93,2.0,9.9331,-84.0792
2026-06-17 02:00:00,2,2,San Jose Centro,19.5,93,3.5,9.9331,-84.0792
2026-06-17 03:00:00,3,2,San Jose Centro,19.5,92,4.4,9.9331,-84.0792
2026-06-17 04:00:00,4,2,San Jose Centro,19.5,90,4.3,9.9331,-84.0792
2026-06-17 05:00:00,5,2,San Jose Centro,19.1,92,4.5,9.9331,-84.0792
2026-06-17 06:00:00,6,2,San Jose Centro,18.7,86,8.9,9.9331,-84.0792
2026-06-17 07:00:00,7,2,San Jose Centro,18.3,86,10.4,9.9331,-84.0792
2026-06-17 08:00:00,8,2,San Jose Centro,18.5,83,10.8,9.9331,-84.0792
2026-06-17 09:00:00,9,2,San Jose Centro,18.9,80,8.6,9.9331,-84.0792
2026-06-17 10:00:00,10,2,San Jose Centro,18.9,80,8.1,9.9331,-84.0792
2026-06-17 11:00:00,11,2,San Jose Centro,18.8,80,9.0,9.9331,-84.0792
2026-06-17 12:00:00,12,2,San Jose Centro,18.4,81,10.5,9.9331,-84.0792
2026-06-17 13:00:00,13,2,San Jose Centro,20.6,72,11.2,9.9331,-84.0792
2026-06-17 14:00:00,14,2,San Jose Centro,22.5,63,11.5,9.9331,-84.0792
2026-06-17 15:00:00,15,2,San Jose Centro,23.2,63,10.9,9.9331,-84.0792
2026-06-17 16:00:00,16,2,San Jose Centro,24.6,60,9.2,9.9331,-84.0792
2026-06-17 17:00:00,17,2,San Jose Centro,24.7,61,7.0,9.9331,-84.0792
2026-06-17 18:00:00,18,2,San Jose Centro,25.3,59,5.8,9.9331,-84.0792
2026-06-17 19:00:00,19,2,San Jose Centro,24.5,60,9.2,9.9331,-84.0792
2026-06-17 20:00:00,20,2,San Jose Centro,24.5,62,7.3,9.9331,-84.0792
2026-06-17 21:00:00,21,2,San Jose Centro,24.0,66,3.9,9.9331,-84.0792
2026-06-17 22:00:00,22,2,San Jose Centro,22.9,73,7.4,9.9331,-84.0792
2026-06-17 23:00:00,23,2,San Jose Centro,21.9,80,7.1,9.9331,-84.0792
2026-06-18 00:00:00,0,3,San Jose Centro,20.1,90,5.0,9.9331,-84.0792
2026-06-18 01:00:00,1,3,San Jose Centro,19.6,94,3.7,9.9331,-84.0792
2026-06-18 02:00:00,2,3,San Jose Centro,19.4,97,3.8,9.9331,-84.0792
2026-06-18 03:00:00,3,3,San Jose Centro,19.2,98,1.3,9.9331,-84.0792
2026-06-18 04:00:00,4,3,San Jose Centro,19.3,98,0.3,9.9331,-84.0792
2026-06-18 05:00:00,5,3,San Jose Centro,19.5,95,0.4,9.9331,-84.0792
2026-06-18 06:00:00,6,3,San Jose Centro,19.3,95,1.5,9.9331,-84.0792
2026-06-18 07:00:00,7,3,San Jose Centro,19.2,94,3.5,9.9331,-84.0792
2026-06-18 08:00:00,8,3,San Jose Centro,19.1,94,4.3,9.9331,-84.0792
2026-06-18 09:00:00,9,3,San Jose Centro,18.7,94,6.5,9.9331,-84.0792
2026-06-18 10:00:00,10,3,San Jose Centro,18.6,90,8.5,9.9331,-84.0792
2026-06-18 11:00:00,11,3,San Jose Centro,18.6,88,9.4,9.9331,-84.0792
2026-06-18 12:00:00,12,3,San Jose Centro,19.3,84,10.8,9.9331,-84.0792
2026-06-18 13:00:00,13,3,San Jose Centro,20.1,76,11.4,9.9331,-84.0792
2026-06-18 14:00:00,14,3,San Jose Centro,21.0,72,9.9,9.9331,-84.0792
2026-06-18 15:00:00,15,3,San Jose Centro,23.1,67,7.8,9.9331,-84.0792
2026-06-18 16:00:00,16,3,San Jose Centro,25.6,59,1.6,9.9331,-84.0792
2026-06-18 17:00:00,17,3,San Jose Centro,25.1,61,8.9,9.9331,-84.0792
2026-06-18 18:00:00,18,3,San Jose Centro,25.3,59,9.7,9.9331,-84.0792
2026-06-18 19:00:00,19,3,San Jose Centro,23.6,66,4.2,9.9331,-84.0792
2026-06-18 20:00:00,20,3,San Jose Centro,22.3,76,1.1,9.9331,-84.0792
2026-06-18 21:00:00,21,3,San Jose Centro,22.2,78,1.6,9.9331,-84.0792
2026-06-18 22:00:00,22,3,San Jose Centro,22.2,79,1.1,9.9331,-84.0792
2026-06-18 23:00:00,23,3,San Jose Centro,22.1,78,1.5,9.9331,-84.0792
2026-06-19 00:00:00,0,4,San Jose Centro,21.5,81,3.8,9.9331,-84.0792
2026-06-19 01:00:00,1,4,San Jose Centro,20.7,85,2.7,9.9331,-84.0792
2026-06-19 02:00:00,2,4,San Jose Centro,19.8,91,1.4,9.9331,-84.0792
2026-06-19 03:00:00,3,4,San Jose Centro,19.2,93,1.0,9.9331,-84.0792
2026-06-19 04:00:00,4,4,San Jose Centro,18.7,94,1.0,9.9331,-84.0792
2026-06-19 05:00:00,5,4,San Jose Centro,18.7,93,2.4,9.9331,-84.0792
2026-06-19 06:00:00,6,4,San Jose Centro,18.6,94,3.0,9.9331,-84.0792
2026-06-19 07:00:00,7,4,San Jose Centro,18.2,91,5.3,9.9331,-84.0792
2026-06-19 08:00:00,8,4,San Jose Centro,17.7,88,8.3,9.9331,-84.0792
2026-06-19 09:00:00,9,4,San Jose Centro,17.3,86,9.0,9.9331,-84.0792
2026-06-19 10:00:00,10,4,San Jose Centro,17.2,84,9.5,9.9331,-84.0792
2026-06-19 11:00:00,11,4,San Jose Centro,17.9,82,9.1,9.9331,-84.0792
2026-06-19 12:00:00,12,4,San Jose Centro,19.0,79,9.9,9.9331,-84.0792
2026-06-19 13:00:00,13,4,San Jose Centro,20.7,73,8.4,9.9331,-84.0792
2026-06-19 14:00:00,14,4,San Jose Centro,22.6,68,5.7,9.9331,-84.0792
2026-06-19 15:00:00,15,4,San Jose Centro,24.7,62,5.9,9.9331,-84.0792
2026-06-19 16:00:00,16,4,San Jose Centro,26.1,57,4.0,9.9331,-84.0792
2026-06-19 17:00:00,17,4,San Jose Centro,25.9,57,7.2,9.9331,-84.0792
2026-06-19 18:00:00,18,4,San Jose Centro,26.4,52,5.4,9.9331,-84.0792
2026-06-19 19:00:00,19,4,San Jose Centro,25.4,54,2.6,9.9331,-84.0792
2026-06-19 20:00:00,20,4,San Jose Centro,24.1,61,2.6,9.9331,-84.0792
2026-06-19 21:00:00,21,4,San Jose Centro,22.8,71,3.6,9.9331,-84.0792
2026-06-19 22:00:00,22,4,San Jose Centro,22.3,75,2.1,9.9331,-84.0792
2026-06-19 23:00:00,23,4,San Jose Centro,22.1,76,1.6,9.9331,-84.0792
2026-06-20 00:00:00,0,5,San Jose Centro,20.7,88,1.8,9.9331,-84.0792
2026-06-20 01:00:00,1,5,San Jose Centro,20.5,92,1.3,9.9331,-84.0792
2026-06-20 02:00:00,2,5,San Jose Centro,20.0,95,2.1,9.9331,-84.0792
2026-06-20 03:00:00,3,5,San Jose Centro,20.2,91,3.7,9.9331,-84.0792
2026-06-20 04:00:00,4,5,San Jose Centro,19.9,89,6.2,9.9331,-84.0792
2026-06-20 05:00:00,5,5,San Jose Centro,19.2,87,7.3,9.9331,-84.0792
2026-06-20 06:00:00,6,5,San Jose Centro,19.0,80,8.8,9.9331,-84.0792
2026-06-20 07:00:00,7,5,San Jose Centro,18.5,80,8.5,9.9331,-84.0792
2026-06-20 08:00:00,8,5,San Jose Centro,18.1,80,9.6,9.9331,-84.0792
2026-06-20 09:00:00,9,5,San Jose Centro,17.9,79,9.9,9.9331,-84.0792
2026-06-20 10:00:00,10,5,San Jose Centro,17.8,78,9.2,9.9331,-84.0792
2026-06-20 11:00:00,11,5,San Jose Centro,17.5,79,10.4,9.9331,-84.0792
2026-06-20 12:00:00,12,5,San Jose Centro,18.4,77,9.7,9.9331,-84.0792
2026-06-20 13:00:00,13,5,San Jose Centro,20.7,73,9.2,9.9331,-84.0792
2026-06-20 14:00:00,14,5,San Jose Centro,22.8,67,8.3,9.9331,-84.0792
2026-06-20 15:00:00,15,5,San Jose Centro,24.4,64,6.8,9.9331,-84.0792
2026-06-20 16:00:00,16,5,San Jose Centro,25.6,57,11.4,9.9331,-84.0792
2026-06-20 17:00:00,17,5,San Jose Centro,23.9,69,10.2,9.9331,-84.0792
2026-06-20 18:00:00,18,5,San Jose Centro,26.8,50,0.8,9.9331,-84.0792
2026-06-20 19:00:00,19,5,San Jose Centro,25.2,60,7.0,9.9331,-84.0792
2026-06-20 20:00:00,20,5,San Jose Centro,24.8,65,8.6,9.9331,-84.0792
2026-06-20 21:00:00,21,5,San Jose Centro,22.8,76,6.1,9.9331,-84.0792
2026-06-20 22:00:00,22,5,San Jose Centro,21.6,81,4.0,9.9331,-84.0792
2026-06-20 23:00:00,23,5,San Jose Centro,21.4,85,3.5,9.9331,-84.0792
2026-06-21 00:00:00,0,6,San Jose Centro,20.1,91,2.3,9.9331,-84.0792
2026-06-21 01:00:00,1,6,San Jose Centro,19.8,95,2.6,9.9331,-84.0792
2026-06-21 02:00:00,2,6,San Jose Centro,19.9,96,6.4,9.9331,-84.0792
2026-06-21 03:00:00,3,6,San Jose Centro,20.1,95,4.3,9.9331,-84.0792
2026-06-21 04:00:00,4,6,San Jose Centro,20.0,93,5.6,9.9331,-84.0792
2026-06-21 05:00:00,5,6,San Jose Centro,19.2,95,6.3,9.9331,-84.0792
2026-06-21 06:00:00,6,6,San Jose Centro,18.6,93,9.3,9.9331,-84.0792
2026-06-21 07:00:00,7,6,San Jose Centro,18.4,90,9.6,9.9331,-84.0792
2026-06-21 08:00:00,8,6,San Jose Centro,18.3,88,8.6,9.9331,-84.0792
2026-06-21 09:00:00,9,6,San Jose Centro,18.5,87,7.9,9.9331,-84.0792
2026-06-21 10:00:00,10,6,San Jose Centro,18.6,86,8.7,9.9331,-84.0792
2026-06-21 11:00:00,11,6,San Jose Centro,18.8,83,9.4,9.9331,-84.0792
2026-06-21 12:00:00,12,6,San Jose Centro,19.2,84,10.1,9.9331,-84.0792
2026-06-21 13:00:00,13,6,San Jose Centro,21.6,74,8.3,9.9331,-84.0792
2026-06-21 14:00:00,14,6,San Jose Centro,23.6,67,5.7,9.9331,-84.0792
2026-06-21 15:00:00,15,6,San Jose Centro,24.9,63,1.7,9.9331,-84.0792
2026-06-21 16:00:00,16,6,San Jose Centro,25.8,61,5.6,9.9331,-84.0792
2026-06-21 17:00:00,17,6,San Jose Centro,23.6,71,10.5,9.9331,-84.0792
2026-06-21 18:00:00,18,6,San Jose Centro,24.5,69,6.3,9.9331,-84.0792
2026-06-21 19:00:00,19,6,San Jose Centro,23.2,76,5.1,9.9331,-84.0792
2026-06-21 20:00:00,20,6,San Jose Centro,23.2,77,5.7,9.9331,-84.0792
2026-06-21 21:00:00,21,6,San Jose Centro,22.7,80,5.5,9.9331,-84.0792
2026-06-21 22:00:00,22,6,San Jose Centro,20.5,90,1.8,9.9331,-84.0792
2026-06-21 23:00:00,23,6,San Jose Centro,19.5,94,3.8,9.9331,-84.0792
2026-06-22 00:00:00,0,0,San Jose Centro,20.3,96,4.3,9.9331,-84.0792
2026-06-22 01:00:00,1,0,San Jose Centro,19.9,96,1.1,9.9331,-84.0792
2026-06-22 02:00:00,2,0,San Jose Centro,20.0,94,2.7,9.9331,-84.0792
2026-06-22 03:00:00,3,0,San Jose Centro,19.8,95,1.5,9.9331,-84.0792
2026-06-22 04:00:00,4,0,San Jose Centro,20.0,93,2.6,9.9331,-84.0792
2026-06-22 05:00:00,5,0,San Jose Centro,19.9,93,7.7,9.9331,-84.0792
2026-06-22 06:00:00,6,0,San Jose Centro,20.0,91,6.7,9.9331,-84.0792
2026-06-22 07:00:00,7,0,San Jose Centro,19.4,90,8.6,9.9331,-84.0792
2026-06-22 08:00:00,8,0,San Jose Centro,18.9,90,7.6,9.9331,-84.0792
2026-06-22 09:00:00,9,0,San Jose Centro,18.8,90,5.0,9.9331,-84.0792
2026-06-22 10:00:00,10,0,San Jose Centro,19.0,87,6.9,9.9331,-84.0792
2026-06-22 11:00:00,11,0,San Jose Centro,18.9,87,6.7,9.9331,-84.0792
2026-06-22 12:00:00,12,0,San Jose Centro,19.2,85,8.7,9.9331,-84.0792
2026-06-22 13:00:00,13,0,San Jose Centro,20.8,79,8.3,9.9331,-84.0792
2026-06-22 14:00:00,14,0,San Jose Centro,21.4,75,11.2,9.9331,-84.0792
2026-06-22 15:00:00,15,0,San Jose Centro,22.1,75,10.6,9.9331,-84.0792
2026-06-22 16:00:00,16,0,San Jose Centro,22.2,78,7.6,9.9331,-84.0792
2026-06-22 17:00:00,17,0,San Jose Centro,21.7,84,7.6,9.9331,-84.0792
2026-06-22 18:00:00,18,0,San Jose Centro,21.6,85,6.2,9.9331,-84.0792
2026-06-22 19:00:00,19,0,San Jose Centro,22.2,81,8.3,9.9331,-84.0792
2026-06-22 20:00:00,20,0,San Jose Centro,23.0,74,9.3,9.9331,-84.0792
2026-06-22 21:00:00,21,0,San Jose Centro,22.9,76,9.5,9.9331,-84.0792
2026-06-22 22:00:00,22,0,San Jose Centro,21.7,82,6.3,9.9331,-84.0792
2026-06-22 23:00:00,23,0,San Jose Centro,20.8,91,5.3,9.9331,-84.0792
2026-06-23 00:00:00,0,1,San Jose Centro,20.6,92,5.1,9.9331,-84.0792
2026-06-23 01:00:00,1,1,San Jose Centro,19.8,92,7.2,9.9331,-84.0792
2026-06-23 02:00:00,2,1,San Jose Centro,19.4,89,8.9,9.9331,-84.0792
2026-06-23 03:00:00,3,1,San Jose Centro,19.3,86,10.3,9.9331,-84.0792
2026-06-23 04:00:00,4,1,San Jose Centro,19.0,86,10.4,9.9331,-84.0792
2026-06-23 05:00:00,5,1,San Jose Centro,19.2,84,9.1,9.9331,-84.0792
2026-06-23 06:00:00,6,1,San Jose Centro,19.5,83,8.3,9.9331,-84.0792
2026-06-23 07:00:00,7,1,San Jose Centro,19.1,84,9.9,9.9331,-84.0792
2026-06-23 08:00:00,8,1,San Jose Centro,18.7,85,10.1,9.9331,-84.0792
2026-06-23 09:00:00,9,1,San Jose Centro,18.8,83,11.4,9.9331,-84.0792
2026-06-23 10:00:00,10,1,San Jose Centro,18.4,82,12.1,9.9331,-84.0792
2026-06-23 11:00:00,11,1,San Jose Centro,18.2,81,13.3,9.9331,-84.0792
2026-06-23 12:00:00,12,1,San Jose Centro,19.3,80,13.5,9.9331,-84.0792
2026-06-23 13:00:00,13,1,San Jose Centro,20.7,75,14.9,9.9331,-84.0792
2026-06-23 14:00:00,14,1,San Jose Centro,22.7,69,16.6,9.9331,-84.0792
2026-06-23 15:00:00,15,1,San Jose Centro,24.3,64,15.6,9.9331,-84.0792
2026-06-23 16:00:00,16,1,San Jose Centro,24.8,62,15.0,9.9331,-84.0792
2026-06-23 17:00:00,17,1,San Jose Centro,25.4,60,11.4,9.9331,-84.0792
2026-06-23 18:00:00,18,1,San Jose Centro,24.7,63,11.1,9.9331,-84.0792
2026-06-23 19:00:00,19,1,San Jose Centro,25.3,62,10.5,9.9331,-84.0792
2026-06-23 20:00:00,20,1,San Jose Centro,25.1,65,8.3,9.9331,-84.0792
2026-06-23 21:00:00,21,1,San Jose Centro,23.0,79,6.2,9.9331,-84.0792
2026-06-23 22:00:00,22,1,San Jose Centro,22.6,77,4.6,9.9331,-84.0792
2026-06-23 23:00:00,23,1,San Jose Centro,22.7,76,6.9,9.9331,-84.0792
2026-06-24 00:00:00,0,2,San Jose Centro,23.0,73,2.5,9.9331,-84.0792
2026-06-24 01:00:00,1,2,San Jose Centro,22.0,77,1.8,9.9331,-84.0792
2026-06-24 02:00:00,2,2,San Jose Centro,21.1,83,2.3,9.9331,-84.0792
2026-06-24 03:00:00,3,2,San Jose Centro,20.3,88,4.4,9.9331,-84.0792
2026-06-24 04:00:00,4,2,San Jose Centro,19.7,89,5.5,9.9331,-84.0792
2026-06-24 05:00:00,5,2,San Jose Centro,19.1,88,9.4,9.9331,-84.0792
2026-06-24 06:00:00,6,2,San Jose Centro,19.2,82,11.6,9.9331,-84.0792
2026-06-24 07:00:00,7,2,San Jose Centro,19.1,80,12.4,9.9331,-84.0792
2026-06-24 08:00:00,8,2,San Jose Centro,19.0,78,13.2,9.9331,-84.0792
2026-06-24 09:00:00,9,2,San Jose Centro,18.4,82,13.5,9.9331,-84.0792
2026-06-24 10:00:00,10,2,San Jose Centro,18.7,80,14.5,9.9331,-84.0792
2026-06-24 11:00:00,11,2,San Jose Centro,19.0,80,15.9,9.9331,-84.0792
2026-06-24 12:00:00,12,2,San Jose Centro,19.5,80,12.6,9.9331,-84.0792
2026-06-24 13:00:00,13,2,San Jose Centro,20.7,76,13.3,9.9331,-84.0792
2026-06-24 14:00:00,14,2,San Jose Centro,22.2,68,17.3,9.9331,-84.0792
2026-06-24 15:00:00,15,2,San Jose Centro,23.5,62,18.5,9.9331,-84.0792
2026-06-24 16:00:00,16,2,San Jose Centro,24.4,58,16.7,9.9331,-84.0792
2026-06-24 17:00:00,17,2,San Jose Centro,25.3,56,13.7,9.9331,-84.0792
2026-06-24 18:00:00,18,2,San Jose Centro,26.2,48,17.1,9.9331,-84.0792
2026-06-24 19:00:00,19,2,San Jose Centro,25.3,53,15.0,9.9331,-84.0792
2026-06-24 20:00:00,20,2,San Jose Centro,24.8,55,15.3,9.9331,-84.0792
2026-06-24 21:00:00,21,2,San Jose Centro,24.7,55,13.9,9.9331,-84.0792
2026-06-24 22:00:00,22,2,San Jose Centro,23.6,59,13.8,9.9331,-84.0792
2026-06-24 23:00:00,23,2,San Jose Centro,22.3,65,11.4,9.9331,-84.0792
2026-06-25 00:00:00,0,3,San Jose Centro,21.0,70,11.4,9.9331,-84.0792
2026-06-25 01:00:00,1,3,San Jose Centro,20.1,73,13.8,9.9331,-84.0792
2026-06-25 02:00:00,2,3,San Jose Centro,19.9,73,17.1,9.9331,-84.0792
2026-06-25 03:00:00,3,3,San Jose Centro,19.8,73,15.1,9.9331,-84.0792
2026-06-25 04:00:00,4,3,San Jose Centro,19.7,74,13.9,9.9331,-84.0792
2026-06-25 05:00:00,5,3,San Jose Centro,19.4,76,12.3,9.9331,-84.0792
2026-06-25 06:00:00,6,3,San Jose Centro,19.0,78,11.9,9.9331,-84.0792
2026-06-25 07:00:00,7,3,San Jose Centro,18.8,77,13.7,9.9331,-84.0792
2026-06-25 08:00:00,8,3,San Jose Centro,18.7,77,13.9,9.9331,-84.0792
2026-06-25 09:00:00,9,3,San Jose Centro,18.5,78,13.7,9.9331,-84.0792
2026-06-25 10:00:00,10,3,San Jose Centro,18.2,79,13.5,9.9331,-84.0792
2026-06-25 11:00:00,11,3,San Jose Centro,18.4,79,13.5,9.9331,-84.0792
2026-06-25 12:00:00,12,3,San Jose Centro,20.0,76,13.2,9.9331,-84.0792
2026-06-25 13:00:00,13,3,San Jose Centro,20.7,70,11.3,9.9331,-84.0792
2026-06-25 14:00:00,14,3,San Jose Centro,23.0,58,12.1,9.9331,-84.0792
2026-06-25 15:00:00,15,3,San Jose Centro,24.4,51,11.9,9.9331,-84.0792
2026-06-25 16:00:00,16,3,San Jose Centro,25.8,46,10.5,9.9331,-84.0792
2026-06-25 17:00:00,17,3,San Jose Centro,27.0,46,9.5,9.9331,-84.0792
2026-06-25 18:00:00,18,3,San Jose Centro,27.4,48,7.6,9.9331,-84.0792
2026-06-25 19:00:00,19,3,San Jose Centro,27.0,52,8.9,9.9331,-84.0792
2026-06-25 20:00:00,20,3,San Jose Centro,27.4,52,4.5,9.9331,-84.0792
2026-06-25 21:00:00,21,3,San Jose Centro,24.9,63,6.6,9.9331,-84.0792
2026-06-25 22:00:00,22,3,San Jose Centro,24.1,68,4.5,9.9331,-84.0792
2026-06-25 23:00:00,23,3,San Jose Centro,23.5,71,4.3,9.9331,-84.0792
2026-06-26 00:00:00,0,4,San Jose Centro,22.8,74,3.7,9.9331,-84.0792
2026-06-26 01:00:00,1,4,San Jose Centro,22.1,77,7.9,9.9331,-84.0792
2026-06-26 02:00:00,2,4,San Jose Centro,21.6,78,11.4,9.9331,-84.0792
2026-06-26 03:00:00,3,4,San Jose Centro,21.0,79,11.5,9.9331,-84.0792
2026-06-26 04:00:00,4,4,San Jose Centro,20.8,78,10.8,9.9331,-84.0792
2026-06-26 05:00:00,5,4,San Jose Centro,20.5,79,11.9,9.9331,-84.0792
2026-06-26 06:00:00,6,4,San Jose Centro,20.1,78,10.1,9.9331,-84.0792
2026-06-26 07:00:00,7,4,San Jose Centro,19.6,80,8.7,9.9331,-84.0792
2026-06-26 08:00:00,8,4,San Jose Centro,19.0,83,8.8,9.9331,-84.0792
2026-06-26 09:00:00,9,4,San Jose Centro,18.8,84,8.9,9.9331,-84.0792
2026-06-26 10:00:00,10,4,San Jose Centro,18.9,82,9.5,9.9331,-84.0792
2026-06-26 11:00:00,11,4,San Jose Centro,19.9,78,9.4,9.9331,-84.0792
2026-06-26 12:00:00,12,4,San Jose Centro,20.8,78,7.9,9.9331,-84.0792
2026-06-26 13:00:00,13,4,San Jose Centro,21.9,74,8.6,9.9331,-84.0792
2026-06-26 14:00:00,14,4,San Jose Centro,23.7,68,8.8,9.9331,-84.0792
2026-06-26 15:00:00,15,4,San Jose Centro,25.6,62,13.7,9.9331,-84.0792
2026-06-26 16:00:00,16,4,San Jose Centro,25.8,59,14.8,9.9331,-84.0792
2026-06-26 17:00:00,17,4,San Jose Centro,26.5,58,12.6,9.9331,-84.0792
2026-06-26 18:00:00,18,4,San Jose Centro,26.9,54,10.6,9.9331,-84.0792
2026-06-26 19:00:00,19,4,San Jose Centro,27.1,53,7.7,9.9331,-84.0792
2026-06-26 20:00:00,20,4,San Jose Centro,26.3,56,6.4,9.9331,-84.0792
2026-06-26 21:00:00,21,4,San Jose Centro,25.6,60,8.4,9.9331,-84.0792
2026-06-26 22:00:00,22,4,San Jose Centro,24.5,64,7.8,9.9331,-84.0792
2026-06-26 23:00:00,23,4,San Jose Centro,23.3,71,11.0,9.9331,-84.0792
2026-06-27 00:00:00,0,5,San Jose Centro,23.6,71,6.0,9.9331,-84.0792
2026-06-27 01:00:00,1,5,San Jose Centro,22.8,75,7.3,9.9331,-84.0792
2026-06-27 02:00:00,2,5,San Jose Centro,22.1,78,9.6,9.9331,-84.0792
2026-06-27 03:00:00,3,5,San Jose Centro,21.1,80,10.5,9.9331,-84.0792
2026-06-27 04:00:00,4,5,San Jose Centro,20.8,80,11.2,9.9331,-84.0792
2026-06-27 05:00:00,5,5,San Jose Centro,21.0,77,11.4,9.9331,-84.0792
2026-06-27 06:00:00,6,5,San Jose Centro,20.8,75,11.7,9.9331,-84.0792
2026-06-27 07:00:00,7,5,San Jose Centro,20.4,77,11.6,9.9331,-84.0792
2026-06-27 08:00:00,8,5,San Jose Centro,20.6,76,10.9,9.9331,-84.0792
2026-06-27 09:00:00,9,5,San Jose Centro,20.8,75,11.3,9.9331,-84.0792
2026-06-27 10:00:00,10,5,San Jose Centro,20.7,76,11.8,9.9331,-84.0792
2026-06-27 11:00:00,11,5,San Jose Centro,20.5,77,11.3,9.9331,-84.0792
2026-06-27 12:00:00,12,5,San Jose Centro,20.6,78,11.7,9.9331,-84.0792
2026-06-27 13:00:00,13,5,San Jose Centro,22.0,71,11.4,9.9331,-84.0792
2026-06-27 14:00:00,14,5,San Jose Centro,23.2,67,11.2,9.9331,-84.0792
2026-06-27 15:00:00,15,5,San Jose Centro,25.8,57,11.5,9.9331,-84.0792
2026-06-27 16:00:00,16,5,San Jose Centro,26.6,55,11.8,9.9331,-84.0792
2026-06-27 17:00:00,17,5,San Jose Centro,27.2,54,12.5,9.9331,-84.0792
2026-06-27 18:00:00,18,5,San Jose Centro,27.6,52,13.9,9.9331,-84.0792
2026-06-27 19:00:00,19,5,San Jose Centro,26.2,56,11.6,9.9331,-84.0792
2026-06-27 20:00:00,20,5,San Jose Centro,26.4,53,12.2,9.9331,-84.0792
2026-06-27 21:00:00,21,5,San Jose Centro,25.6,57,10.1,9.9331,-84.0792
2026-06-27 22:00:00,22,5,San Jose Centro,24.9,61,10.7,9.9331,-84.0792
2026-06-27 23:00:00,23,5,San Jose Centro,23.4,66,9.3,9.9331,-84.0792
2026-06-28 00:00:00,0,6,San Jose Centro,22.6,68,10.4,9.9331,-84.0792
2026-06-28 01:00:00,1,6,San Jose Centro,22.0,68,13.6,9.9331,-84.0792
2026-06-28 02:00:00,2,6,San Jose Centro,21.6,67,17.2,9.9331,-84.0792
2026-06-28 03:00:00,3,6,San Jose Centro,21.0,67,16.4,9.9331,-84.0792
2026-06-28 04:00:00,4,6,San Jose Centro,20.9,64,17.5,9.9331,-84.0792
2026-06-28 05:00:00,5,6,San Jose Centro,20.3,67,18.1,9.9331,-84.0792
2026-06-28 06:00:00,6,6,San Jose Centro,19.6,68,17.5,9.9331,-84.0792
2026-06-28 07:00:00,7,6,San Jose Centro,19.4,67,17.4,9.9331,-84.0792
2026-06-28 08:00:00,8,6,San Jose Centro,19.5,68,17.8,9.9331,-84.0792
2026-06-28 09:00:00,9,6,San Jose Centro,19.2,70,19.0,9.9331,-84.0792
2026-06-28 10:00:00,10,6,San Jose Centro,19.2,72,17.7,9.9331,-84.0792
2026-06-28 11:00:00,11,6,San Jose Centro,19.7,74,17.2,9.9331,-84.0792
2026-06-28 12:00:00,12,6,San Jose Centro,19.9,73,16.4,9.9331,-84.0792
2026-06-28 13:00:00,13,6,San Jose Centro,21.3,65,15.3,9.9331,-84.0792
2026-06-28 14:00:00,14,6,San Jose Centro,23.5,52,17.2,9.9331,-84.0792
2026-06-28 15:00:00,15,6,San Jose Centro,25.5,43,17.5,9.9331,-84.0792
2026-06-28 16:00:00,16,6,San Jose Centro,26.4,42,17.6,9.9331,-84.0792
2026-06-28 17:00:00,17,6,San Jose Centro,26.9,43,14.5,9.9331,-84.0792
2026-06-28 18:00:00,18,6,San Jose Centro,27.3,45,11.9,9.9331,-84.0792
2026-06-28 19:00:00,19,6,San Jose Centro,27.6,45,13.7,9.9331,-84.0792
2026-06-28 20:00:00,20,6,San Jose Centro,27.1,46,13.6,9.9331,-84.0792
2026-06-28 21:00:00,21,6,San Jose Centro,26.3,49,13.9,9.9331,-84.0792
2026-06-28 22:00:00,22,6,San Jose Centro,25.1,52,14.5,9.9331,-84.0792
2026-06-28 23:00:00,23,6,San Jose Centro,23.8,57,12.4,9.9331,-84.0792
2026-06-29 00:00:00,0,0,San Jose Centro,22.1,66,11.8,9.9331,-84.0792
2026-06-29 01:00:00,1,0,San Jose Centro,21.6,67,13.9,9.9331,-84.0792
2026-06-29 02:00:00,2,0,San Jose Centro,21.0,67,14.3,9.9331,-84.0792
2026-06-29 03:00:00,3,0,San Jose Centro,20.6,67,13.4,9.9331,-84.0792
2026-06-29 04:00:00,4,0,San Jose Centro,20.1,68,12.8,9.9331,-84.0792
2026-06-29 05:00:00,5,0,San Jose Centro,19.3,69,12.6,9.9331,-84.0792
2026-06-29 06:00:00,6,0,San Jose Centro,19.6,65,13.6,9.9331,-84.0792
2026-06-29 07:00:00,7,0,San Jose Centro,19.4,63,14.0,9.9331,-84.0792
2026-06-29 08:00:00,8,0,San Jose Centro,18.9,63,11.6,9.9331,-84.0792
2026-06-29 09:00:00,9,0,San Jose Centro,18.3,66,11.0,9.9331,-84.0792
2026-06-29 10:00:00,10,0,San Jose Centro,17.8,70,11.9,9.9331,-84.0792
2026-06-29 11:00:00,11,0,San Jose Centro,17.6,73,12.5,9.9331,-84.0792
2026-06-29 12:00:00,12,0,San Jose Centro,18.8,74,11.6,9.9331,-84.0792
2026-06-29 13:00:00,13,0,San Jose Centro,21.5,67,11.9,9.9331,-84.0792
2026-06-29 14:00:00,14,0,San Jose Centro,24.2,61,14.1,9.9331,-84.0792
2026-06-29 15:00:00,15,0,San Jose Centro,26.1,54,13.1,9.9331,-84.0792
2026-06-29 16:00:00,16,0,San Jose Centro,27.1,51,11.3,9.9331,-84.0792
2026-06-29 17:00:00,17,0,San Jose Centro,28.1,50,10.7,9.9331,-84.0792
2026-06-29 18:00:00,18,0,San Jose Centro,28.1,50,10.5,9.9331,-84.0792
2026-06-29 19:00:00,19,0,San Jose Centro,27.7,52,12.5,9.9331,-84.0792
2026-06-29 20:00:00,20,0,San Jose Centro,26.3,57,13.1,9.9331,-84.0792
2026-06-29 21:00:00,21,0,San Jose Centro,25.4,62,11.9,9.9331,-84.0792
2026-06-29 22:00:00,22,0,San Jose Centro,25.0,64,9.9,9.9331,-84.0792
2026-06-29 23:00:00,23,0,San Jose Centro,24.0,69,10.8,9.9331,-84.0792
2026-06-30 00:00:00,0,1,San Jose Centro,22.9,73,9.4,9.9331,-84.0792
2026-06-30 01:00:00,1,1,San Jose Centro,21.7,78,11.0,9.9331,-84.0792
2026-06-30 02:00:00,2,1,San Jose Centro,21.2,78,11.2,9.9331,-84.0792
2026-06-30 03:00:00,3,1,San Jose Centro,20.9,76,13.5,9.9331,-84.0792
2026-06-30 04:00:00,4,1,San Jose Centro,20.8,74,15.0,9.9331,-84.0792
2026-06-30 05:00:00,5,1,San Jose Centro,20.8,74,15.3,9.9331,-84.0792
2026-06-30 06:00:00,6,1,San Jose Centro,20.8,75,14.1,9.9331,-84.0792
2026-06-30 07:00:00,7,1,San Jose Centro,20.6,76,13.9,9.9331,-84.0792
2026-06-30 08:00:00,8,1,San Jose Centro,20.1,78,12.8,9.9331,-84.0792
2026-06-30 09:00:00,9,1,San Jose Centro,20.1,77,11.2,9.9331,-84.0792
2026-06-30 10:00:00,10,1,San Jose Centro,20.1,78,10.2,9.9331,-84.0792
2026-06-30 11:00:00,11,1,San Jose Centro,20.4,78,11.0,9.9331,-84.0792
2026-06-30 12:00:00,12,1,San Jose Centro,20.8,79,9.8,9.9331,-84.0792
2026-06-30 13:00:00,13,1,San Jose Centro,21.9,74,11.0,9.9331,-84.0792
2026-06-30 14:00:00,14,1,San Jose Centro,23.7,67,10.6,9.9331,-84.0792
2026-06-30 15:00:00,15,1,San Jose Centro,25.8,58,11.1,9.9331,-84.0792
2026-06-30 16:00:00,16,1,San Jose Centro,27.4,50,11.8,9.9331,-84.0792
2026-06-30 17:00:00,17,1,San Jose Centro,28.0,49,11.2,9.9331,-84.0792
2026-06-30 18:00:00,18,1,San Jose Centro,28.6,49,9.0,9.9331,-84.0792
2026-06-30 19:00:00,19,1,San Jose Centro,27.6,52,8.7,9.9331,-84.0792
2026-06-30 20:00:00,20,1,San Jose Centro,26.8,56,10.4,9.9331,-84.0792
2026-06-30 21:00:00,21,1,San Jose Centro,26.2,58,10.1,9.9331,-84.0792
2026-06-30 22:00:00,22,1,San Jose Centro,25.2,61,10.1,9.9331,-84.0792
2026-06-30 23:00:00,23,1,San Jose Centro,24.0,66,9.2,9.9331,-84.0792
2026-07-01 00:00:00,0,2,San Jose Centro,23.4,66,7.3,9.9331,-84.0792
2026-07-01 01:00:00,1,2,San Jose Centro,22.3,70,7.8,9.9331,-84.0792
2026-07-01 02:00:00,2,2,San Jose Centro,22.1,72,8.3,9.9331,-84.0792
2026-07-01 03:00:00,3,2,San Jose Centro,21.8,73,10.1,9.9331,-84.0792
2026-07-01 04:00:00,4,2,San Jose Centro,21.6,75,10.7,9.9331,-84.0792
2026-07-01 05:00:00,5,2,San Jose Centro,21.4,77,10.9,9.9331,-84.0792
2026-07-01 06:00:00,6,2,San Jose Centro,21.4,75,7.5,9.9331,-84.0792
2026-07-01 07:00:00,7,2,San Jose Centro,21.2,76,8.3,9.9331,-84.0792
2026-07-01 08:00:00,8,2,San Jose Centro,21.0,77,9.2,9.9331,-84.0792
2026-07-01 09:00:00,9,2,San Jose Centro,21.0,77,8.8,9.9331,-84.0792
2026-07-01 10:00:00,10,2,San Jose Centro,21.0,77,8.6,9.9331,-84.0792
2026-07-01 11:00:00,11,2,San Jose Centro,21.0,78,10.3,9.9331,-84.0792
2026-07-01 12:00:00,12,2,San Jose Centro,21.2,77,6.2,9.9331,-84.0792
2026-07-01 13:00:00,13,2,San Jose Centro,21.8,75,7.1,9.9331,-84.0792
2026-07-01 14:00:00,14,2,San Jose Centro,23.9,65,7.7,9.9331,-84.0792
2026-07-01 15:00:00,15,2,San Jose Centro,25.6,57,9.6,9.9331,-84.0792
2026-07-01 16:00:00,16,2,San Jose Centro,26.9,52,12.8,9.9331,-84.0792
2026-07-01 17:00:00,17,2,San Jose Centro,27.5,50,11.1,9.9331,-84.0792
2026-07-01 18:00:00,18,2,San Jose Centro,28.8,43,10.6,9.9331,-84.0792
2026-07-01 19:00:00,19,2,San Jose Centro,28.1,46,7.5,9.9331,-84.0792
2026-07-01 20:00:00,20,2,San Jose Centro,26.8,52,10.0,9.9331,-84.0792
2026-07-01 21:00:00,21,2,San Jose Centro,25.9,57,10.4,9.9331,-84.0792
2026-07-01 22:00:00,22,2,San Jose Centro,24.9,60,11.0,9.9331,-84.0792
2026-07-01 23:00:00,23,2,San Jose Centro,23.7,65,9.0,9.9331,-84.0792
2026-07-02 00:00:00,0,3,San Jose Centro,22.6,72,8.1,9.9331,-84.0792
2026-07-02 01:00:00,1,3,San Jose Centro,21.8,76,9.0,9.9331,-84.0792
2026-07-02 02:00:00,2,3,San Jose Centro,21.1,79,8.3,9.9331,-84.0792
2026-07-02 03:00:00,3,3,San Jose Centro,20.9,79,8.9,9.9331,-84.0792
2026-07-02 04:00:00,4,3,San Jose Centro,20.8,78,6.4,9.9331,-84.0792
2026-07-02 05:00:00,5,3,San Jose Centro,20.7,79,6.6,9.9331,-84.0792
2026-07-02 06:00:00,6,3,San Jose Centro,21.0,78,6.0,9.9331,-84.0792
2026-07-02 07:00:00,7,3,San Jose Centro,20.8,79,7.6,9.9331,-84.0792
2026-07-02 08:00:00,8,3,San Jose Centro,20.6,80,6.9,9.9331,-84.0792
2026-07-02 09:00:00,9,3,San Jose Centro,20.5,80,8.4,9.9331,-84.0792
2026-07-02 10:00:00,10,3,San Jose Centro,20.6,78,10.4,9.9331,-84.0792
2026-07-02 11:00:00,11,3,San Jose Centro,20.6,79,11.4,9.9331,-84.0792
2026-07-02 12:00:00,12,3,San Jose Centro,21.4,77,6.6,9.9331,-84.0792
2026-07-02 13:00:00,13,3,San Jose Centro,22.0,74,9.2,9.9331,-84.0792
2026-07-02 14:00:00,14,3,San Jose Centro,23.4,68,9.9,9.9331,-84.0792
2026-07-02 15:00:00,15,3,San Jose Centro,25.1,63,9.5,9.9331,-84.0792
2026-07-02 16:00:00,16,3,San Jose Centro,26.0,60,9.7,9.9331,-84.0792
2026-07-02 17:00:00,17,3,San Jose Centro,25.2,65,4.3,9.9331,-84.0792
2026-07-02 18:00:00,18,3,San Jose Centro,22.2,88,7.0,9.9331,-84.0792
2026-07-02 19:00:00,19,3,San Jose Centro,21.6,92,9.4,9.9331,-84.0792
2026-07-02 20:00:00,20,3,San Jose Centro,21.6,91,4.6,9.9331,-84.0792
2026-07-02 21:00:00,21,3,San Jose Centro,22.3,86,3.2,9.9331,-84.0792
2026-07-02 22:00:00,22,3,San Jose Centro,22.4,83,4.9,9.9331,-84.0792
2026-07-02 23:00:00,23,3,San Jose Centro,21.7,85,6.2,9.9331,-84.0792
2026-07-03 00:00:00,0,4,San Jose Centro,22.9,73,6.8,9.9331,-84.0792
2026-07-03 01:00:00,1,4,San Jose Centro,21.8,80,8.7,9.9331,-84.0792
2026-07-03 02:00:00,2,4,San Jose Centro,21.3,81,9.9,9.9331,-84.0792
2026-07-03 03:00:00,3,4,San Jose Centro,20.8,83,13.3,9.9331,-84.0792
2026-07-03 04:00:00,4,4,San Jose Centro,20.6,81,13.5,9.9331,-84.0792
2026-07-03 05:00:00,5,4,San Jose Centro,20.4,81,14.6,9.9331,-84.0792
2026-07-03 06:00:00,6,4,San Jose Centro,20.8,81,13.9,9.9331,-84.0792
2026-07-03 07:00:00,7,4,San Jose Centro,20.5,83,12.9,9.9331,-84.0792
2026-07-03 08:00:00,8,4,San Jose Centro,20.2,84,12.1,9.9331,-84.0792
2026-07-03 09:00:00,9,4,San Jose Centro,19.9,86,10.3,9.9331,-84.0792
2026-07-03 10:00:00,10,4,San Jose Centro,20.0,86,9.2,9.9331,-84.0792
2026-07-03 11:00:00,11,4,San Jose Centro,19.9,86,11.7,9.9331,-84.0792
2026-07-03 12:00:00,12,4,San Jose Centro,20.9,82,6.8,9.9331,-84.0792
2026-07-03 13:00:00,13,4,San Jose Centro,21.6,77,9.8,9.9331,-84.0792
2026-07-03 14:00:00,14,4,San Jose Centro,22.2,76,10.7,9.9331,-84.0792
2026-07-03 15:00:00,15,4,San Jose Centro,23.0,73,10.1,9.9331,-84.0792
2026-07-03 16:00:00,16,4,San Jose Centro,25.1,64,10.9,9.9331,-84.0792
2026-07-03 17:00:00,17,4,San Jose Centro,24.8,66,11.3,9.9331,-84.0792
2026-07-03 18:00:00,18,4,San Jose Centro,25.4,62,8.8,9.9331,-84.0792
2026-07-03 19:00:00,19,4,San Jose Centro,24.3,69,8.6,9.9331,-84.0792
2026-07-03 20:00:00,20,4,San Jose Centro,24.2,68,8.3,9.9331,-84.0792
2026-07-03 21:00:00,21,4,San Jose Centro,24.2,67,7.3,9.9331,-84.0792
2026-07-03 22:00:00,22,4,San Jose Centro,23.9,69,2.7,9.9331,-84.0792
2026-07-03 23:00:00,23,4,San Jose Centro,21.6,80,4.5,9.9331,-84.0792
2026-07-04 00:00:00,0,5,San Jose Centro,22.4,70,7.8,9.9331,-84.0792
2026-07-04 01:00:00,1,5,San Jose Centro,21.0,76,9.4,9.9331,-84.0792
2026-07-04 02:00:00,2,5,San Jose Centro,19.6,85,11.0,9.9331,-84.0792
2026-07-04 03:00:00,3,5,San Jose Centro,19.2,92,11.0,9.9331,-84.0792
2026-07-04 04:00:00,4,5,San Jose Centro,19.6,90,9.9,9.9331,-84.0792
2026-07-04 05:00:00,5,5,San Jose Centro,19.6,89,9.6,9.9331,-84.0792
2026-07-04 06:00:00,6,5,San Jose Centro,19.4,90,11.0,9.9331,-84.0792
2026-07-04 07:00:00,7,5,San Jose Centro,19.3,88,11.9,9.9331,-84.0792
2026-07-04 08:00:00,8,5,San Jose Centro,19.5,84,12.3,9.9331,-84.0792
2026-07-04 09:00:00,9,5,San Jose Centro,19.4,85,13.3,9.9331,-84.0792
2026-07-04 10:00:00,10,5,San Jose Centro,18.7,92,12.2,9.9331,-84.0792
2026-07-04 11:00:00,11,5,San Jose Centro,18.8,92,13.2,9.9331,-84.0792
2026-07-04 12:00:00,12,5,San Jose Centro,18.9,93,10.1,9.9331,-84.0792
2026-07-04 13:00:00,13,5,San Jose Centro,19.0,93,12.1,9.9331,-84.0792
2026-07-04 14:00:00,14,5,San Jose Centro,20.2,91,13.3,9.9331,-84.0792
2026-07-04 15:00:00,15,5,San Jose Centro,22.7,75,11.2,9.9331,-84.0792
2026-07-04 16:00:00,16,5,San Jose Centro,23.1,72,11.0,9.9331,-84.0792
2026-07-04 17:00:00,17,5,San Jose Centro,23.3,71,11.0,9.9331,-84.0792
2026-07-04 18:00:00,18,5,San Jose Centro,23.2,72,12.5,9.9331,-84.0792
2026-07-04 19:00:00,19,5,San Jose Centro,21.8,82,12.9,9.9331,-84.0792
2026-07-04 20:00:00,20,5,San Jose Centro,21.4,86,9.9,9.9331,-84.0792
2026-07-04 21:00:00,21,5,San Jose Centro,21.8,83,9.6,9.9331,-84.0792
2026-07-04 22:00:00,22,5,San Jose Centro,21.6,83,9.6,9.9331,-84.0792
2026-07-04 23:00:00,23,5,San Jose Centro,21.4,82,8.5,9.9331,-84.0792
2026-07-05 00:00:00,0,6,San Jose Centro,20.6,85,9.0,9.9331,-84.0792
2026-07-05 01:00:00,1,6,San Jose Centro,19.3,84,10.0,9.9331,-84.0792
2026-07-05 02:00:00,2,6,San Jose Centro,18.8,85,11.1,9.9331,-84.0792
2026-07-05 03:00:00,3,6,San Jose Centro,18.7,84,10.6,9.9331,-84.0792
2026-07-05 04:00:00,4,6,San Jose Centro,18.7,81,9.7,9.9331,-84.0792
2026-07-05 05:00:00,5,6,San Jose Centro,18.7,79,9.0,9.9331,-84.0792
2026-07-05 06:00:00,6,6,San Jose Centro,18.6,83,2.3,9.9331,-84.0792
2026-07-05 07:00:00,7,6,San Jose Centro,18.3,86,5.8,9.9331,-84.0792
2026-07-05 08:00:00,8,6,San Jose Centro,18.1,84,7.6,9.9331,-84.0792
2026-07-05 09:00:00,9,6,San Jose Centro,18.2,78,9.7,9.9331,-84.0792
2026-07-05 10:00:00,10,6,San Jose Centro,18.2,75,10.5,9.9331,-84.0792
2026-07-05 11:00:00,11,6,San Jose Centro,18.1,75,10.5,9.9331,-84.0792
2026-07-05 12:00:00,12,6,San Jose Centro,18.9,79,9.6,9.9331,-84.0792
2026-07-05 13:00:00,13,6,San Jose Centro,19.3,75,8.4,9.9331,-84.0792
2026-07-05 14:00:00,14,6,San Jose Centro,19.6,76,7.4,9.9331,-84.0792
2026-07-05 15:00:00,15,6,San Jose Centro,21.9,69,4.3,9.9331,-84.0792
2026-07-05 16:00:00,16,6,San Jose Centro,24.4,61,2.8,9.9331,-84.0792
2026-07-05 17:00:00,17,6,San Jose Centro,24.9,60,4.0,9.9331,-84.0792
2026-07-05 18:00:00,18,6,San Jose Centro,27.1,51,5.4,9.9331,-84.0792
2026-07-05 19:00:00,19,6,San Jose Centro,27.1,52,4.9,9.9331,-84.0792
2026-07-05 20:00:00,20,6,San Jose Centro,24.4,64,4.3,9.9331,-84.0792
2026-07-05 21:00:00,21,6,San Jose Centro,24.1,68,5.1,9.9331,-84.0792
2026-07-05 22:00:00,22,6,San Jose Centro,24.0,68,1.0,9.9331,-84.0792
2026-07-05 23:00:00,23,6,San Jose Centro,22.7,76,2.2,9.9331,-84.0792
2026-07-06 00:00:00,0,0,San Jose Centro,22.2,82,2.0,9.9331,-84.0792
2026-07-06 01:00:00,1,0,San Jose Centro,21.2,86,6.7,9.9331,-84.0792
2026-07-06 02:00:00,2,0,San Jose Centro,21.0,83,8.7,9.9331,-84.0792
2026-07-06 03:00:00,3,0,San Jose Centro,20.6,82,9.6,9.9331,-84.0792
2026-07-06 04:00:00,4,0,San Jose Centro,20.4,82,10.1,9.9331,-84.0792
2026-07-06 05:00:00,5,0,San Jose Centro,20.1,83,9.6,9.9331,-84.0792
2026-07-06 06:00:00,6,0,San Jose Centro,20.0,79,10.3,9.9331,-84.0792
2026-07-06 07:00:00,7,0,San Jose Centro,19.9,77,10.9,9.9331,-84.0792
2026-07-06 08:00:00,8,0,San Jose Centro,19.6,80,10.3,9.9331,-84.0792
2026-07-06 09:00:00,9,0,San Jose Centro,19.8,81,10.5,9.9331,-84.0792
2026-07-06 10:00:00,10,0,San Jose Centro,19.9,79,11.0,9.9331,-84.0792
2026-07-06 11:00:00,11,0,San Jose Centro,19.8,79,10.8,9.9331,-84.0792
2026-07-06 12:00:00,12,0,San Jose Centro,19.9,82,10.9,9.9331,-84.0792
2026-07-06 13:00:00,13,0,San Jose Centro,20.9,78,12.3,9.9331,-84.0792
2026-07-06 14:00:00,14,0,San Jose Centro,22.2,72,12.3,9.9331,-84.0792
2026-07-06 15:00:00,15,0,San Jose Centro,24.9,61,14.7,9.9331,-84.0792
2026-07-06 16:00:00,16,0,San Jose Centro,26.3,56,12.4,9.9331,-84.0792
2026-07-06 17:00:00,17,0,San Jose Centro,27.6,54,11.0,9.9331,-84.0792
2026-07-06 18:00:00,18,0,San Jose Centro,25.6,59,8.2,9.9331,-84.0792
2026-07-06 19:00:00,19,0,San Jose Centro,25.4,62,7.9,9.9331,-84.0792
2026-07-06 20:00:00,20,0,San Jose Centro,25.6,63,9.8,9.9331,-84.0792
2026-07-06 21:00:00,21,0,San Jose Centro,24.6,68,10.9,9.9331,-84.0792
2026-07-06 22:00:00,22,0,San Jose Centro,23.7,72,11.3,9.9331,-84.0792
2026-07-06 23:00:00,23,0,San Jose Centro,22.9,76,11.8,9.9331,-84.0792
2026-07-07 00:00:00,0,1,San Jose Centro,22.6,75,11.3,9.9331,-84.0792
2026-07-07 01:00:00,1,1,San Jose Centro,22.1,75,12.6,9.9331,-84.0792
2026-07-07 02:00:00,2,1,San Jose Centro,22.0,75,14.1,9.9331,-84.0792
2026-07-07 03:00:00,3,1,San Jose Centro,21.6,77,14.6,9.9331,-84.0792
2026-07-07 04:00:00,4,1,San Jose Centro,21.5,78,14.6,9.9331,-84.0792
2026-07-07 05:00:00,5,1,San Jose Centro,21.2,78,14.1,9.9331,-84.0792
2026-07-07 06:00:00,6,1,San Jose Centro,20.7,75,14.3,9.9331,-84.0792
2026-07-07 07:00:00,7,1,San Jose Centro,20.1,75,14.8,9.9331,-84.0792
2026-07-07 08:00:00,8,1,San Jose Centro,19.5,75,14.6,9.9331,-84.0792
2026-07-07 09:00:00,9,1,San Jose Centro,19.4,75,14.6,9.9331,-84.0792
2026-07-07 10:00:00,10,1,San Jose Centro,19.6,76,13.7,9.9331,-84.0792
2026-07-07 11:00:00,11,1,San Jose Centro,19.9,77,12.4,9.9331,-84.0792
2026-07-07 12:00:00,12,1,San Jose Centro,20.6,75,10.2,9.9331,-84.0792
2026-07-07 13:00:00,13,1,San Jose Centro,21.8,73,10.1,9.9331,-84.0792
2026-07-07 14:00:00,14,1,San Jose Centro,23.3,69,11.8,9.9331,-84.0792
2026-07-07 15:00:00,15,1,San Jose Centro,24.6,65,12.4,9.9331,-84.0792
2026-07-07 16:00:00,16,1,San Jose Centro,26.9,55,12.7,9.9331,-84.0792
2026-07-07 17:00:00,17,1,San Jose Centro,27.3,55,10.4,9.9331,-84.0792
2026-07-07 18:00:00,18,1,San Jose Centro,27.7,53,9.0,9.9331,-84.0792
2026-07-07 19:00:00,19,1,San Jose Centro,28.0,53,8.4,9.9331,-84.0792
2026-07-07 20:00:00,20,1,San Jose Centro,28.2,53,10.6,9.9331,-84.0792
2026-07-07 21:00:00,21,1,San Jose Centro,26.8,58,11.1,9.9331,-84.0792
2026-07-07 22:00:00,22,1,San Jose Centro,25.5,63,11.8,9.9331,-84.0792
2026-07-07 23:00:00,23,1,San Jose Centro,24.3,67,11.9,9.9331,-84.0792
2026-07-08 00:00:00,0,2,San Jose Centro,22.9,74,9.8,9.9331,-84.0792
2026-07-08 01:00:00,1,2,San Jose Centro,22.0,74,10.6,9.9331,-84.0792
2026-07-08 02:00:00,2,2,San Jose Centro,22.0,69,11.7,9.9331,-84.0792
2026-07-08 03:00:00,3,2,San Jose Centro,21.4,70,13.2,9.9331,-84.0792
2026-07-08 04:00:00,4,2,San Jose Centro,20.9,69,13.3,9.9331,-84.0792
2026-07-08 05:00:00,5,2,San Jose Centro,20.6,69,13.0,9.9331,-84.0792
2026-07-08 06:00:00,6,2,San Jose Centro,20.7,70,9.7,9.9331,-84.0792
2026-07-08 07:00:00,7,2,San Jose Centro,20.7,72,10.8,9.9331,-84.0792
2026-07-08 08:00:00,8,2,San Jose Centro,20.3,74,11.5,9.9331,-84.0792
2026-07-08 09:00:00,9,2,San Jose Centro,20.1,77,12.0,9.9331,-84.0792
2026-07-08 10:00:00,10,2,San Jose Centro,20.2,78,11.4,9.9331,-84.0792
2026-07-08 11:00:00,11,2,San Jose Centro,20.4,78,10.8,9.9331,-84.0792
2026-07-08 12:00:00,12,2,San Jose Centro,21.0,77,8.4,9.9331,-84.0792
2026-07-08 13:00:00,13,2,San Jose Centro,22.0,74,9.2,9.9331,-84.0792
2026-07-08 14:00:00,14,2,San Jose Centro,23.9,67,9.7,9.9331,-84.0792
2026-07-08 15:00:00,15,2,San Jose Centro,26.2,58,9.1,9.9331,-84.0792
2026-07-08 16:00:00,16,2,San Jose Centro,27.5,53,7.9,9.9331,-84.0792
2026-07-08 17:00:00,17,2,San Jose Centro,28.3,52,8.1,9.9331,-84.0792
2026-07-08 18:00:00,18,2,San Jose Centro,28.6,52,8.8,9.9331,-84.0792
2026-07-08 19:00:00,19,2,San Jose Centro,29.0,53,9.0,9.9331,-84.0792
2026-07-08 20:00:00,20,2,San Jose Centro,28.4,53,7.0,9.9331,-84.0792
2026-07-08 21:00:00,21,2,San Jose Centro,26.9,58,3.7,9.9331,-84.0792
2026-07-08 22:00:00,22,2,San Jose Centro,26.5,60,5.7,9.9331,-84.0792
2026-07-08 23:00:00,23,2,San Jose Centro,25.5,64,5.2,9.9331,-84.0792
2026-07-09 00:00:00,0,3,San Jose Centro,24.2,69,3.1,9.9331,-84.0792
2026-07-09 01:00:00,1,3,San Jose Centro,23.6,72,4.7,9.9331,-84.0792
2026-07-09 02:00:00,2,3,San Jose Centro,23.1,75,5.8,9.9331,-84.0792
2026-07-09 03:00:00,3,3,San Jose Centro,22.7,76,7.4,9.9331,-84.0792
2026-07-09 04:00:00,4,3,San Jose Centro,22.2,77,9.3,9.9331,-84.0792
2026-07-09 05:00:00,5,3,San Jose Centro,21.7,78,8.1,9.9331,-84.0792
2026-07-09 06:00:00,6,3,San Jose Centro,21.6,77,7.2,9.9331,-84.0792
2026-07-09 07:00:00,7,3,San Jose Centro,21.2,79,7.2,9.9331,-84.0792
2026-07-09 08:00:00,8,3,San Jose Centro,20.9,81,7.7,9.9331,-84.0792
2026-07-09 09:00:00,9,3,San Jose Centro,20.9,80,6.7,9.9331,-84.0792
2026-07-09 10:00:00,10,3,San Jose Centro,21.0,79,7.4,9.9331,-84.0792
2026-07-09 11:00:00,11,3,San Jose Centro,21.1,78,9.0,9.9331,-84.0792
2026-07-09 12:00:00,12,3,San Jose Centro,21.6,77,9.4,9.9331,-84.0792
2026-07-09 13:00:00,13,3,San Jose Centro,22.4,76,10.1,9.9331,-84.0792
2026-07-09 14:00:00,14,3,San Jose Centro,23.5,73,11.7,9.9331,-84.0792
2026-07-09 15:00:00,15,3,San Jose Centro,24.7,69,9.9,9.9331,-84.0792
2026-07-09 16:00:00,16,3,San Jose Centro,25.5,64,11.1,9.9331,-84.0792
2026-07-09 17:00:00,17,3,San Jose Centro,26.3,61,10.9,9.9331,-84.0792
2026-07-09 18:00:00,18,3,San Jose Centro,26.6,60,8.2,9.9331,-84.0792
2026-07-09 19:00:00,19,3,San Jose Centro,26.3,61,11.7,9.9331,-84.0792
2026-07-09 20:00:00,20,3,San Jose Centro,26.4,62,8.7,9.9331,-84.0792
2026-07-09 21:00:00,21,3,San Jose Centro,26.2,63,8.8,9.9331,-84.0792
2026-07-09 22:00:00,22,3,San Jose Centro,25.4,65,6.7,9.9331,-84.0792
2026-07-09 23:00:00,23,3,San Jose Centro,24.4,69,4.9,9.9331,-84.0792
2026-07-10 00:00:00,0,4,San Jose Centro,23.7,70,6.5,9.9331,-84.0792
2026-07-10 01:00:00,1,4,San Jose Centro,22.9,73,6.6,9.9331,-84.0792
2026-07-10 02:00:00,2,4,San Jose Centro,22.3,75,7.4,9.9331,-84.0792
2026-07-10 03:00:00,3,4,San Jose Centro,21.9,77,8.7,9.9331,-84.0792
2026-07-10 04:00:00,4,4,San Jose Centro,21.6,78,9.3,9.9331,-84.0792
2026-07-10 05:00:00,5,4,San Jose Centro,21.0,81,9.6,9.9331,-84.0792
2026-07-10 06:00:00,6,4,San Jose Centro,20.9,80,8.5,9.9331,-84.0792
2026-07-10 07:00:00,7,4,San Jose Centro,20.7,80,9.4,9.9331,-84.0792
2026-07-10 08:00:00,8,4,San Jose Centro,20.4,81,9.2,9.9331,-84.0792
2026-07-10 09:00:00,9,4,San Jose Centro,20.6,79,8.3,9.9331,-84.0792
2026-07-10 10:00:00,10,4,San Jose Centro,20.6,80,8.4,9.9331,-84.0792
2026-07-10 11:00:00,11,4,San Jose Centro,20.6,80,9.2,9.9331,-84.0792
2026-07-10 12:00:00,12,4,San Jose Centro,21.0,80,7.6,9.9331,-84.0792
2026-07-10 13:00:00,13,4,San Jose Centro,22.1,74,8.1,9.9331,-84.0792
2026-07-10 14:00:00,14,4,San Jose Centro,24.3,65,7.0,9.9331,-84.0792
2026-07-10 15:00:00,15,4,San Jose Centro,26.0,60,3.5,9.9331,-84.0792
2026-07-10 16:00:00,16,4,San Jose Centro,26.3,60,3.1,9.9331,-84.0792
2026-07-10 17:00:00,17,4,San Jose Centro,24.4,68,3.8,9.9331,-84.0792
2026-07-10 18:00:00,18,4,San Jose Centro,25.8,62,3.2,9.9331,-84.0792
2026-07-10 19:00:00,19,4,San Jose Centro,22.8,76,4.4,9.9331,-84.0792
2026-07-10 20:00:00,20,4,San Jose Centro,22.4,81,0.2,9.9331,-84.0792
2026-07-10 21:00:00,21,4,San Jose Centro,23.2,79,1.0,9.9331,-84.0792
2026-07-10 22:00:00,22,4,San Jose Centro,23.6,76,1.9,9.9331,-84.0792
2026-07-10 23:00:00,23,4,San Jose Centro,23.5,75,2.2,9.9331,-84.0792
2026-07-11 00:00:00,0,5,San Jose Centro,22.6,75,9.7,9.9331,-84.0792
2026-07-11 01:00:00,1,5,San Jose Centro,21.9,78,7.9,9.9331,-84.0792
2026-07-11 02:00:00,2,5,San Jose Centro,21.7,78,2.0,9.9331,-84.0792
2026-07-11 03:00:00,3,5,San Jose Centro,21.6,80,5.8,9.9331,-84.0792
2026-07-11 04:00:00,4,5,San Jose Centro,21.3,82,7.0,9.9331,-84.0792
2026-07-11 05:00:00,5,5,San Jose Centro,21.2,82,6.7,9.9331,-84.0792
2026-07-11 06:00:00,6,5,San Jose Centro,20.5,89,5.4,9.9331,-84.0792
2026-07-11 07:00:00,7,5,San Jose Centro,20.1,90,5.9,9.9331,-84.0792
2026-07-11 08:00:00,8,5,San Jose Centro,19.4,93,5.6,9.9331,-84.0792
2026-07-11 09:00:00,9,5,San Jose Centro,19.2,93,6.5,9.9331,-84.0792
2026-07-11 10:00:00,10,5,San Jose Centro,19.1,90,9.7,9.9331,-84.0792
2026-07-11 11:00:00,11,5,San Jose Centro,19.0,88,10.1,9.9331,-84.0792
2026-07-11 12:00:00,12,5,San Jose Centro,19.9,83,8.5,9.9331,-84.0792
2026-07-11 13:00:00,13,5,San Jose Centro,21.0,78,8.2,9.9331,-84.0792
2026-07-11 14:00:00,14,5,San Jose Centro,22.6,73,6.8,9.9331,-84.0792
2026-07-11 15:00:00,15,5,San Jose Centro,24.7,65,5.2,9.9331,-84.0792
2026-07-11 16:00:00,16,5,San Jose Centro,25.1,64,6.0,9.9331,-84.0792
2026-07-11 17:00:00,17,5,San Jose Centro,26.6,59,2.6,9.9331,-84.0792
2026-07-11 18:00:00,18,5,San Jose Centro,26.4,58,2.4,9.9331,-84.0792
2026-07-11 19:00:00,19,5,San Jose Centro,23.3,71,4.7,9.9331,-84.0792
2026-07-11 20:00:00,20,5,San Jose Centro,22.8,78,3.6,9.9331,-84.0792
2026-07-11 21:00:00,21,5,San Jose Centro,22.9,77,2.8,9.9331,-84.0792
2026-07-11 22:00:00,22,5,San Jose Centro,22.6,77,1.5,9.9331,-84.0792
2026-07-11 23:00:00,23,5,San Jose Centro,21.8,82,2.2,9.9331,-84.0792
2026-07-12 00:00:00,0,6,San Jose Centro,21.8,77,6.2,9.9331,-84.0792
2026-07-12 01:00:00,1,6,San Jose Centro,21.2,80,8.0,9.9331,-84.0792
2026-07-12 02:00:00,2,6,San Jose Centro,21.0,81,8.2,9.9331,-84.0792
2026-07-12 03:00:00,3,6,San Jose Centro,20.7,81,8.5,9.9331,-84.0792
2026-07-12 04:00:00,4,6,San Jose Centro,20.6,81,7.6,9.9331,-84.0792
2026-07-12 05:00:00,5,6,San Jose Centro,20.2,81,8.3,9.9331,-84.0792
2026-07-12 06:00:00,6,6,San Jose Centro,19.9,81,8.5,9.9331,-84.0792
2026-07-12 07:00:00,7,6,San Jose Centro,19.8,80,8.0,9.9331,-84.0792
2026-07-12 08:00:00,8,6,San Jose Centro,19.6,80,7.9,9.9331,-84.0792
2026-07-12 09:00:00,9,6,San Jose Centro,19.6,80,8.6,9.9331,-84.0792
2026-07-12 10:00:00,10,6,San Jose Centro,19.7,80,8.1,9.9331,-84.0792
2026-07-12 11:00:00,11,6,San Jose Centro,19.4,82,7.7,9.9331,-84.0792
2026-07-12 12:00:00,12,6,San Jose Centro,19.6,85,9.7,9.9331,-84.0792
2026-07-12 13:00:00,13,6,San Jose Centro,20.5,78,8.0,9.9331,-84.0792
2026-07-12 14:00:00,14,6,San Jose Centro,21.9,73,5.8,9.9331,-84.0792
2026-07-12 15:00:00,15,6,San Jose Centro,23.7,66,6.1,9.9331,-84.0792
2026-07-12 16:00:00,16,6,San Jose Centro,24.7,61,6.6,9.9331,-84.0792
2026-07-12 17:00:00,17,6,San Jose Centro,25.8,58,4.5,9.9331,-84.0792
2026-07-12 18:00:00,18,6,San Jose Centro,25.0,60,6.2,9.9331,-84.0792
2026-07-12 19:00:00,19,6,San Jose Centro,24.2,64,6.0,9.9331,-84.0792
2026-07-12 20:00:00,20,6,San Jose Centro,24.3,64,6.4,9.9331,-84.0792
2026-07-12 21:00:00,21,6,San Jose Centro,24.3,64,6.7,9.9331,-84.0792
2026-07-12 22:00:00,22,6,San Jose Centro,23.8,67,7.2,9.9331,-84.0792
2026-07-12 23:00:00,23,6,San Jose Centro,23.0,71,8.2,9.9331,-84.0792
2026-07-13 00:00:00,0,0,San Jose Centro,22.5,72,5.7,9.9331,-84.0792
2026-07-13 01:00:00,1,0,San Jose Centro,21.6,74,7.8,9.9331,-84.0792
2026-07-13 02:00:00,2,0,San Jose Centro,20.9,79,8.7,9.9331,-84.0792
2026-07-13 03:00:00,3,0,San Jose Centro,20.6,80,8.9,9.9331,-84.0792
2026-07-13 04:00:00,4,0,San Jose Centro,20.3,81,7.4,9.9331,-84.0792
2026-07-13 05:00:00,5,0,San Jose Centro,19.9,82,7.7,9.9331,-84.0792
2026-07-13 06:00:00,6,0,San Jose Centro,19.5,82,7.1,9.9331,-84.0792
2026-07-13 07:00:00,7,0,San Jose Centro,19.3,80,7.6,9.9331,-84.0792
2026-07-13 08:00:00,8,0,San Jose Centro,19.3,79,7.0,9.9331,-84.0792
2026-07-13 09:00:00,9,0,San Jose Centro,19.2,79,7.0,9.9331,-84.0792
2026-07-13 10:00:00,10,0,San Jose Centro,19.1,80,7.3,9.9331,-84.0792
2026-07-13 11:00:00,11,0,San Jose Centro,19.1,80,8.9,9.9331,-84.0792
2026-07-13 12:00:00,12,0,San Jose Centro,19.9,81,6.5,9.9331,-84.0792
2026-07-13 13:00:00,13,0,San Jose Centro,21.3,74,5.3,9.9331,-84.0792
2026-07-13 14:00:00,14,0,San Jose Centro,23.2,67,3.6,9.9331,-84.0792
2026-07-13 15:00:00,15,0,San Jose Centro,24.6,63,6.3,9.9331,-84.0792
2026-07-13 16:00:00,16,0,San Jose Centro,24.6,63,7.3,9.9331,-84.0792
2026-07-13 17:00:00,17,0,San Jose Centro,25.8,59,4.2,9.9331,-84.0792
2026-07-13 18:00:00,18,0,San Jose Centro,27.6,48,4.7,9.9331,-84.0792
2026-07-13 19:00:00,19,0,San Jose Centro,23.4,71,5.9,9.9331,-84.0792
2026-07-13 20:00:00,20,0,San Jose Centro,24.1,66,4.9,9.9331,-84.0792
2026-07-13 21:00:00,21,0,San Jose Centro,23.6,66,7.7,9.9331,-84.0792
2026-07-13 22:00:00,22,0,San Jose Centro,23.3,67,8.9,9.9331,-84.0792
2026-07-13 23:00:00,23,0,San Jose Centro,22.8,70,9.0,9.9331,-84.0792
2026-07-14 00:00:00,0,1,San Jose Centro,21.0,75,11.2,9.9331,-84.0792
2026-07-14 01:00:00,1,1,San Jose Centro,20.4,73,11.7,9.9331,-84.0792
2026-07-14 02:00:00,2,1,San Jose Centro,20.3,73,10.7,9.9331,-84.0792
2026-07-14 03:00:00,3,1,San Jose Centro,19.9,75,10.3,9.9331,-84.0792
2026-07-14 04:00:00,4,1,San Jose Centro,19.4,78,11.2,9.9331,-84.0792
2026-07-14 05:00:00,5,1,San Jose Centro,18.9,83,10.6,9.9331,-84.0792
2026-07-14 06:00:00,6,1,San Jose Centro,18.7,80,11.3,9.9331,-84.0792
2026-07-14 07:00:00,7,1,San Jose Centro,18.6,81,11.2,9.9331,-84.0792
2026-07-14 08:00:00,8,1,San Jose Centro,18.5,81,10.6,9.9331,-84.0792
2026-07-14 09:00:00,9,1,San Jose Centro,18.5,82,11.3,9.9331,-84.0792
2026-07-14 10:00:00,10,1,San Jose Centro,19.0,78,12.1,9.9331,-84.0792
2026-07-14 11:00:00,11,1,San Jose Centro,19.0,77,11.2,9.9331,-84.0792
2026-07-14 12:00:00,12,1,San Jose Centro,19.0,80,10.1,9.9331,-84.0792
2026-07-14 13:00:00,13,1,San Jose Centro,20.4,72,10.8,9.9331,-84.0792
2026-07-14 14:00:00,14,1,San Jose Centro,23.4,58,10.8,9.9331,-84.0792
2026-07-14 15:00:00,15,1,San Jose Centro,25.8,53,12.2,9.9331,-84.0792
2026-07-14 16:00:00,16,1,San Jose Centro,26.8,51,10.7,9.9331,-84.0792
2026-07-14 17:00:00,17,1,San Jose Centro,27.2,50,8.6,9.9331,-84.0792
2026-07-14 18:00:00,18,1,San Jose Centro,26.0,55,8.3,9.9331,-84.0792
2026-07-14 19:00:00,19,1,San Jose Centro,25.1,60,11.1,9.9331,-84.0792
2026-07-14 20:00:00,20,1,San Jose Centro,24.7,61,8.5,9.9331,-84.0792
2026-07-14 21:00:00,21,1,San Jose Centro,24.6,63,10.1,9.9331,-84.0792
2026-07-14 22:00:00,22,1,San Jose Centro,24.1,67,13.3,9.9331,-84.0792
2026-07-14 23:00:00,23,1,San Jose Centro,23.0,70,11.7,9.9331,-84.0792
2026-07-15 00:00:00,0,2,San Jose Centro,22.8,67,11.6,9.9331,-84.0792
2026-07-15 01:00:00,1,2,San Jose Centro,21.9,71,12.0,9.9331,-84.0792
2026-07-15 02:00:00,2,2,San Jose Centro,21.6,73,13.1,9.9331,-84.0792
2026-07-15 03:00:00,3,2,San Jose Centro,21.4,75,13.0,9.9331,-84.0792
2026-07-15 04:00:00,4,2,San Jose Centro,21.3,74,13.4,9.9331,-84.0792
2026-07-15 05:00:00,5,2,San Jose Centro,20.9,75,13.1,9.9331,-84.0792
2026-07-15 06:00:00,6,2,San Jose Centro,20.7,74,12.7,9.9331,-84.0792
2026-07-15 07:00:00,7,2,San Jose Centro,20.2,76,11.6,9.9331,-84.0792
2026-07-15 08:00:00,8,2,San Jose Centro,20.2,76,9.7,9.9331,-84.0792
2026-07-15 09:00:00,9,2,San Jose Centro,20.3,78,10.2,9.9331,-84.0792
2026-07-15 10:00:00,10,2,San Jose Centro,20.6,76,12.4,9.9331,-84.0792
2026-07-15 11:00:00,11,2,San Jose Centro,19.8,79,13.7,9.9331,-84.0792
2026-07-15 12:00:00,12,2,San Jose Centro,20.7,75,11.3,9.9331,-84.0792
2026-07-15 13:00:00,13,2,San Jose Centro,21.8,70,11.2,9.9331,-84.0792
2026-07-15 14:00:00,14,2,San Jose Centro,24.0,63,11.5,9.9331,-84.0792
2026-07-15 15:00:00,15,2,San Jose Centro,25.8,57,11.2,9.9331,-84.0792
2026-07-15 16:00:00,16,2,San Jose Centro,26.7,54,11.3,9.9331,-84.0792
2026-07-15 17:00:00,17,2,San Jose Centro,27.6,51,7.5,9.9331,-84.0792
2026-07-15 18:00:00,18,2,San Jose Centro,28.2,50,7.8,9.9331,-84.0792
2026-07-15 19:00:00,19,2,San Jose Centro,27.8,52,8.4,9.9331,-84.0792
2026-07-15 20:00:00,20,2,San Jose Centro,27.4,52,10.7,9.9331,-84.0792
2026-07-15 21:00:00,21,2,San Jose Centro,26.5,56,4.7,9.9331,-84.0792
2026-07-15 22:00:00,22,2,San Jose Centro,26.1,57,5.5,9.9331,-84.0792
2026-07-15 23:00:00,23,2,San Jose Centro,25.3,61,7.6,9.9331,-84.0792
2026-07-16 00:00:00,0,3,San Jose Centro,23.5,68,6.3,9.9331,-84.0792
2026-07-16 01:00:00,1,3,San Jose Centro,22.4,72,6.9,9.9331,-84.0792
2026-07-16 02:00:00,2,3,San Jose Centro,22.1,73,8.1,9.9331,-84.0792
2026-07-16 03:00:00,3,3,San Jose Centro,21.9,73,8.8,9.9331,-84.0792
2026-07-16 04:00:00,4,3,San Jose Centro,21.6,75,10.1,9.9331,-84.0792
2026-07-16 05:00:00,5,3,San Jose Centro,21.2,76,10.7,9.9331,-84.0792
2026-07-16 06:00:00,6,3,San Jose Centro,21.2,73,9.6,9.9331,-84.0792
2026-07-16 07:00:00,7,3,San Jose Centro,20.7,75,9.9,9.9331,-84.0792
2026-07-16 08:00:00,8,3,San Jose Centro,20.7,75,11.5,9.9331,-84.0792
2026-07-16 09:00:00,9,3,San Jose Centro,20.7,73,13.0,9.9331,-84.0792
2026-07-16 10:00:00,10,3,San Jose Centro,20.4,76,10.6,9.9331,-84.0792
2026-07-16 11:00:00,11,3,San Jose Centro,20.4,77,10.3,9.9331,-84.0792
2026-07-16 12:00:00,12,3,San Jose Centro,21.1,76,11.6,9.9331,-84.0792
2026-07-16 13:00:00,13,3,San Jose Centro,22.0,73,13.6,9.9331,-84.0792
2026-07-16 14:00:00,14,3,San Jose Centro,23.1,69,13.4,9.9331,-84.0792
2026-07-16 15:00:00,15,3,San Jose Centro,25.6,59,13.8,9.9331,-84.0792
2026-07-16 16:00:00,16,3,San Jose Centro,27.5,51,11.9,9.9331,-84.0792
2026-07-16 17:00:00,17,3,San Jose Centro,28.0,49,9.9,9.9331,-84.0792
2026-07-16 18:00:00,18,3,San Jose Centro,28.6,48,11.4,9.9331,-84.0792
2026-07-16 19:00:00,19,3,San Jose Centro,27.5,52,11.6,9.9331,-84.0792
2026-07-16 20:00:00,20,3,San Jose Centro,26.1,58,10.9,9.9331,-84.0792
2026-07-16 21:00:00,21,3,San Jose Centro,25.1,61,9.3,9.9331,-84.0792
2026-07-16 22:00:00,22,3,San Jose Centro,24.6,64,7.3,9.9331,-84.0792
2026-07-16 23:00:00,23,3,San Jose Centro,23.9,67,7.9,9.9331,-84.0792
2026-07-17 00:00:00,0,4,San Jose Centro,23.4,72,9.7,9.9331,-84.0792
2026-07-17 01:00:00,1,4,San Jose Centro,22.2,77,10.7,9.9331,-84.0792
2026-07-17 02:00:00,2,4,San Jose Centro,21.2,85,7.7,9.9331,-84.0792
2026-07-17 03:00:00,3,4,San Jose Centro,20.7,87,10.1,9.9331,-84.0792
2026-07-17 04:00:00,4,4,San Jose Centro,20.6,85,11.0,9.9331,-84.0792
2026-07-17 05:00:00,5,4,San Jose Centro,21.1,78,14.0,9.9331,-84.0792
2026-07-17 06:00:00,6,4,San Jose Centro,20.9,77,12.3,9.9331,-84.0792
2026-07-17 07:00:00,7,4,San Jose Centro,20.6,78,11.5,9.9331,-84.0792
2026-07-17 08:00:00,8,4,San Jose Centro,20.5,79,11.0,9.9331,-84.0792
2026-07-17 09:00:00,9,4,San Jose Centro,20.6,79,10.3,9.9331,-84.0792
2026-07-17 10:00:00,10,4,San Jose Centro,20.6,79,12.2,9.9331,-84.0792
2026-07-17 11:00:00,11,4,San Jose Centro,20.7,78,14.9,9.9331,-84.0792
2026-07-17 12:00:00,12,4,San Jose Centro,21.7,77,12.3,9.9331,-84.0792
2026-07-17 13:00:00,13,4,San Jose Centro,22.3,74,13.0,9.9331,-84.0792
2026-07-17 14:00:00,14,4,San Jose Centro,23.4,69,14.5,9.9331,-84.0792
2026-07-17 15:00:00,15,4,San Jose Centro,25.2,62,13.1,9.9331,-84.0792
2026-07-17 16:00:00,16,4,San Jose Centro,26.5,56,13.1,9.9331,-84.0792
2026-07-17 17:00:00,17,4,San Jose Centro,26.9,54,14.1,9.9331,-84.0792
2026-07-17 18:00:00,18,4,San Jose Centro,28.3,49,13.5,9.9331,-84.0792
2026-07-17 19:00:00,19,4,San Jose Centro,27.1,55,14.6,9.9331,-84.0792
2026-07-17 20:00:00,20,4,San Jose Centro,26.3,58,12.8,9.9331,-84.0792
2026-07-17 21:00:00,21,4,San Jose Centro,25.3,62,12.4,9.9331,-84.0792
2026-07-17 22:00:00,22,4,San Jose Centro,24.4,67,12.0,9.9331,-84.0792
2026-07-17 23:00:00,23,4,San Jose Centro,23.4,71,11.0,9.9331,-84.0792
2026-07-18 00:00:00,0,5,San Jose Centro,23.0,73,9.0,9.9331,-84.0792
2026-07-18 01:00:00,1,5,San Jose Centro,21.9,78,9.9,9.9331,-84.0792
2026-07-18 02:00:00,2,5,San Jose Centro,21.5,79,8.4,9.9331,-84.0792
2026-07-18 03:00:00,3,5,San Jose Centro,21.3,80,8.0,9.9331,-84.0792
2026-07-18 04:00:00,4,5,San Jose Centro,21.0,81,8.5,9.9331,-84.0792
2026-07-18 05:00:00,5,5,San Jose Centro,21.0,80,9.4,9.9331,-84.0792
2026-07-18 06:00:00,6,5,San Jose Centro,21.2,79,10.6,9.9331,-84.0792
2026-07-18 07:00:00,7,5,San Jose Centro,20.6,80,9.8,9.9331,-84.0792
2026-07-18 08:00:00,8,5,San Jose Centro,20.6,79,9.0,9.9331,-84.0792
2026-07-18 09:00:00,9,5,San Jose Centro,20.4,79,8.7,9.9331,-84.0792
2026-07-18 10:00:00,10,5,San Jose Centro,20.5,78,9.6,9.9331,-84.0792
2026-07-18 11:00:00,11,5,San Jose Centro,20.4,79,10.3,9.9331,-84.0792
2026-07-18 12:00:00,12,5,San Jose Centro,21.2,76,8.8,9.9331,-84.0792
2026-07-18 13:00:00,13,5,San Jose Centro,21.7,74,8.8,9.9331,-84.0792
2026-07-18 14:00:00,14,5,San Jose Centro,23.1,69,9.0,9.9331,-84.0792
2026-07-18 15:00:00,15,5,San Jose Centro,24.5,63,9.4,9.9331,-84.0792
2026-07-18 16:00:00,16,5,San Jose Centro,25.7,57,7.9,9.9331,-84.0792
2026-07-18 17:00:00,17,5,San Jose Centro,26.9,53,9.1,9.9331,-84.0792
2026-07-18 18:00:00,18,5,San Jose Centro,27.7,49,10.9,9.9331,-84.0792
2026-07-18 19:00:00,19,5,San Jose Centro,26.3,55,12.7,9.9331,-84.0792
2026-07-18 20:00:00,20,5,San Jose Centro,25.9,56,11.0,9.9331,-84.0792
2026-07-18 21:00:00,21,5,San Jose Centro,25.9,54,10.6,9.9331,-84.0792
2026-07-18 22:00:00,22,5,San Jose Centro,24.3,60,9.2,9.9331,-84.0792
2026-07-18 23:00:00,23,5,San Jose Centro,22.8,66,8.9,9.9331,-84.0792
2026-07-19 00:00:00,0,6,San Jose Centro,22.0,74,8.2,9.9331,-84.0792
2026-07-19 01:00:00,1,6,San Jose Centro,20.9,78,8.5,9.9331,-84.0792
2026-07-19 02:00:00,2,6,San Jose Centro,20.7,77,9.7,9.9331,-84.0792
2026-07-19 03:00:00,3,6,San Jose Centro,20.3,77,10.4,9.9331,-84.0792
2026-07-19 04:00:00,4,6,San Jose Centro,20.0,78,9.6,9.9331,-84.0792
2026-07-19 05:00:00,5,6,San Jose Centro,19.7,80,10.2,9.9331,-84.0792
2026-07-19 06:00:00,6,6,San Jose Centro,20.7,77,6.8,9.9331,-84.0792
2026-07-19 07:00:00,7,6,San Jose Centro,20.1,79,8.1,9.9331,-84.0792
2026-07-19 08:00:00,8,6,San Jose Centro,19.9,80,7.2,9.9331,-84.0792
2026-07-19 09:00:00,9,6,San Jose Centro,19.6,80,8.5,9.9331,-84.0792
2026-07-19 10:00:00,10,6,San Jose Centro,19.6,78,9.4,9.9331,-84.0792
2026-07-19 11:00:00,11,6,San Jose Centro,19.7,77,9.1,9.9331,-84.0792
2026-07-19 12:00:00,12,6,San Jose Centro,20.0,77,7.6,9.9331,-84.0792
2026-07-19 13:00:00,13,6,San Jose Centro,20.5,76,7.1,9.9331,-84.0792
2026-07-19 14:00:00,14,6,San Jose Centro,22.3,68,7.8,9.9331,-84.0792
2026-07-19 15:00:00,15,6,San Jose Centro,23.4,64,8.4,9.9331,-84.0792
2026-07-19 16:00:00,16,6,San Jose Centro,24.1,63,8.2,9.9331,-84.0792
2026-07-19 17:00:00,17,6,San Jose Centro,25.7,55,9.4,9.9331,-84.0792
2026-07-19 18:00:00,18,6,San Jose Centro,25.8,54,9.5,9.9331,-84.0792
2026-07-19 19:00:00,19,6,San Jose Centro,25.8,53,9.6,9.9331,-84.0792
2026-07-19 20:00:00,20,6,San Jose Centro,25.8,52,11.0,9.9331,-84.0792
2026-07-19 21:00:00,21,6,San Jose Centro,24.2,60,13.5,9.9331,-84.0792
2026-07-19 22:00:00,22,6,San Jose Centro,23.1,65,13.0,9.9331,-84.0792
2026-07-19 23:00:00,23,6,San Jose Centro,22.0,71,10.6,9.9331,-84.0792
2026-07-20 00:00:00,0,0,San Jose Centro,21.8,72,7.6,9.9331,-84.0792
2026-07-20 01:00:00,1,0,San Jose Centro,20.9,76,10.1,9.9331,-84.0792
2026-07-20 02:00:00,2,0,San Jose Centro,20.4,77,9.5,9.9331,-84.0792
2026-07-20 03:00:00,3,0,San Jose Centro,20.1,79,8.5,9.9331,-84.0792
2026-07-20 04:00:00,4,0,San Jose Centro,19.1,94,7.4,9.9331,-84.0792
2026-07-20 05:00:00,5,0,San Jose Centro,19.2,94,7.5,9.9331,-84.0792
2026-07-20 06:00:00,6,0,San Jose Centro,19.0,93,8.1,9.9331,-84.0792
2026-07-20 07:00:00,7,0,San Jose Centro,18.5,92,9.4,9.9331,-84.0792
2026-07-20 08:00:00,8,0,San Jose Centro,18.5,92,8.1,9.9331,-84.0792
2026-07-20 09:00:00,9,0,San Jose Centro,18.3,96,7.5,9.9331,-84.0792
2026-07-20 10:00:00,10,0,San Jose Centro,18.3,94,8.6,9.9331,-84.0792
2026-07-20 11:00:00,11,0,San Jose Centro,18.5,92,10.4,9.9331,-84.0792
2026-07-20 12:00:00,12,0,San Jose Centro,18.6,93,11.9,9.9331,-84.0792
2026-07-20 13:00:00,13,0,San Jose Centro,18.8,93,12.5,9.9331,-84.0792
2026-07-20 14:00:00,14,0,San Jose Centro,18.9,93,11.6,9.9331,-84.0792
2026-07-20 15:00:00,15,0,San Jose Centro,19.3,92,12.1,9.9331,-84.0792
2026-07-20 16:00:00,16,0,San Jose Centro,20.2,89,10.8,9.9331,-84.0792
2026-07-20 17:00:00,17,0,San Jose Centro,20.8,89,10.3,9.9331,-84.0792
2026-07-20 18:00:00,18,0,San Jose Centro,22.3,83,9.1,9.9331,-84.0792
2026-07-20 19:00:00,19,0,San Jose Centro,21.7,83,9.9,9.9331,-84.0792
2026-07-20 20:00:00,20,0,San Jose Centro,21.4,86,9.7,9.9331,-84.0792
2026-07-20 21:00:00,21,0,San Jose Centro,21.3,88,9.7,9.9331,-84.0792
2026-07-20 22:00:00,22,0,San Jose Centro,20.6,92,10.8,9.9331,-84.0792
2026-07-20 23:00:00,23,0,San Jose Centro,20.0,94,11.2,9.9331,-84.0792
2026-07-21 00:00:00,0,1,San Jose Centro,20.1,94,5.7,9.9331,-84.0792
2026-07-21 01:00:00,1,1,San Jose Centro,19.8,94,5.9,9.9331,-84.0792
2026-07-21 02:00:00,2,1,San Jose Centro,19.3,95,6.7,9.9331,-84.0792
2026-07-21 03:00:00,3,1,San Jose Centro,19.0,93,6.9,9.9331,-84.0792
2026-07-21 04:00:00,4,1,San Jose Centro,18.6,93,8.8,9.9331,-84.0792
2026-07-21 05:00:00,5,1,San Jose Centro,18.2,92,8.9,9.9331,-84.0792
2026-07-21 06:00:00,6,1,San Jose Centro,18.1,92,8.3,9.9331,-84.0792
2026-07-21 07:00:00,7,1,San Jose Centro,17.6,91,9.0,9.9331,-84.0792
2026-07-21 08:00:00,8,1,San Jose Centro,17.4,89,9.2,9.9331,-84.0792
2026-07-21 09:00:00,9,1,San Jose Centro,17.8,87,9.0,9.9331,-84.0792
2026-07-21 10:00:00,10,1,San Jose Centro,17.7,86,9.4,9.9331,-84.0792
2026-07-21 11:00:00,11,1,San Jose Centro,17.5,86,10.1,9.9331,-84.0792
2026-07-21 12:00:00,12,1,San Jose Centro,18.8,85,10.5,9.9331,-84.0792
2026-07-21 13:00:00,13,1,San Jose Centro,20.1,79,11.0,9.9331,-84.0792
2026-07-21 14:00:00,14,1,San Jose Centro,21.7,72,11.0,9.9331,-84.0792
2026-07-21 15:00:00,15,1,San Jose Centro,22.6,69,10.3,9.9331,-84.0792
2026-07-21 16:00:00,16,1,San Jose Centro,23.0,67,9.2,9.9331,-84.0792
2026-07-21 17:00:00,17,1,San Jose Centro,24.1,63,7.7,9.9331,-84.0792
2026-07-21 18:00:00,18,1,San Jose Centro,25.3,58,5.2,9.9331,-84.0792
2026-07-21 19:00:00,19,1,San Jose Centro,25.4,60,6.4,9.9331,-84.0792
2026-07-21 20:00:00,20,1,San Jose Centro,23.8,70,4.7,9.9331,-84.0792
2026-07-21 21:00:00,21,1,San Jose Centro,20.9,88,4.6,9.9331,-84.0792
2026-07-21 22:00:00,22,1,San Jose Centro,21.1,92,2.9,9.9331,-84.0792
2026-07-21 23:00:00,23,1,San Jose Centro,21.1,91,3.6,9.9331,-84.0792
2026-07-22 00:00:00,0,2,San Jose Centro,20.8,91,5.1,9.9331,-84.0792
2026-07-22 01:00:00,1,2,San Jose Centro,20.4,94,5.2,9.9331,-84.0792
2026-07-22 02:00:00,2,2,San Jose Centro,20.1,93,7.6,9.9331,-84.0792
2026-07-22 03:00:00,3,2,San Jose Centro,19.8,93,8.1,9.9331,-84.0792
2026-07-22 04:00:00,4,2,San Jose Centro,19.8,93,8.5,9.9331,-84.0792
2026-07-22 05:00:00,5,2,San Jose Centro,19.7,91,6.8,9.9331,-84.0792
2026-07-22 06:00:00,6,2,San Jose Centro,19.3,90,7.6,9.9331,-84.0792
2026-07-22 07:00:00,7,2,San Jose Centro,19.1,90,8.6,9.9331,-84.0792
2026-07-22 08:00:00,8,2,San Jose Centro,18.8,92,6.9,9.9331,-84.0792
2026-07-22 09:00:00,9,2,San Jose Centro,18.9,92,6.8,9.9331,-84.0792
2026-07-22 10:00:00,10,2,San Jose Centro,19.2,89,8.2,9.9331,-84.0792
2026-07-22 11:00:00,11,2,San Jose Centro,19.0,88,8.9,9.9331,-84.0792
2026-07-22 12:00:00,12,2,San Jose Centro,19.1,90,8.5,9.9331,-84.0792
2026-07-22 13:00:00,13,2,San Jose Centro,20.0,85,9.4,9.9331,-84.0792
2026-07-22 14:00:00,14,2,San Jose Centro,20.5,84,10.0,9.9331,-84.0792
2026-07-22 15:00:00,15,2,San Jose Centro,20.8,87,10.4,9.9331,-84.0792
2026-07-22 16:00:00,16,2,San Jose Centro,21.9,80,9.6,9.9331,-84.0792
2026-07-22 17:00:00,17,2,San Jose Centro,23.4,72,9.0,9.9331,-84.0792
2026-07-22 18:00:00,18,2,San Jose Centro,23.5,72,7.1,9.9331,-84.0792
2026-07-22 19:00:00,19,2,San Jose Centro,23.1,72,5.3,9.9331,-84.0792
2026-07-22 20:00:00,20,2,San Jose Centro,22.7,76,2.3,9.9331,-84.0792
2026-07-22 21:00:00,21,2,San Jose Centro,22.4,79,0.7,9.9331,-84.0792
2026-07-22 22:00:00,22,2,San Jose Centro,21.1,88,1.3,9.9331,-84.0792
2026-07-22 23:00:00,23,2,San Jose Centro,20.4,93,3.5,9.9331,-84.0792
2026-07-23 00:00:00,0,3,San Jose Centro,20.1,96,1.3,9.9331,-84.0792
2026-07-23 01:00:00,1,3,San Jose Centro,20.0,95,0.4,9.9331,-84.0792
2026-07-23 02:00:00,2,3,San Jose Centro,20.1,95,0.8,9.9331,-84.0792
2026-07-23 03:00:00,3,3,San Jose Centro,19.9,95,2.4,9.9331,-84.0792
2026-07-23 04:00:00,4,3,San Jose Centro,20.0,94,2.9,9.9331,-84.0792
2026-07-23 05:00:00,5,3,San Jose Centro,19.8,94,3.6,9.9331,-84.0792
2026-07-23 06:00:00,6,3,San Jose Centro,19.7,95,2.1,9.9331,-84.0792
2026-07-23 07:00:00,7,3,San Jose Centro,19.6,94,3.4,9.9331,-84.0792
2026-07-23 08:00:00,8,3,San Jose Centro,19.3,93,5.4,9.9331,-84.0792
2026-07-23 09:00:00,9,3,San Jose Centro,19.3,93,3.1,9.9331,-84.0792
2026-07-23 10:00:00,10,3,San Jose Centro,19.1,93,5.2,9.9331,-84.0792
2026-07-23 11:00:00,11,3,San Jose Centro,18.9,93,5.4,9.9331,-84.0792
2026-07-23 12:00:00,12,3,San Jose Centro,19.1,95,5.4,9.9331,-84.0792
2026-07-23 13:00:00,13,3,San Jose Centro,19.3,94,8.3,9.9331,-84.0792
2026-07-23 14:00:00,14,3,San Jose Centro,19.7,93,8.5,9.9331,-84.0792
2026-07-23 15:00:00,15,3,San Jose Centro,20.2,93,9.6,9.9331,-84.0792
2026-07-23 16:00:00,16,3,San Jose Centro,20.0,92,11.0,9.9331,-84.0792
2026-07-23 17:00:00,17,3,San Jose Centro,20.1,92,10.2,9.9331,-84.0792
2026-07-23 18:00:00,18,3,San Jose Centro,20.4,92,7.0,9.9331,-84.0792
2026-07-23 19:00:00,19,3,San Jose Centro,20.5,89,10.7,9.9331,-84.0792
2026-07-23 20:00:00,20,3,San Jose Centro,20.8,88,10.1,9.9331,-84.0792
2026-07-23 21:00:00,21,3,San Jose Centro,19.7,92,8.5,9.9331,-84.0792
2026-07-23 22:00:00,22,3,San Jose Centro,19.2,91,9.1,9.9331,-84.0792
2026-07-23 23:00:00,23,3,San Jose Centro,18.7,94,10.3,9.9331,-84.0792
2026-07-24 00:00:00,0,4,San Jose Centro,17.3,94,10.8,9.9331,-84.0792
2026-07-24 01:00:00,1,4,San Jose Centro,17.1,93,12.6,9.9331,-84.0792
2026-07-24 02:00:00,2,4,San Jose Centro,17.2,89,13.5,9.9331,-84.0792
2026-07-24 03:00:00,3,4,San Jose Centro,17.4,85,13.9,9.9331,-84.0792
2026-07-24 04:00:00,4,4,San Jose Centro,17.4,78,12.2,9.9331,-84.0792
2026-07-24 05:00:00,5,4,San Jose Centro,17.0,75,11.4,9.9331,-84.0792
2026-07-24 06:00:00,6,4,San Jose Centro,16.4,77,9.6,9.9331,-84.0792
2026-07-24 07:00:00,7,4,San Jose Centro,16.6,74,9.4,9.9331,-84.0792
2026-07-24 08:00:00,8,4,San Jose Centro,16.5,74,8.7,9.9331,-84.0792
2026-07-24 09:00:00,9,4,San Jose Centro,16.8,71,9.1,9.9331,-84.0792
2026-07-24 10:00:00,10,4,San Jose Centro,17.0,71,9.7,9.9331,-84.0792
2026-07-24 11:00:00,11,4,San Jose Centro,17.0,73,9.2,9.9331,-84.0792
2026-07-24 12:00:00,12,4,San Jose Centro,17.0,87,9.2,9.9331,-84.0792
2026-07-24 13:00:00,13,4,San Jose Centro,19.0,83,9.1,9.9331,-84.0792
2026-07-24 14:00:00,14,4,San Jose Centro,20.7,78,9.6,9.9331,-84.0792
2026-07-24 15:00:00,15,4,San Jose Centro,22.3,73,10.1,9.9331,-84.0792
2026-07-24 16:00:00,16,4,San Jose Centro,23.8,65,12.8,9.9331,-84.0792
2026-07-24 17:00:00,17,4,San Jose Centro,24.4,63,12.0,9.9331,-84.0792
2026-07-24 18:00:00,18,4,San Jose Centro,24.4,62,7.5,9.9331,-84.0792
2026-07-24 19:00:00,19,4,San Jose Centro,25.1,63,4.1,9.9331,-84.0792
2026-07-24 20:00:00,20,4,San Jose Centro,25.2,55,3.0,9.9331,-84.0792
2026-07-24 21:00:00,21,4,San Jose Centro,21.9,78,8.2,9.9331,-84.0792
2026-07-24 22:00:00,22,4,San Jose Centro,20.4,91,4.2,9.9331,-84.0792
2026-07-24 23:00:00,23,4,San Jose Centro,19.9,89,3.2,9.9331,-84.0792
2026-07-25 00:00:00,0,5,San Jose Centro,19.7,96,1.4,9.9331,-84.0792
2026-07-25 01:00:00,1,5,San Jose Centro,19.7,96,0.9,9.9331,-84.0792
2026-07-25 02:00:00,2,5,San Jose Centro,19.7,95,1.7,9.9331,-84.0792
2026-07-25 03:00:00,3,5,San Jose Centro,19.4,95,2.7,9.9331,-84.0792
2026-07-25 04:00:00,4,5,San Jose Centro,19.3,95,3.8,9.9331,-84.0792
2026-07-25 05:00:00,5,5,San Jose Centro,18.9,95,5.5,9.9331,-84.0792
2026-07-25 06:00:00,6,5,San Jose Centro,18.5,91,6.6,9.9331,-84.0792
2026-07-25 07:00:00,7,5,San Jose Centro,18.1,92,7.6,9.9331,-84.0792
2026-07-25 08:00:00,8,5,San Jose Centro,18.0,92,8.9,9.9331,-84.0792
2026-07-25 09:00:00,9,5,San Jose Centro,18.3,90,9.4,9.9331,-84.0792
2026-07-25 10:00:00,10,5,San Jose Centro,18.4,88,9.4,9.9331,-84.0792
2026-07-25 11:00:00,11,5,San Jose Centro,17.6,91,9.8,9.9331,-84.0792
2026-07-25 12:00:00,12,5,San Jose Centro,18.4,89,9.9,9.9331,-84.0792
2026-07-25 13:00:00,13,5,San Jose Centro,19.8,82,10.3,9.9331,-84.0792
2026-07-25 14:00:00,14,5,San Jose Centro,22.5,71,9.0,9.9331,-84.0792
2026-07-25 15:00:00,15,5,San Jose Centro,24.4,66,9.7,9.9331,-84.0792
2026-07-25 16:00:00,16,5,San Jose Centro,26.0,59,7.6,9.9331,-84.0792
2026-07-25 17:00:00,17,5,San Jose Centro,27.0,58,2.2,9.9331,-84.0792
2026-07-25 18:00:00,18,5,San Jose Centro,27.0,54,0.9,9.9331,-84.0792
2026-07-25 19:00:00,19,5,San Jose Centro,25.3,65,3.7,9.9331,-84.0792
2026-07-25 20:00:00,20,5,San Jose Centro,25.4,65,5.2,9.9331,-84.0792
2026-07-25 21:00:00,21,5,San Jose Centro,25.4,64,5.2,9.9331,-84.0792
2026-07-25 22:00:00,22,5,San Jose Centro,24.8,66,5.2,9.9331,-84.0792
2026-07-25 23:00:00,23,5,San Jose Centro,23.5,73,4.2,9.9331,-84.0792
2026-07-26 00:00:00,0,6,San Jose Centro,22.7,78,3.9,9.9331,-84.0792
2026-07-26 01:00:00,1,6,San Jose Centro,22.1,79,6.8,9.9331,-84.0792
2026-07-26 02:00:00,2,6,San Jose Centro,21.3,81,8.5,9.9331,-84.0792
2026-07-26 03:00:00,3,6,San Jose Centro,20.9,81,9.5,9.9331,-84.0792
2026-07-26 04:00:00,4,6,San Jose Centro,20.5,82,10.4,9.9331,-84.0792
2026-07-26 05:00:00,5,6,San Jose Centro,20.3,81,10.1,9.9331,-84.0792
2026-07-26 06:00:00,6,6,San Jose Centro,19.8,80,9.5,9.9331,-84.0792
2026-07-26 07:00:00,7,6,San Jose Centro,19.6,81,8.5,9.9331,-84.0792
2026-07-26 08:00:00,8,6,San Jose Centro,19.4,82,8.4,9.9331,-84.0792
2026-07-26 09:00:00,9,6,San Jose Centro,19.3,82,9.1,9.9331,-84.0792
2026-07-26 10:00:00,10,6,San Jose Centro,19.6,80,9.7,9.9331,-84.0792
2026-07-26 11:00:00,11,6,San Jose Centro,19.5,80,10.5,9.9331,-84.0792
2026-07-26 12:00:00,12,6,San Jose Centro,19.7,79,9.9,9.9331,-84.0792
2026-07-26 13:00:00,13,6,San Jose Centro,20.8,74,11.0,9.9331,-84.0792
2026-07-26 14:00:00,14,6,San Jose Centro,22.8,69,11.8,9.9331,-84.0792
2026-07-26 15:00:00,15,6,San Jose Centro,24.5,63,10.7,9.9331,-84.0792
2026-07-26 16:00:00,16,6,San Jose Centro,25.6,60,7.6,9.9331,-84.0792
2026-07-26 17:00:00,17,6,San Jose Centro,25.8,62,9.3,9.9331,-84.0792
2026-07-26 18:00:00,18,6,San Jose Centro,25.8,59,8.2,9.9331,-84.0792
2026-07-26 19:00:00,19,6,San Jose Centro,26.5,56,8.8,9.9331,-84.0792
2026-07-26 20:00:00,20,6,San Jose Centro,26.1,56,8.9,9.9331,-84.0792
2026-07-26 21:00:00,21,6,San Jose Centro,24.7,62,7.4,9.9331,-84.0792
2026-07-26 22:00:00,22,6,San Jose Centro,24.2,62,4.6,9.9331,-84.0792
2026-07-26 23:00:00,23,6,San Jose Centro,23.1,68,5.2,9.9331,-84.0792
2026-07-27 00:00:00,0,0,San Jose Centro,22.0,72,5.2,9.9331,-84.0792
2026-07-27 01:00:00,1,0,San Jose Centro,20.7,79,8.0,9.9331,-84.0792
2026-07-27 02:00:00,2,0,San Jose Centro,20.1,82,9.3,9.9331,-84.0792
2026-07-27 03:00:00,3,0,San Jose Centro,19.4,84,8.8,9.9331,-84.0792
2026-07-27 04:00:00,4,0,San Jose Centro,19.1,84,9.4,9.9331,-84.0792
2026-07-27 05:00:00,5,0,San Jose Centro,18.7,83,9.2,9.9331,-84.0792
2026-07-27 06:00:00,6,0,San Jose Centro,17.6,82,10.1,9.9331,-84.0792
2026-07-27 07:00:00,7,0,San Jose Centro,17.4,75,11.6,9.9331,-84.0792
2026-07-27 08:00:00,8,0,San Jose Centro,17.3,69,12.4,9.9331,-84.0792
2026-07-27 09:00:00,9,0,San Jose Centro,17.3,63,13.9,9.9331,-84.0792
2026-07-27 10:00:00,10,0,San Jose Centro,17.1,63,14.8,9.9331,-84.0792
2026-07-27 11:00:00,11,0,San Jose Centro,16.9,67,14.8,9.9331,-84.0792
2026-07-27 12:00:00,12,0,San Jose Centro,17.1,76,13.7,9.9331,-84.0792
2026-07-27 13:00:00,13,0,San Jose Centro,20.3,70,12.4,9.9331,-84.0792
2026-07-27 14:00:00,14,0,San Jose Centro,22.4,65,12.5,9.9331,-84.0792
2026-07-27 15:00:00,15,0,San Jose Centro,24.1,63,11.2,9.9331,-84.0792
2026-07-27 16:00:00,16,0,San Jose Centro,24.7,61,12.7,9.9331,-84.0792
2026-07-27 17:00:00,17,0,San Jose Centro,24.1,65,11.4,9.9331,-84.0792
2026-07-27 18:00:00,18,0,San Jose Centro,25.4,58,7.1,9.9331,-84.0792
2026-07-27 19:00:00,19,0,San Jose Centro,25.6,60,6.4,9.9331,-84.0792
2026-07-27 20:00:00,20,0,San Jose Centro,24.3,65,3.6,9.9331,-84.0792
2026-07-27 21:00:00,21,0,San Jose Centro,21.4,82,3.0,9.9331,-84.0792
2026-07-27 22:00:00,22,0,San Jose Centro,20.9,88,2.5,9.9331,-84.0792
2026-07-27 23:00:00,23,0,San Jose Centro,21.1,88,2.0,9.9331,-84.0792
2026-07-28 00:00:00,0,1,San Jose Centro,22.0,82,3.2,9.9331,-84.0792
2026-07-28 01:00:00,1,1,San Jose Centro,20.8,86,2.4,9.9331,-84.0792
2026-07-28 02:00:00,2,1,San Jose Centro,20.4,87,2.2,9.9331,-84.0792
2026-07-28 03:00:00,3,1,San Jose Centro,20.2,87,2.3,9.9331,-84.0792
2026-07-28 04:00:00,4,1,San Jose Centro,20.0,87,0.9,9.9331,-84.0792
2026-07-28 05:00:00,5,1,San Jose Centro,20.0,84,4.0,9.9331,-84.0792
2026-07-28 06:00:00,6,1,San Jose Centro,18.8,87,7.1,9.9331,-84.0792
2026-07-28 07:00:00,7,1,San Jose Centro,18.2,88,8.9,9.9331,-84.0792
2026-07-28 08:00:00,8,1,San Jose Centro,17.7,88,8.9,9.9331,-84.0792
2026-07-28 09:00:00,9,1,San Jose Centro,17.2,89,9.0,9.9331,-84.0792
2026-07-28 10:00:00,10,1,San Jose Centro,17.4,87,9.8,9.9331,-84.0792
2026-07-28 11:00:00,11,1,San Jose Centro,18.1,81,10.1,9.9331,-84.0792
2026-07-28 12:00:00,12,1,San Jose Centro,17.9,88,7.8,9.9331,-84.0792
2026-07-28 13:00:00,13,1,San Jose Centro,20.9,78,6.9,9.9331,-84.0792
2026-07-28 14:00:00,14,1,San Jose Centro,23.5,68,4.4,9.9331,-84.0792
2026-07-28 15:00:00,15,1,San Jose Centro,24.8,63,1.8,9.9331,-84.0792
2026-07-28 16:00:00,16,1,San Jose Centro,24.6,65,5.2,9.9331,-84.0792
2026-07-28 17:00:00,17,1,San Jose Centro,24.1,69,9.2,9.9331,-84.0792
2026-07-28 18:00:00,18,1,San Jose Centro,23.5,76,5.2,9.9331,-84.0792
2026-07-28 19:00:00,19,1,San Jose Centro,24.0,73,4.0,9.9331,-84.0792
2026-07-28 20:00:00,20,1,San Jose Centro,23.0,80,2.8,9.9331,-84.0792
2026-07-28 21:00:00,21,1,San Jose Centro,22.9,81,3.3,9.9331,-84.0792
2026-07-28 22:00:00,22,1,San Jose Centro,22.7,81,0.0,9.9331,-84.0792
2026-07-28 23:00:00,23,1,San Jose Centro,22.0,84,1.3,9.9331,-84.0792
2026-07-29 00:00:00,0,2,San Jose Centro,20.9,92,4.2,9.9331,-84.0792
2026-07-29 01:00:00,1,2,San Jose Centro,20.5,93,6.8,9.9331,-84.0792
2026-07-29 02:00:00,2,2,San Jose Centro,20.4,91,8.0,9.9331,-84.0792
2026-07-29 03:00:00,3,2,San Jose Centro,20.1,89,9.4,9.9331,-84.0792
2026-07-29 04:00:00,4,2,San Jose Centro,20.0,87,9.2,9.9331,-84.0792
2026-07-29 05:00:00,5,2,San Jose Centro,19.7,88,9.0,9.9331,-84.0792
2026-07-29 06:00:00,6,2,San Jose Centro,19.2,86,9.2,9.9331,-84.0792
2026-07-29 07:00:00,7,2,San Jose Centro,18.9,87,9.8,9.9331,-84.0792
2026-07-29 08:00:00,8,2,San Jose Centro,18.2,89,10.6,9.9331,-84.0792
2026-07-29 09:00:00,9,2,San Jose Centro,18.5,86,10.8,9.9331,-84.0792
2026-07-29 10:00:00,10,2,San Jose Centro,18.8,84,10.7,9.9331,-84.0792
2026-07-29 11:00:00,11,2,San Jose Centro,18.7,83,11.0,9.9331,-84.0792
2026-07-29 12:00:00,12,2,San Jose Centro,19.6,80,9.8,9.9331,-84.0792
2026-07-29 13:00:00,13,2,San Jose Centro,20.7,75,10.1,9.9331,-84.0792
2026-07-29 14:00:00,14,2,San Jose Centro,22.7,69,10.8,9.9331,-84.0792
2026-07-29 15:00:00,15,2,San Jose Centro,24.4,63,10.4,9.9331,-84.0792
2026-07-29 16:00:00,16,2,San Jose Centro,25.8,57,8.9,9.9331,-84.0792
2026-07-29 17:00:00,17,2,San Jose Centro,26.7,55,7.9,9.9331,-84.0792
2026-07-29 18:00:00,18,2,San Jose Centro,26.2,57,8.9,9.9331,-84.0792
2026-07-29 19:00:00,19,2,San Jose Centro,25.4,64,10.6,9.9331,-84.0792
2026-07-29 20:00:00,20,2,San Jose Centro,25.3,65,8.9,9.9331,-84.0792
2026-07-29 21:00:00,21,2,San Jose Centro,24.9,66,10.0,9.9331,-84.0792
2026-07-29 22:00:00,22,2,San Jose Centro,24.5,67,9.1,9.9331,-84.0792
2026-07-29 23:00:00,23,2,San Jose Centro,23.0,72,9.4,9.9331,-84.0792
2026-07-30 00:00:00,0,3,San Jose Centro,21.8,75,10.5,9.9331,-84.0792
2026-07-30 01:00:00,1,3,San Jose Centro,20.9,77,11.4,9.9331,-84.0792
2026-07-30 02:00:00,2,3,San Jose Centro,20.7,74,12.1,9.9331,-84.0792
2026-07-30 03:00:00,3,3,San Jose Centro,20.1,76,12.1,9.9331,-84.0792
2026-07-30 04:00:00,4,3,San Jose Centro,19.6,79,11.5,9.9331,-84.0792
2026-07-30 05:00:00,5,3,San Jose Centro,19.4,80,11.2,9.9331,-84.0792
2026-07-30 06:00:00,6,3,San Jose Centro,19.2,77,10.5,9.9331,-84.0792
2026-07-30 07:00:00,7,3,San Jose Centro,19.1,75,11.5,9.9331,-84.0792
2026-07-30 08:00:00,8,3,San Jose Centro,18.4,77,12.4,9.9331,-84.0792
2026-07-30 09:00:00,9,3,San Jose Centro,18.1,78,13.5,9.9331,-84.0792
2026-07-30 10:00:00,10,3,San Jose Centro,18.1,77,14.6,9.9331,-84.0792
2026-07-30 11:00:00,11,3,San Jose Centro,18.1,77,15.0,9.9331,-84.0792
2026-07-30 12:00:00,12,3,San Jose Centro,19.5,78,12.8,9.9331,-84.0792
2026-07-30 13:00:00,13,3,San Jose Centro,20.7,76,11.7,9.9331,-84.0792
2026-07-30 14:00:00,14,3,San Jose Centro,23.1,67,12.8,9.9331,-84.0792
2026-07-30 15:00:00,15,3,San Jose Centro,24.7,59,13.7,9.9331,-84.0792
2026-07-30 16:00:00,16,3,San Jose Centro,25.9,55,11.2,9.9331,-84.0792
2026-07-30 17:00:00,17,3,San Jose Centro,26.6,53,9.3,9.9331,-84.0792
2026-07-30 18:00:00,18,3,San Jose Centro,26.8,54,8.6,9.9331,-84.0792
2026-07-30 19:00:00,19,3,San Jose Centro,26.6,56,7.2,9.9331,-84.0792
2026-07-30 20:00:00,20,3,San Jose Centro,26.2,58,9.2,9.9331,-84.0792
2026-07-30 21:00:00,21,3,San Jose Centro,25.0,62,8.7,9.9331,-84.0792
2026-07-30 22:00:00,22,3,San Jose Centro,24.1,67,9.3,9.9331,-84.0792
2026-07-30 23:00:00,23,3,San Jose Centro,23.2,71,9.9,9.9331,-84.0792
2026-07-31 00:00:00,0,4,San Jose Centro,21.8,76,9.2,9.9331,-84.0792
2026-07-31 01:00:00,1,4,San Jose Centro,21.0,78,10.6,9.9331,-84.0792
2026-07-31 02:00:00,2,4,San Jose Centro,21.0,76,12.1,9.9331,-84.0792
2026-07-31 03:00:00,3,4,San Jose Centro,20.7,74,13.1,9.9331,-84.0792
2026-07-31 04:00:00,4,4,San Jose Centro,20.3,75,12.8,9.9331,-84.0792
2026-07-31 05:00:00,5,4,San Jose Centro,19.9,75,12.8,9.9331,-84.0792
2026-07-31 06:00:00,6,4,San Jose Centro,19.6,75,11.6,9.9331,-84.0792
2026-07-31 07:00:00,7,4,San Jose Centro,19.6,73,11.3,9.9331,-84.0792
2026-07-31 08:00:00,8,4,San Jose Centro,19.3,73,10.8,9.9331,-84.0792
2026-07-31 09:00:00,9,4,San Jose Centro,19.2,74,11.0,9.9331,-84.0792
2026-07-31 10:00:00,10,4,San Jose Centro,19.2,74,10.6,9.9331,-84.0792
2026-07-31 11:00:00,11,4,San Jose Centro,19.2,75,10.1,9.9331,-84.0792
2026-07-31 12:00:00,12,4,San Jose Centro,19.5,78,7.9,9.9331,-84.0792
2026-07-31 13:00:00,13,4,San Jose Centro,21.4,73,8.5,9.9331,-84.0792
2026-07-31 14:00:00,14,4,San Jose Centro,23.6,69,8.5,9.9331,-84.0792
2026-07-31 15:00:00,15,4,San Jose Centro,25.8,63,8.9,9.9331,-84.0792
2026-07-31 16:00:00,16,4,San Jose Centro,26.9,60,9.8,9.9331,-84.0792
2026-07-31 17:00:00,17,4,San Jose Centro,26.7,58,9.6,9.9331,-84.0792
2026-07-31 18:00:00,18,4,San Jose Centro,25.5,61,7.4,9.9331,-84.0792
2026-07-31 19:00:00,19,4,San Jose Centro,23.0,76,6.4,9.9331,-84.0792
2026-07-31 20:00:00,20,4,San Jose Centro,24.2,73,3.3,9.9331,-84.0792
2026-07-31 21:00:00,21,4,San Jose Centro,24.7,73,3.2,9.9331,-84.0792
2026-07-31 22:00:00,22,4,San Jose Centro,24.1,72,2.4,9.9331,-84.0792
2026-07-31 23:00:00,23,4,San Jose Centro,24.0,71,4.3,9.9331,-84.0792
2026-08-01 00:00:00,0,5,San Jose Centro,22.9,78,7.6,9.9331,-84.0792
2026-08-01 01:00:00,1,5,San Jose Centro,22.2,80,9.2,9.9331,-84.0792
2026-08-01 02:00:00,2,5,San Jose Centro,21.6,82,11.1,9.9331,-84.0792
2026-08-01 03:00:00,3,5,San Jose Centro,21.3,82,10.3,9.9331,-84.0792
2026-08-01 04:00:00,4,5,San Jose Centro,21.2,81,10.3,9.9331,-84.0792
2026-08-01 05:00:00,5,5,San Jose Centro,21.1,81,9.4,9.9331,-84.0792
2026-08-01 06:00:00,6,5,San Jose Centro,21.0,83,7.7,9.9331,-84.0792
2026-08-01 07:00:00,7,5,San Jose Centro,20.7,85,8.0,9.9331,-84.0792
2026-08-01 08:00:00,8,5,San Jose Centro,20.6,85,7.4,9.9331,-84.0792
2026-08-01 09:00:00,9,5,San Jose Centro,20.6,84,7.7,9.9331,-84.0792
2026-08-01 10:00:00,10,5,San Jose Centro,20.5,83,9.4,9.9331,-84.0792
2026-08-01 11:00:00,11,5,San Jose Centro,20.3,83,11.5,9.9331,-84.0792
2026-08-01 12:00:00,12,5,San Jose Centro,20.8,83,10.9,9.9331,-84.0792
2026-08-01 13:00:00,13,5,San Jose Centro,21.5,80,11.4,9.9331,-84.0792
2026-08-01 14:00:00,14,5,San Jose Centro,23.2,72,12.1,9.9331,-84.0792
2026-08-01 15:00:00,15,5,San Jose Centro,23.9,70,10.3,9.9331,-84.0792
2026-08-01 16:00:00,16,5,San Jose Centro,24.6,67,10.7,9.9331,-84.0792
2026-08-01 17:00:00,17,5,San Jose Centro,24.9,66,11.5,9.9331,-84.0792
2026-08-01 18:00:00,18,5,San Jose Centro,24.5,69,7.0,9.9331,-84.0792
2026-08-01 19:00:00,19,5,San Jose Centro,25.5,66,3.6,9.9331,-84.0792
2026-08-01 20:00:00,20,5,San Jose Centro,23.8,72,6.0,9.9331,-84.0792
2026-08-01 21:00:00,21,5,San Jose Centro,23.6,72,4.7,9.9331,-84.0792
2026-08-01 22:00:00,22,5,San Jose Centro,22.9,77,4.6,9.9331,-84.0792
2026-08-01 23:00:00,23,5,San Jose Centro,22.9,74,8.5,9.9331,-84.0792
2026-08-02 00:00:00,0,6,San Jose Centro,21.4,86,4.0,9.9331,-84.0792
2026-08-02 01:00:00,1,6,San Jose Centro,20.6,90,8.7,9.9331,-84.0792
2026-08-02 02:00:00,2,6,San Jose Centro,20.2,87,11.7,9.9331,-84.0792
2026-08-02 03:00:00,3,6,San Jose Centro,19.8,87,10.3,9.9331,-84.0792
2026-08-02 04:00:00,4,6,San Jose Centro,19.9,85,11.7,9.9331,-84.0792
2026-08-02 05:00:00,5,6,San Jose Centro,20.2,83,12.1,9.9331,-84.0792
2026-08-02 06:00:00,6,6,San Jose Centro,20.1,84,11.7,9.9331,-84.0792
2026-08-02 07:00:00,7,6,San Jose Centro,20.3,83,9.6,9.9331,-84.0792
2026-08-02 08:00:00,8,6,San Jose Centro,20.2,84,8.1,9.9331,-84.0792
2026-08-02 09:00:00,9,6,San Jose Centro,20.1,84,8.0,9.9331,-84.0792
2026-08-02 10:00:00,10,6,San Jose Centro,19.8,84,9.0,9.9331,-84.0792
2026-08-02 11:00:00,11,6,San Jose Centro,19.9,83,9.4,9.9331,-84.0792
2026-08-02 12:00:00,12,6,San Jose Centro,20.4,86,6.3,9.9331,-84.0792
2026-08-02 13:00:00,13,6,San Jose Centro,21.4,78,7.6,9.9331,-84.0792
2026-08-02 14:00:00,14,6,San Jose Centro,22.9,73,9.7,9.9331,-84.0792
2026-08-02 15:00:00,15,6,San Jose Centro,24.4,67,10.1,9.9331,-84.0792
2026-08-02 16:00:00,16,6,San Jose Centro,24.5,67,10.8,9.9331,-84.0792
2026-08-02 17:00:00,17,6,San Jose Centro,26.0,63,7.2,9.9331,-84.0792
2026-08-02 18:00:00,18,6,San Jose Centro,25.6,64,7.9,9.9331,-84.0792
2026-08-02 19:00:00,19,6,San Jose Centro,25.6,63,7.5,9.9331,-84.0792
2026-08-02 20:00:00,20,6,San Jose Centro,26.2,61,6.1,9.9331,-84.0792
2026-08-02 21:00:00,21,6,San Jose Centro,22.0,83,4.4,9.9331,-84.0792
2026-08-02 22:00:00,22,6,San Jose Centro,21.6,85,2.1,9.9331,-84.0792
2026-08-02 23:00:00,23,6,San Jose Centro,20.9,93,2.0,9.9331,-84.0792
2026-08-03 00:00:00,0,0,San Jose Centro,23.1,69,6.4,9.9331,-84.0792
2026-08-03 01:00:00,1,0,San Jose Centro,22.0,76,5.8,9.9331,-84.0792
2026-08-03 02:00:00,2,0,San Jose Centro,21.4,80,4.0,9.9331,-84.0792
2026-08-03 03:00:00,3,0,San Jose Centro,21.0,82,3.3,9.9331,-84.0792
2026-08-03 04:00:00,4,0,San Jose Centro,20.4,86,3.2,9.9331,-84.0792
2026-08-03 05:00:00,5,0,San Jose Centro,19.7,90,2.8,9.9331,-84.0792
2026-08-03 06:00:00,6,0,San Jose Centro,20.4,86,2.4,9.9331,-84.0792
2026-08-03 07:00:00,7,0,San Jose Centro,19.9,86,3.4,9.9331,-84.0792
2026-08-03 08:00:00,8,0,San Jose Centro,19.6,85,6.6,9.9331,-84.0792
2026-08-03 09:00:00,9,0,San Jose Centro,19.3,83,6.8,9.9331,-84.0792
2026-08-03 10:00:00,10,0,San Jose Centro,19.0,81,7.6,9.9331,-84.0792
2026-08-03 11:00:00,11,0,San Jose Centro,19.0,79,8.7,9.9331,-84.0792
2026-08-03 12:00:00,12,0,San Jose Centro,19.0,79,10.4,9.9331,-84.0792
2026-08-03 13:00:00,13,0,San Jose Centro,21.0,71,11.2,9.9331,-84.0792
2026-08-03 14:00:00,14,0,San Jose Centro,21.9,71,11.3,9.9331,-84.0792
2026-08-03 15:00:00,15,0,San Jose Centro,22.4,72,9.8,9.9331,-84.0792
2026-08-03 16:00:00,16,0,San Jose Centro,24.3,66,7.8,9.9331,-84.0792
2026-08-03 17:00:00,17,0,San Jose Centro,26.1,61,6.9,9.9331,-84.0792
2026-08-03 18:00:00,18,0,San Jose Centro,24.0,69,11.0,9.9331,-84.0792
2026-08-03 19:00:00,19,0,San Jose Centro,25.6,61,7.0,9.9331,-84.0792
2026-08-03 20:00:00,20,0,San Jose Centro,24.8,62,4.2,9.9331,-84.0792
2026-08-03 21:00:00,21,0,San Jose Centro,25.0,62,8.0,9.9331,-84.0792
2026-08-03 22:00:00,22,0,San Jose Centro,24.0,67,6.2,9.9331,-84.0792
2026-08-03 23:00:00,23,0,San Jose Centro,23.1,70,5.5,9.9331,-84.0792
2026-08-04 00:00:00,0,1,San Jose Centro,22.3,69,6.8,9.9331,-84.0792
2026-08-04 01:00:00,1,1,San Jose Centro,20.8,77,8.7,9.9331,-84.0792
2026-08-04 02:00:00,2,1,San Jose Centro,19.7,83,10.2,9.9331,-84.0792
2026-08-04 03:00:00,3,1,San Jose Centro,19.4,83,9.6,9.9331,-84.0792
2026-08-04 04:00:00,4,1,San Jose Centro,19.1,82,9.1,9.9331,-84.0792
2026-08-04 05:00:00,5,1,San Jose Centro,18.8,81,9.7,9.9331,-84.0792
2026-08-04 06:00:00,6,1,San Jose Centro,18.2,81,10.4,9.9331,-84.0792
2026-08-04 07:00:00,7,1,San Jose Centro,18.1,81,11.3,9.9331,-84.0792
2026-08-04 08:00:00,8,1,San Jose Centro,18.2,80,11.3,9.9331,-84.0792
2026-08-04 09:00:00,9,1,San Jose Centro,18.2,79,11.2,9.9331,-84.0792
2026-08-04 10:00:00,10,1,San Jose Centro,18.5,77,10.6,9.9331,-84.0792
2026-08-04 11:00:00,11,1,San Jose Centro,18.2,80,11.0,9.9331,-84.0792
2026-08-04 12:00:00,12,1,San Jose Centro,19.6,78,10.6,9.9331,-84.0792
2026-08-04 13:00:00,13,1,San Jose Centro,20.9,75,9.9,9.9331,-84.0792
2026-08-04 14:00:00,14,1,San Jose Centro,22.2,73,10.3,9.9331,-84.0792
2026-08-04 15:00:00,15,1,San Jose Centro,23.3,69,10.9,9.9331,-84.0792
2026-08-04 16:00:00,16,1,San Jose Centro,23.3,71,8.3,9.9331,-84.0792
2026-08-04 17:00:00,17,1,San Jose Centro,23.8,72,5.8,9.9331,-84.0792
2026-08-04 18:00:00,18,1,San Jose Centro,24.0,71,2.7,9.9331,-84.0792
2026-08-04 19:00:00,19,1,San Jose Centro,24.4,70,8.1,9.9331,-84.0792
2026-08-04 20:00:00,20,1,San Jose Centro,25.2,64,5.0,9.9331,-84.0792
2026-08-04 21:00:00,21,1,San Jose Centro,23.9,68,3.6,9.9331,-84.0792
2026-08-04 22:00:00,22,1,San Jose Centro,22.8,72,5.0,9.9331,-84.0792
2026-08-04 23:00:00,23,1,San Jose Centro,22.3,74,5.6,9.9331,-84.0792
2026-08-05 00:00:00,0,2,San Jose Centro,22.6,72,5.8,9.9331,-84.0792
2026-08-05 01:00:00,1,2,San Jose Centro,21.9,75,6.5,9.9331,-84.0792
2026-08-05 02:00:00,2,2,San Jose Centro,21.5,74,7.4,9.9331,-84.0792
2026-08-05 03:00:00,3,2,San Jose Centro,20.6,78,8.1,9.9331,-84.0792
2026-08-05 04:00:00,4,2,San Jose Centro,20.2,80,8.8,9.9331,-84.0792
2026-08-05 05:00:00,5,2,San Jose Centro,20.3,78,8.1,9.9331,-84.0792
2026-08-05 06:00:00,6,2,San Jose Centro,20.4,75,7.6,9.9331,-84.0792
2026-08-05 07:00:00,7,2,San Jose Centro,20.3,75,6.1,9.9331,-84.0792
2026-08-05 08:00:00,8,2,San Jose Centro,20.2,77,7.1,9.9331,-84.0792
2026-08-05 09:00:00,9,2,San Jose Centro,19.4,81,6.9,9.9331,-84.0792
2026-08-05 10:00:00,10,2,San Jose Centro,18.3,86,7.2,9.9331,-84.0792
2026-08-05 11:00:00,11,2,San Jose Centro,18.2,85,7.2,9.9331,-84.0792
2026-08-05 12:00:00,12,2,San Jose Centro,19.1,81,7.6,9.9331,-84.0792
2026-08-05 13:00:00,13,2,San Jose Centro,21.0,72,6.1,9.9331,-84.0792
2026-08-05 14:00:00,14,2,San Jose Centro,23.4,64,2.9,9.9331,-84.0792
2026-08-05 15:00:00,15,2,San Jose Centro,25.6,57,1.3,9.9331,-84.0792
2026-08-05 16:00:00,16,2,San Jose Centro,26.7,54,8.2,9.9331,-84.0792
2026-08-05 17:00:00,17,2,San Jose Centro,27.5,51,2.5,9.9331,-84.0792
2026-08-05 18:00:00,18,2,San Jose Centro,24.8,61,6.0,9.9331,-84.0792
2026-08-05 19:00:00,19,2,San Jose Centro,24.0,66,7.1,9.9331,-84.0792
2026-08-05 20:00:00,20,2,San Jose Centro,23.0,73,7.0,9.9331,-84.0792
2026-08-05 21:00:00,21,2,San Jose Centro,22.5,77,3.8,9.9331,-84.0792
2026-08-05 22:00:00,22,2,San Jose Centro,21.1,87,5.4,9.9331,-84.0792
2026-08-05 23:00:00,23,2,San Jose Centro,20.6,91,3.1,9.9331,-84.0792
2026-08-06 00:00:00,0,3,San Jose Centro,21.6,84,5.6,9.9331,-84.0792
2026-08-06 01:00:00,1,3,San Jose Centro,21.5,81,6.0,9.9331,-84.0792
2026-08-06 02:00:00,2,3,San Jose Centro,21.1,81,5.1,9.9331,-84.0792
2026-08-06 03:00:00,3,3,San Jose Centro,20.8,82,3.3,9.9331,-84.0792
2026-08-06 04:00:00,4,3,San Jose Centro,20.3,87,3.1,9.9331,-84.0792
2026-08-06 05:00:00,5,3,San Jose Centro,20.1,92,1.5,9.9331,-84.0792
2026-08-06 06:00:00,6,3,San Jose Centro,19.4,92,3.0,9.9331,-84.0792
2026-08-06 07:00:00,7,3,San Jose Centro,19.4,93,0.8,9.9331,-84.0792
2026-08-06 08:00:00,8,3,San Jose Centro,19.2,95,1.7,9.9331,-84.0792
2026-08-06 09:00:00,9,3,San Jose Centro,19.0,96,2.8,9.9331,-84.0792
2026-08-06 10:00:00,10,3,San Jose Centro,18.9,95,6.3,9.9331,-84.0792
2026-08-06 11:00:00,11,3,San Jose Centro,18.6,94,7.0,9.9331,-84.0792
2026-08-06 12:00:00,12,3,San Jose Centro,18.5,91,9.1,9.9331,-84.0792
2026-08-06 13:00:00,13,3,San Jose Centro,18.7,88,8.6,9.9331,-84.0792
2026-08-06 14:00:00,14,3,San Jose Centro,19.0,89,7.8,9.9331,-84.0792
2026-08-06 15:00:00,15,3,San Jose Centro,20.3,87,8.1,9.9331,-84.0792
2026-08-06 16:00:00,16,3,San Jose Centro,21.7,76,8.0,9.9331,-84.0792
2026-08-06 17:00:00,17,3,San Jose Centro,24.9,66,7.2,9.9331,-84.0792
2026-08-06 18:00:00,18,3,San Jose Centro,25.4,62,2.9,9.9331,-84.0792
2026-08-06 19:00:00,19,3,San Jose Centro,21.2,82,3.4,9.9331,-84.0792
2026-08-06 20:00:00,20,3,San Jose Centro,22.5,77,0.6,9.9331,-84.0792
2026-08-06 21:00:00,21,3,San Jose Centro,22.5,79,2.2,9.9331,-84.0792
2026-08-06 22:00:00,22,3,San Jose Centro,22.0,82,0.8,9.9331,-84.0792
2026-08-06 23:00:00,23,3,San Jose Centro,21.2,84,3.1,9.9331,-84.0792
2026-08-07 00:00:00,0,4,San Jose Centro,20.6,82,8.5,9.9331,-84.0792
2026-08-07 01:00:00,1,4,San Jose Centro,19.9,85,10.6,9.9331,-84.0792
2026-08-07 02:00:00,2,4,San Jose Centro,19.7,83,11.2,9.9331,-84.0792
2026-08-07 03:00:00,3,4,San Jose Centro,19.8,80,11.2,9.9331,-84.0792
2026-08-07 04:00:00,4,4,San Jose Centro,19.6,80,10.3,9.9331,-84.0792
2026-08-07 05:00:00,5,4,San Jose Centro,19.3,80,11.8,9.9331,-84.0792
2026-08-07 06:00:00,6,4,San Jose Centro,18.8,82,11.1,9.9331,-84.0792
2026-08-07 07:00:00,7,4,San Jose Centro,19.3,77,11.9,9.9331,-84.0792
2026-08-07 08:00:00,8,4,San Jose Centro,19.3,76,12.1,9.9331,-84.0792
2026-08-07 09:00:00,9,4,San Jose Centro,19.2,77,12.6,9.9331,-84.0792
2026-08-07 10:00:00,10,4,San Jose Centro,19.2,76,12.9,9.9331,-84.0792
2026-08-07 11:00:00,11,4,San Jose Centro,19.0,77,12.8,9.9331,-84.0792
2026-08-07 12:00:00,12,4,San Jose Centro,18.1,89,15.9,9.9331,-84.0792
2026-08-07 13:00:00,13,4,San Jose Centro,19.8,83,15.5,9.9331,-84.0792
2026-08-07 14:00:00,14,4,San Jose Centro,21.7,77,13.5,9.9331,-84.0792
2026-08-07 15:00:00,15,4,San Jose Centro,23.7,70,13.0,9.9331,-84.0792
2026-08-07 16:00:00,16,4,San Jose Centro,25.0,64,14.5,9.9331,-84.0792
2026-08-07 17:00:00,17,4,San Jose Centro,25.4,63,11.6,9.9331,-84.0792
2026-08-07 18:00:00,18,4,San Jose Centro,25.6,63,8.7,9.9331,-84.0792
2026-08-07 19:00:00,19,4,San Jose Centro,25.3,62,9.0,9.9331,-84.0792
2026-08-07 20:00:00,20,4,San Jose Centro,25.1,65,7.3,9.9331,-84.0792
2026-08-07 21:00:00,21,4,San Jose Centro,24.8,65,8.6,9.9331,-84.0792
2026-08-07 22:00:00,22,4,San Jose Centro,24.0,68,8.9,9.9331,-84.0792
2026-08-07 23:00:00,23,4,San Jose Centro,22.6,74,8.8,9.9331,-84.0792
2026-08-08 00:00:00,0,5,San Jose Centro,21.9,76,7.4,9.9331,-84.0792
2026-08-08 01:00:00,1,5,San Jose Centro,21.2,79,9.2,9.9331,-84.0792
2026-08-08 02:00:00,2,5,San Jose Centro,20.9,79,10.0,9.9331,-84.0792
2026-08-08 03:00:00,3,5,San Jose Centro,20.9,77,11.3,9.9331,-84.0792
2026-08-08 04:00:00,4,5,San Jose Centro,20.6,79,11.4,9.9331,-84.0792
2026-08-08 05:00:00,5,5,San Jose Centro,20.5,78,12.5,9.9331,-84.0792
2026-08-08 06:00:00,6,5,San Jose Centro,20.4,74,11.9,9.9331,-84.0792
2026-08-08 07:00:00,7,5,San Jose Centro,20.2,77,11.4,9.9331,-84.0792
2026-08-08 08:00:00,8,5,San Jose Centro,19.9,78,11.6,9.9331,-84.0792
2026-08-08 09:00:00,9,5,San Jose Centro,19.8,79,11.8,9.9331,-84.0792
2026-08-08 10:00:00,10,5,San Jose Centro,20.0,80,12.9,9.9331,-84.0792
2026-08-08 11:00:00,11,5,San Jose Centro,19.9,82,13.3,9.9331,-84.0792
2026-08-08 12:00:00,12,5,San Jose Centro,20.2,81,12.5,9.9331,-84.0792
2026-08-08 13:00:00,13,5,San Jose Centro,20.8,78,11.9,9.9331,-84.0792
2026-08-08 14:00:00,14,5,San Jose Centro,22.3,70,11.2,9.9331,-84.0792
2026-08-08 15:00:00,15,5,San Jose Centro,23.8,66,11.4,9.9331,-84.0792
2026-08-08 16:00:00,16,5,San Jose Centro,25.3,59,12.4,9.9331,-84.0792
2026-08-08 17:00:00,17,5,San Jose Centro,26.0,58,12.4,9.9331,-84.0792
2026-08-08 18:00:00,18,5,San Jose Centro,27.1,53,11.2,9.9331,-84.0792
2026-08-08 19:00:00,19,5,San Jose Centro,26.0,59,10.0,9.9331,-84.0792
2026-08-08 20:00:00,20,5,San Jose Centro,25.0,63,11.1,9.9331,-84.0792
2026-08-08 21:00:00,21,5,San Jose Centro,25.0,63,11.7,9.9331,-84.0792
2026-08-08 22:00:00,22,5,San Jose Centro,24.0,67,10.7,9.9331,-84.0792
2026-08-08 23:00:00,23,5,San Jose Centro,22.8,71,9.6,9.9331,-84.0792
2026-08-09 00:00:00,0,6,San Jose Centro,22.0,76,8.3,9.9331,-84.0792
2026-08-09 01:00:00,1,6,San Jose Centro,21.0,80,8.8,9.9331,-84.0792
2026-08-09 02:00:00,2,6,San Jose Centro,20.6,80,9.0,9.9331,-84.0792
2026-08-09 03:00:00,3,6,San Jose Centro,20.5,80,9.0,9.9331,-84.0792
2026-08-09 04:00:00,4,6,San Jose Centro,20.4,80,9.7,9.9331,-84.0792
2026-08-09 05:00:00,5,6,San Jose Centro,20.2,81,11.4,9.9331,-84.0792
2026-08-09 06:00:00,6,6,San Jose Centro,20.1,80,11.8,9.9331,-84.0792
2026-08-09 07:00:00,7,6,San Jose Centro,20.1,79,12.0,9.9331,-84.0792
2026-08-09 08:00:00,8,6,San Jose Centro,20.0,79,11.8,9.9331,-84.0792
2026-08-09 09:00:00,9,6,San Jose Centro,20.1,79,12.3,9.9331,-84.0792
2026-08-09 10:00:00,10,6,San Jose Centro,20.0,80,12.6,9.9331,-84.0792
2026-08-09 11:00:00,11,6,San Jose Centro,20.0,78,14.4,9.9331,-84.0792
2026-08-09 12:00:00,12,6,San Jose Centro,19.8,77,14.1,9.9331,-84.0792
2026-08-09 13:00:00,13,6,San Jose Centro,20.4,74,14.7,9.9331,-84.0792
2026-08-09 14:00:00,14,6,San Jose Centro,21.6,67,16.2,9.9331,-84.0792
2026-08-09 15:00:00,15,6,San Jose Centro,23.4,56,16.8,9.9331,-84.0792
2026-08-09 16:00:00,16,6,San Jose Centro,24.7,48,15.6,9.9331,-84.0792
2026-08-09 17:00:00,17,6,San Jose Centro,25.6,46,13.6,9.9331,-84.0792
2026-08-09 18:00:00,18,6,San Jose Centro,26.0,49,13.5,9.9331,-84.0792
2026-08-09 19:00:00,19,6,San Jose Centro,26.5,48,13.3,9.9331,-84.0792
2026-08-09 20:00:00,20,6,San Jose Centro,25.6,53,12.4,9.9331,-84.0792
2026-08-09 21:00:00,21,6,San Jose Centro,24.8,58,11.3,9.9331,-84.0792
2026-08-09 22:00:00,22,6,San Jose Centro,23.5,65,10.6,9.9331,-84.0792
2026-08-09 23:00:00,23,6,San Jose Centro,22.3,71,9.6,9.9331,-84.0792
2026-08-10 00:00:00,0,0,San Jose Centro,21.6,73,7.6,9.9331,-84.0792
2026-08-10 01:00:00,1,0,San Jose Centro,20.9,75,8.3,9.9331,-84.0792
2026-08-10 02:00:00,2,0,San Jose Centro,20.8,76,10.9,9.9331,-84.0792
2026-08-10 03:00:00,3,0,San Jose Centro,20.6,75,13.8,9.9331,-84.0792
2026-08-10 04:00:00,4,0,San Jose Centro,20.3,77,14.4,9.9331,-84.0792
2026-08-10 05:00:00,5,0,San Jose Centro,20.2,78,14.2,9.9331,-84.0792
2026-08-10 06:00:00,6,0,San Jose Centro,20.4,77,14.7,9.9331,-84.0792
2026-08-10 07:00:00,7,0,San Jose Centro,20.1,78,14.0,9.9331,-84.0792
2026-08-10 08:00:00,8,0,San Jose Centro,19.7,80,13.9,9.9331,-84.0792
2026-08-10 09:00:00,9,0,San Jose Centro,19.6,80,14.4,9.9331,-84.0792
2026-08-10 10:00:00,10,0,San Jose Centro,20.0,80,13.6,9.9331,-84.0792
2026-08-10 11:00:00,11,0,San Jose Centro,20.1,80,13.3,9.9331,-84.0792
2026-08-10 12:00:00,12,0,San Jose Centro,20.4,80,12.3,9.9331,-84.0792
2026-08-10 13:00:00,13,0,San Jose Centro,21.3,76,11.9,9.9331,-84.0792
2026-08-10 14:00:00,14,0,San Jose Centro,23.0,71,13.6,9.9331,-84.0792
2026-08-10 15:00:00,15,0,San Jose Centro,25.0,64,13.0,9.9331,-84.0792
2026-08-10 16:00:00,16,0,San Jose Centro,25.5,63,12.5,9.9331,-84.0792
2026-08-10 17:00:00,17,0,San Jose Centro,26.0,60,10.1,9.9331,-84.0792
2026-08-10 18:00:00,18,0,San Jose Centro,26.5,59,13.5,9.9331,-84.0792
2026-08-10 19:00:00,19,0,San Jose Centro,26.0,60,13.0,9.9331,-84.0792
2026-08-10 20:00:00,20,0,San Jose Centro,26.3,59,11.9,9.9331,-84.0792
2026-08-10 21:00:00,21,0,San Jose Centro,26.0,59,10.6,9.9331,-84.0792
2026-08-10 22:00:00,22,0,San Jose Centro,24.6,64,9.7,9.9331,-84.0792
2026-08-10 23:00:00,23,0,San Jose Centro,23.1,71,10.3,9.9331,-84.0792
2026-08-11 00:00:00,0,1,San Jose Centro,22.5,72,9.9,9.9331,-84.0792
2026-08-11 01:00:00,1,1,San Jose Centro,21.8,76,9.4,9.9331,-84.0792
2026-08-11 02:00:00,2,1,San Jose Centro,21.6,76,9.6,9.9331,-84.0792
2026-08-11 03:00:00,3,1,San Jose Centro,21.5,77,11.2,9.9331,-84.0792
2026-08-11 04:00:00,4,1,San Jose Centro,21.3,78,12.1,9.9331,-84.0792
2026-08-11 05:00:00,5,1,San Jose Centro,21.2,78,13.9,9.9331,-84.0792
2026-08-11 06:00:00,6,1,San Jose Centro,20.7,79,11.8,9.9331,-84.0792
2026-08-11 07:00:00,7,1,San Jose Centro,20.5,80,10.8,9.9331,-84.0792
2026-08-11 08:00:00,8,1,San Jose Centro,20.4,80,10.3,9.9331,-84.0792
2026-08-11 09:00:00,9,1,San Jose Centro,20.1,81,11.0,9.9331,-84.0792
2026-08-11 10:00:00,10,1,San Jose Centro,20.2,81,10.6,9.9331,-84.0792
2026-08-11 11:00:00,11,1,San Jose Centro,20.2,79,11.2,9.9331,-84.0792
2026-08-11 12:00:00,12,1,San Jose Centro,20.7,80,9.2,9.9331,-84.0792
2026-08-11 13:00:00,13,1,San Jose Centro,21.7,75,9.2,9.9331,-84.0792
2026-08-11 14:00:00,14,1,San Jose Centro,23.9,63,9.4,9.9331,-84.0792
2026-08-11 15:00:00,15,1,San Jose Centro,25.9,56,7.4,9.9331,-84.0792
2026-08-11 16:00:00,16,1,San Jose Centro,27.0,53,6.7,9.9331,-84.0792
2026-08-11 17:00:00,17,1,San Jose Centro,27.7,51,7.6,9.9331,-84.0792
2026-08-11 18:00:00,18,1,San Jose Centro,28.1,50,9.0,9.9331,-84.0792
2026-08-11 19:00:00,19,1,San Jose Centro,27.3,54,11.0,9.9331,-84.0792
2026-08-11 20:00:00,20,1,San Jose Centro,26.7,58,12.5,9.9331,-84.0792
2026-08-11 21:00:00,21,1,San Jose Centro,26.2,59,11.2,9.9331,-84.0792
2026-08-11 22:00:00,22,1,San Jose Centro,25.4,63,9.9,9.9331,-84.0792
2026-08-11 23:00:00,23,1,San Jose Centro,24.3,67,9.5,9.9331,-84.0792
2026-08-12 00:00:00,0,2,San Jose Centro,22.9,74,9.5,9.9331,-84.0792
2026-08-12 01:00:00,1,2,San Jose Centro,21.8,79,9.9,9.9331,-84.0792
2026-08-12 02:00:00,2,2,San Jose Centro,21.4,79,10.4,9.9331,-84.0792
2026-08-12 03:00:00,3,2,San Jose Centro,21.3,77,10.6,9.9331,-84.0792
2026-08-12 04:00:00,4,2,San Jose Centro,20.7,77,11.0,9.9331,-84.0792
2026-08-12 05:00:00,5,2,San Jose Centro,20.6,76,11.0,9.9331,-84.0792
2026-08-12 06:00:00,6,2,San Jose Centro,20.5,73,11.2,9.9331,-84.0792
2026-08-12 07:00:00,7,2,San Jose Centro,19.7,74,12.1,9.9331,-84.0792
2026-08-12 08:00:00,8,2,San Jose Centro,19.3,75,11.0,9.9331,-84.0792
2026-08-12 09:00:00,9,2,San Jose Centro,19.5,75,9.9,9.9331,-84.0792
2026-08-12 10:00:00,10,2,San Jose Centro,19.4,76,10.1,9.9331,-84.0792
2026-08-12 11:00:00,11,2,San Jose Centro,19.3,77,10.9,9.9331,-84.0792
2026-08-12 12:00:00,12,2,San Jose Centro,19.5,78,10.3,9.9331,-84.0792
2026-08-12 13:00:00,13,2,San Jose Centro,22.0,69,10.7,9.9331,-84.0792
2026-08-12 14:00:00,14,2,San Jose Centro,24.5,62,14.4,9.9331,-84.0792
2026-08-12 15:00:00,15,2,San Jose Centro,25.9,55,15.9,9.9331,-84.0792
2026-08-12 16:00:00,16,2,San Jose Centro,27.2,51,14.1,9.9331,-84.0792
2026-08-12 17:00:00,17,2,San Jose Centro,27.3,50,12.7,9.9331,-84.0792
2026-08-12 18:00:00,18,2,San Jose Centro,27.9,47,13.3,9.9331,-84.0792
2026-08-12 19:00:00,19,2,San Jose Centro,26.6,53,10.5,9.9331,-84.0792
2026-08-12 20:00:00,20,2,San Jose Centro,26.4,56,9.5,9.9331,-84.0792
2026-08-12 21:00:00,21,2,San Jose Centro,25.4,60,11.0,9.9331,-84.0792
2026-08-12 22:00:00,22,2,San Jose Centro,24.5,63,10.5,9.9331,-84.0792
2026-08-12 23:00:00,23,2,San Jose Centro,23.7,67,9.2,9.9331,-84.0792
2026-08-13 00:00:00,0,3,San Jose Centro,22.6,72,9.3,9.9331,-84.0792
2026-08-13 01:00:00,1,3,San Jose Centro,21.6,76,8.6,9.9331,-84.0792
2026-08-13 02:00:00,2,3,San Jose Centro,21.4,76,8.5,9.9331,-84.0792
2026-08-13 03:00:00,3,3,San Jose Centro,21.0,76,9.4,9.9331,-84.0792
2026-08-13 04:00:00,4,3,San Jose Centro,21.1,75,9.1,9.9331,-84.0792
2026-08-13 05:00:00,5,3,San Jose Centro,21.1,74,9.9,9.9331,-84.0792
2026-08-13 06:00:00,6,3,San Jose Centro,20.6,74,10.8,9.9331,-84.0792
2026-08-13 07:00:00,7,3,San Jose Centro,20.1,76,10.5,9.9331,-84.0792
2026-08-13 08:00:00,8,3,San Jose Centro,19.4,79,10.3,9.9331,-84.0792
2026-08-13 09:00:00,9,3,San Jose Centro,19.6,78,10.8,9.9331,-84.0792
2026-08-13 10:00:00,10,3,San Jose Centro,20.1,76,11.0,9.9331,-84.0792
2026-08-13 11:00:00,11,3,San Jose Centro,20.2,75,10.4,9.9331,-84.0792
2026-08-13 12:00:00,12,3,San Jose Centro,20.2,77,9.7,9.9331,-84.0792
2026-08-13 13:00:00,13,3,San Jose Centro,21.4,72,10.1,9.9331,-84.0792
2026-08-13 14:00:00,14,3,San Jose Centro,23.5,66,10.5,9.9331,-84.0792
2026-08-13 15:00:00,15,3,San Jose Centro,25.6,57,9.6,9.9331,-84.0792
2026-08-13 16:00:00,16,3,San Jose Centro,26.8,52,8.4,9.9331,-84.0792
2026-08-13 17:00:00,17,3,San Jose Centro,27.5,50,10.4,9.9331,-84.0792
2026-08-13 18:00:00,18,3,San Jose Centro,28.8,46,9.7,9.9331,-84.0792
2026-08-13 19:00:00,19,3,San Jose Centro,26.6,56,8.3,9.9331,-84.0792
2026-08-13 20:00:00,20,3,San Jose Centro,26.6,55,8.8,9.9331,-84.0792
2026-08-13 21:00:00,21,3,San Jose Centro,25.4,59,9.2,9.9331,-84.0792
2026-08-13 22:00:00,22,3,San Jose Centro,25.1,63,9.7,9.9331,-84.0792
2026-08-13 23:00:00,23,3,San Jose Centro,23.7,69,10.0,9.9331,-84.0792
2026-08-14 00:00:00,0,4,San Jose Centro,22.7,73,9.8,9.9331,-84.0792
2026-08-14 01:00:00,1,4,San Jose Centro,21.6,77,10.3,9.9331,-84.0792
2026-08-14 02:00:00,2,4,San Jose Centro,21.0,79,10.1,9.9331,-84.0792
2026-08-14 03:00:00,3,4,San Jose Centro,20.6,78,11.2,9.9331,-84.0792
2026-08-14 04:00:00,4,4,San Jose Centro,20.7,78,11.4,9.9331,-84.0792
2026-08-14 05:00:00,5,4,San Jose Centro,20.6,77,12.2,9.9331,-84.0792
2026-08-14 06:00:00,6,4,San Jose Centro,20.3,79,10.7,9.9331,-84.0792
2026-08-14 07:00:00,7,4,San Jose Centro,19.7,81,9.9,9.9331,-84.0792
2026-08-14 08:00:00,8,4,San Jose Centro,19.2,83,8.9,9.9331,-84.0792
2026-08-14 09:00:00,9,4,San Jose Centro,19.4,80,9.0,9.9331,-84.0792
2026-08-14 10:00:00,10,4,San Jose Centro,19.7,78,9.3,9.9331,-84.0792
2026-08-14 11:00:00,11,4,San Jose Centro,19.9,78,10.0,9.9331,-84.0792
2026-08-14 12:00:00,12,4,San Jose Centro,20.3,79,8.8,9.9331,-84.0792
2026-08-14 13:00:00,13,4,San Jose Centro,21.3,76,10.4,9.9331,-84.0792
2026-08-14 14:00:00,14,4,San Jose Centro,23.6,68,9.2,9.9331,-84.0792
2026-08-14 15:00:00,15,4,San Jose Centro,25.4,60,11.1,9.9331,-84.0792
2026-08-14 16:00:00,16,4,San Jose Centro,26.0,58,12.0,9.9331,-84.0792
2026-08-14 17:00:00,17,4,San Jose Centro,25.9,58,10.9,9.9331,-84.0792
2026-08-14 18:00:00,18,4,San Jose Centro,26.8,55,9.8,9.9331,-84.0792
2026-08-14 19:00:00,19,4,San Jose Centro,26.3,57,10.2,9.9331,-84.0792
2026-08-14 20:00:00,20,4,San Jose Centro,26.0,58,12.0,9.9331,-84.0792
2026-08-14 21:00:00,21,4,San Jose Centro,25.7,59,10.8,9.9331,-84.0792
2026-08-14 22:00:00,22,4,San Jose Centro,24.7,62,10.4,9.9331,-84.0792
2026-08-14 23:00:00,23,4,San Jose Centro,23.3,68,9.7,9.9331,-84.0792
